istat;name;cadastral;province;province_abbr;region;nuts3
001001;Agliè;A074;Torino;TO;Piemonte;ITC11
001002;Airasca;A109;Torino;TO;Piemonte;ITC11
001003;Ala di Stura;A117;Torino;TO;Piemonte;ITC11
001004;Albiano d'Ivrea;A157;Torino;TO;Piemonte;ITC11
001006;Almese;A218;Torino;TO;Piemonte;ITC11
001007;Alpette;A221;Torino;TO;Piemonte;ITC11
001008;Alpignano;A222;Torino;TO;Piemonte;ITC11
001009;Andezeno;A275;Torino;TO;Piemonte;ITC11
001010;Andrate;A282;Torino;TO;Piemonte;ITC11
001011;Angrogna;A295;Torino;TO;Piemonte;ITC11
001012;Arignano;A405;Torino;TO;Piemonte;ITC11
001013;Avigliana;A518;Torino;TO;Piemonte;ITC11
001014;Azeglio;A525;Torino;TO;Piemonte;ITC11
001015;Bairo;A584;Torino;TO;Piemonte;ITC11
001016;Balangero;A587;Torino;TO;Piemonte;ITC11
001017;Baldissero Canavese;A590;Torino;TO;Piemonte;ITC11
001018;Baldissero Torinese;A591;Torino;TO;Piemonte;ITC11
001019;Balme;A599;Torino;TO;Piemonte;ITC11
001020;Banchette;A607;Torino;TO;Piemonte;ITC11
001021;Barbania;A625;Torino;TO;Piemonte;ITC11
001022;Bardonecchia;A651;Torino;TO;Piemonte;ITC11
001023;Barone Canavese;A673;Torino;TO;Piemonte;ITC11
001024;Beinasco;A734;Torino;TO;Piemonte;ITC11
001025;Bibiana;A853;Torino;TO;Piemonte;ITC11
001026;Bobbio Pellice;A910;Torino;TO;Piemonte;ITC11
001027;Bollengo;A941;Torino;TO;Piemonte;ITC11
001028;Borgaro Torinese;A990;Torino;TO;Piemonte;ITC11
001029;Borgiallo;B003;Torino;TO;Piemonte;ITC11
001030;Borgofranco d'Ivrea;B015;Torino;TO;Piemonte;ITC11
001031;Borgomasino;B021;Torino;TO;Piemonte;ITC11
001032;Borgone Susa;B024;Torino;TO;Piemonte;ITC11
001033;Bosconero;B075;Torino;TO;Piemonte;ITC11
001034;Brandizzo;B121;Torino;TO;Piemonte;ITC11
001035;Bricherasio;B171;Torino;TO;Piemonte;ITC11
001036;Brosso;B205;Torino;TO;Piemonte;ITC11
001037;Brozolo;B209;Torino;TO;Piemonte;ITC11
001038;Bruino;B216;Torino;TO;Piemonte;ITC11
001039;Brusasco;B225;Torino;TO;Piemonte;ITC11
001040;Bruzolo;B232;Torino;TO;Piemonte;ITC11
001041;Buriasco;B278;Torino;TO;Piemonte;ITC11
001042;Burolo;B279;Torino;TO;Piemonte;ITC11
001043;Busano;B284;Torino;TO;Piemonte;ITC11
001044;Bussoleno;B297;Torino;TO;Piemonte;ITC11
001045;Buttigliera Alta;B305;Torino;TO;Piemonte;ITC11
001046;Cafasse;B350;Torino;TO;Piemonte;ITC11
001047;Caluso;B435;Torino;TO;Piemonte;ITC11
001048;Cambiano;B462;Torino;TO;Piemonte;ITC11
001049;Campiglione Fenile;B512;Torino;TO;Piemonte;ITC11
001050;Candia Canavese;B588;Torino;TO;Piemonte;ITC11
001051;Candiolo;B592;Torino;TO;Piemonte;ITC11
001052;Canischio;B605;Torino;TO;Piemonte;ITC11
001053;Cantalupa;B628;Torino;TO;Piemonte;ITC11
001054;Cantoira;B637;Torino;TO;Piemonte;ITC11
001055;Caprie;B705;Torino;TO;Piemonte;ITC11
001056;Caravino;B733;Torino;TO;Piemonte;ITC11
001057;Carema;B762;Torino;TO;Piemonte;ITC11
001058;Carignano;B777;Torino;TO;Piemonte;ITC11
001059;Carmagnola;B791;Torino;TO;Piemonte;ITC11
001060;Casalborgone;B867;Torino;TO;Piemonte;ITC11
001061;Cascinette d'Ivrea;B953;Torino;TO;Piemonte;ITC11
001062;Caselette;B955;Torino;TO;Piemonte;ITC11
001063;Caselle Torinese;B960;Torino;TO;Piemonte;ITC11
001064;Castagneto Po;C045;Torino;TO;Piemonte;ITC11
001065;Castagnole Piemonte;C048;Torino;TO;Piemonte;ITC11
001066;Castellamonte;C133;Torino;TO;Piemonte;ITC11
001067;Castelnuovo Nigra;C241;Torino;TO;Piemonte;ITC11
001068;Castiglione Torinese;C307;Torino;TO;Piemonte;ITC11
001069;Cavagnolo;C369;Torino;TO;Piemonte;ITC11
001070;Cavour;C404;Torino;TO;Piemonte;ITC11
001071;Cercenasco;C487;Torino;TO;Piemonte;ITC11
001072;Ceres;C497;Torino;TO;Piemonte;ITC11
001073;Ceresole Reale;C505;Torino;TO;Piemonte;ITC11
001074;Cesana Torinese;C564;Torino;TO;Piemonte;ITC11
001075;Chialamberto;C604;Torino;TO;Piemonte;ITC11
001076;Chianocco;C610;Torino;TO;Piemonte;ITC11
001077;Chiaverano;C624;Torino;TO;Piemonte;ITC11
001078;Chieri;C627;Torino;TO;Piemonte;ITC11
001079;Chiesanuova;C629;Torino;TO;Piemonte;ITC11
001080;Chiomonte;C639;Torino;TO;Piemonte;ITC11
001081;Chiusa di San Michele;C655;Torino;TO;Piemonte;ITC11
001082;Chivasso;C665;Torino;TO;Piemonte;ITC11
001083;Ciconio;C679;Torino;TO;Piemonte;ITC11
001084;Cintano;C711;Torino;TO;Piemonte;ITC11
001085;Cinzano;C715;Torino;TO;Piemonte;ITC11
001086;Ciriè;C722;Torino;TO;Piemonte;ITC11
001087;Claviere;C793;Torino;TO;Piemonte;ITC11
001088;Coassolo Torinese;C801;Torino;TO;Piemonte;ITC11
001089;Coazze;C803;Torino;TO;Piemonte;ITC11
001090;Collegno;C860;Torino;TO;Piemonte;ITC11
001091;Colleretto Castelnuovo;C867;Torino;TO;Piemonte;ITC11
001092;Colleretto Giacosa;C868;Torino;TO;Piemonte;ITC11
001093;Condove;C955;Torino;TO;Piemonte;ITC11
001094;Corio;D008;Torino;TO;Piemonte;ITC11
001095;Cossano Canavese;D092;Torino;TO;Piemonte;ITC11
001096;Cuceglio;D197;Torino;TO;Piemonte;ITC11
001097;Cumiana;D202;Torino;TO;Piemonte;ITC11
001098;Cuorgnè;D208;Torino;TO;Piemonte;ITC11
001099;Druento;D373;Torino;TO;Piemonte;ITC11
001100;Exilles;D433;Torino;TO;Piemonte;ITC11
001101;Favria;D520;Torino;TO;Piemonte;ITC11
001102;Feletto;D524;Torino;TO;Piemonte;ITC11
001103;Fenestrelle;D532;Torino;TO;Piemonte;ITC11
001104;Fiano;D562;Torino;TO;Piemonte;ITC11
001105;Fiorano Canavese;D608;Torino;TO;Piemonte;ITC11
001106;Foglizzo;D646;Torino;TO;Piemonte;ITC11
001107;Forno Canavese;D725;Torino;TO;Piemonte;ITC11
001108;Frassinetto;D781;Torino;TO;Piemonte;ITC11
001109;Front;D805;Torino;TO;Piemonte;ITC11
001110;Frossasco;D812;Torino;TO;Piemonte;ITC11
001111;Garzigliana;D931;Torino;TO;Piemonte;ITC11
001112;Gassino Torinese;D933;Torino;TO;Piemonte;ITC11
001113;Germagnano;D983;Torino;TO;Piemonte;ITC11
001114;Giaglione;E009;Torino;TO;Piemonte;ITC11
001115;Giaveno;E020;Torino;TO;Piemonte;ITC11
001116;Givoletto;E067;Torino;TO;Piemonte;ITC11
001117;Gravere;E154;Torino;TO;Piemonte;ITC11
001118;Groscavallo;E199;Torino;TO;Piemonte;ITC11
001119;Grosso;E203;Torino;TO;Piemonte;ITC11
001120;Grugliasco;E216;Torino;TO;Piemonte;ITC11
001121;Ingria;E301;Torino;TO;Piemonte;ITC11
001122;Inverso Pinasca;E311;Torino;TO;Piemonte;ITC11
001123;Isolabella;E345;Torino;TO;Piemonte;ITC11
001124;Issiglio;E368;Torino;TO;Piemonte;ITC11
001125;Ivrea;E379;Torino;TO;Piemonte;ITC11
001126;La Cassa;E394;Torino;TO;Piemonte;ITC11
001127;La Loggia;E423;Torino;TO;Piemonte;ITC11
001128;Lanzo Torinese;E445;Torino;TO;Piemonte;ITC11
001129;Lauriano;E484;Torino;TO;Piemonte;ITC11
001130;Leini;E518;Torino;TO;Piemonte;ITC11
001131;Lemie;E520;Torino;TO;Piemonte;ITC11
001132;Lessolo;E551;Torino;TO;Piemonte;ITC11
001133;Levone;E566;Torino;TO;Piemonte;ITC11
001134;Locana;E635;Torino;TO;Piemonte;ITC11
001135;Lombardore;E660;Torino;TO;Piemonte;ITC11
001136;Lombriasco;E661;Torino;TO;Piemonte;ITC11
001137;Loranzè;E683;Torino;TO;Piemonte;ITC11
001139;Luserna San Giovanni;E758;Torino;TO;Piemonte;ITC11
001140;Lusernetta;E759;Torino;TO;Piemonte;ITC11
001141;Lusigliè;E763;Torino;TO;Piemonte;ITC11
001142;Macello;E782;Torino;TO;Piemonte;ITC11
001143;Maglione;E817;Torino;TO;Piemonte;ITC11
001144;Marentino;E941;Torino;TO;Piemonte;ITC11
001145;Massello;F041;Torino;TO;Piemonte;ITC11
001146;Mathi;F053;Torino;TO;Piemonte;ITC11
001147;Mattie;F058;Torino;TO;Piemonte;ITC11
001148;Mazzè;F067;Torino;TO;Piemonte;ITC11
001149;Meana di Susa;F074;Torino;TO;Piemonte;ITC11
001150;Mercenasco;F140;Torino;TO;Piemonte;ITC11
001152;Mezzenile;F182;Torino;TO;Piemonte;ITC11
001153;Mombello di Torino;F315;Torino;TO;Piemonte;ITC11
001154;Mompantero;F318;Torino;TO;Piemonte;ITC11
001155;Monastero di Lanzo;F327;Torino;TO;Piemonte;ITC11
001156;Moncalieri;F335;Torino;TO;Piemonte;ITC11
001157;Moncenisio;D553;Torino;TO;Piemonte;ITC11
001158;Montaldo Torinese;F407;Torino;TO;Piemonte;ITC11
001159;Montalenghe;F411;Torino;TO;Piemonte;ITC11
001160;Montalto Dora;F420;Torino;TO;Piemonte;ITC11
001161;Montanaro;F422;Torino;TO;Piemonte;ITC11
001162;Monteu da Po;F651;Torino;TO;Piemonte;ITC11
001163;Moriondo Torinese;F733;Torino;TO;Piemonte;ITC11
001164;Nichelino;F889;Torino;TO;Piemonte;ITC11
001165;Noasca;F906;Torino;TO;Piemonte;ITC11
001166;Nole;F925;Torino;TO;Piemonte;ITC11
001167;Nomaglio;F927;Torino;TO;Piemonte;ITC11
001168;None;F931;Torino;TO;Piemonte;ITC11
001169;Novalesa;F948;Torino;TO;Piemonte;ITC11
001170;Oglianico;G010;Torino;TO;Piemonte;ITC11
001171;Orbassano;G087;Torino;TO;Piemonte;ITC11
001172;Orio Canavese;G109;Torino;TO;Piemonte;ITC11
001173;Osasco;G151;Torino;TO;Piemonte;ITC11
001174;Osasio;G152;Torino;TO;Piemonte;ITC11
001175;Oulx;G196;Torino;TO;Piemonte;ITC11
001176;Ozegna;G202;Torino;TO;Piemonte;ITC11
001177;Palazzo Canavese;G262;Torino;TO;Piemonte;ITC11
001178;Pancalieri;G303;Torino;TO;Piemonte;ITC11
001179;Parella;G330;Torino;TO;Piemonte;ITC11
001180;Pavarolo;G387;Torino;TO;Piemonte;ITC11
001181;Pavone Canavese;G392;Torino;TO;Piemonte;ITC11
001183;Pecetto Torinese;G398;Torino;TO;Piemonte;ITC11
001184;Perosa Argentina;G463;Torino;TO;Piemonte;ITC11
001185;Perosa Canavese;G462;Torino;TO;Piemonte;ITC11
001186;Perrero;G465;Torino;TO;Piemonte;ITC11
001187;Pertusio;G477;Torino;TO;Piemonte;ITC11
001188;Pessinetto;G505;Torino;TO;Piemonte;ITC11
001189;Pianezza;G559;Torino;TO;Piemonte;ITC11
001190;Pinasca;G672;Torino;TO;Piemonte;ITC11
001191;Pinerolo;G674;Torino;TO;Piemonte;ITC11
001192;Pino Torinese;G678;Torino;TO;Piemonte;ITC11
001193;Piobesi Torinese;G684;Torino;TO;Piemonte;ITC11
001194;Piossasco;G691;Torino;TO;Piemonte;ITC11
001195;Piscina;G705;Torino;TO;Piemonte;ITC11
001196;Piverone;G719;Torino;TO;Piemonte;ITC11
001197;Poirino;G777;Torino;TO;Piemonte;ITC11
001198;Pomaretto;G805;Torino;TO;Piemonte;ITC11
001199;Pont Canavese;G826;Torino;TO;Piemonte;ITC11
001200;Porte;G900;Torino;TO;Piemonte;ITC11
001201;Pragelato;G973;Torino;TO;Piemonte;ITC11
001202;Prali;G978;Torino;TO;Piemonte;ITC11
001203;Pralormo;G979;Torino;TO;Piemonte;ITC11
001204;Pramollo;G982;Torino;TO;Piemonte;ITC11
001205;Prarostino;G986;Torino;TO;Piemonte;ITC11
001206;Prascorsano;G988;Torino;TO;Piemonte;ITC11
001207;Pratiglione;G997;Torino;TO;Piemonte;ITC11
001208;Quagliuzzo;H100;Torino;TO;Piemonte;ITC11
001209;Quassolo;H120;Torino;TO;Piemonte;ITC11
001210;Quincinetto;H127;Torino;TO;Piemonte;ITC11
001211;Reano;H207;Torino;TO;Piemonte;ITC11
001212;Ribordone;H270;Torino;TO;Piemonte;ITC11
001213;Rivalba;H333;Torino;TO;Piemonte;ITC11
001214;Rivalta di Torino;H335;Torino;TO;Piemonte;ITC11
001215;Riva presso Chieri;H337;Torino;TO;Piemonte;ITC11
001216;Rivara;H338;Torino;TO;Piemonte;ITC11
001217;Rivarolo Canavese;H340;Torino;TO;Piemonte;ITC11
001218;Rivarossa;H344;Torino;TO;Piemonte;ITC11
001219;Rivoli;H355;Torino;TO;Piemonte;ITC11
001220;Robassomero;H367;Torino;TO;Piemonte;ITC11
001221;Rocca Canavese;H386;Torino;TO;Piemonte;ITC11
001222;Roletto;H498;Torino;TO;Piemonte;ITC11
001223;Romano Canavese;H511;Torino;TO;Piemonte;ITC11
001224;Ronco Canavese;H539;Torino;TO;Piemonte;ITC11
001225;Rondissone;H547;Torino;TO;Piemonte;ITC11
001226;Rorà;H554;Torino;TO;Piemonte;ITC11
001227;Roure;H555;Torino;TO;Piemonte;ITC11
001228;Rosta;H583;Torino;TO;Piemonte;ITC11
001229;Rubiana;H627;Torino;TO;Piemonte;ITC11
001230;Rueglio;H631;Torino;TO;Piemonte;ITC11
001231;Salassa;H691;Torino;TO;Piemonte;ITC11
001232;Salbertrand;H684;Torino;TO;Piemonte;ITC11
001233;Salerano Canavese;H702;Torino;TO;Piemonte;ITC11
001234;Salza di Pinerolo;H734;Torino;TO;Piemonte;ITC11
001235;Samone;H753;Torino;TO;Piemonte;ITC11
001236;San Benigno Canavese;H775;Torino;TO;Piemonte;ITC11
001237;San Carlo Canavese;H789;Torino;TO;Piemonte;ITC11
001238;San Colombano Belmonte;H804;Torino;TO;Piemonte;ITC11
001239;San Didero;H820;Torino;TO;Piemonte;ITC11
001240;San Francesco al Campo;H847;Torino;TO;Piemonte;ITC11
001241;Sangano;H855;Torino;TO;Piemonte;ITC11
001242;San Germano Chisone;H862;Torino;TO;Piemonte;ITC11
001243;San Gillio;H873;Torino;TO;Piemonte;ITC11
001244;San Giorgio Canavese;H890;Torino;TO;Piemonte;ITC11
001245;San Giorio di Susa;H900;Torino;TO;Piemonte;ITC11
001246;San Giusto Canavese;H936;Torino;TO;Piemonte;ITC11
001247;San Martino Canavese;H997;Torino;TO;Piemonte;ITC11
001248;San Maurizio Canavese;I024;Torino;TO;Piemonte;ITC11
001249;San Mauro Torinese;I030;Torino;TO;Piemonte;ITC11
001250;San Pietro Val Lemina;I090;Torino;TO;Piemonte;ITC11
001251;San Ponso;I126;Torino;TO;Piemonte;ITC11
001252;San Raffaele Cimena;I137;Torino;TO;Piemonte;ITC11
001253;San Sebastiano da Po;I152;Torino;TO;Piemonte;ITC11
001254;San Secondo di Pinerolo;I154;Torino;TO;Piemonte;ITC11
001255;Sant'Ambrogio di Torino;I258;Torino;TO;Piemonte;ITC11
001256;Sant'Antonino di Susa;I296;Torino;TO;Piemonte;ITC11
001257;Santena;I327;Torino;TO;Piemonte;ITC11
001258;Sauze di Cesana;I465;Torino;TO;Piemonte;ITC11
001259;Sauze d'Oulx;I466;Torino;TO;Piemonte;ITC11
001260;Scalenghe;I490;Torino;TO;Piemonte;ITC11
001261;Scarmagno;I511;Torino;TO;Piemonte;ITC11
001262;Sciolze;I539;Torino;TO;Piemonte;ITC11
001263;Sestriere;I692;Torino;TO;Piemonte;ITC11
001264;Settimo Rottaro;I701;Torino;TO;Piemonte;ITC11
001265;Settimo Torinese;I703;Torino;TO;Piemonte;ITC11
001266;Settimo Vittone;I702;Torino;TO;Piemonte;ITC11
001267;Sparone;I886;Torino;TO;Piemonte;ITC11
001268;Strambinello;I969;Torino;TO;Piemonte;ITC11
001269;Strambino;I970;Torino;TO;Piemonte;ITC11
001270;Susa;L013;Torino;TO;Piemonte;ITC11
001271;Tavagnasco;L066;Torino;TO;Piemonte;ITC11
001272;Torino;L219;Torino;TO;Piemonte;ITC11
001273;Torrazza Piemonte;L238;Torino;TO;Piemonte;ITC11
001274;Torre Canavese;L247;Torino;TO;Piemonte;ITC11
001275;Torre Pellice;L277;Torino;TO;Piemonte;ITC11
001276;Trana;L327;Torino;TO;Piemonte;ITC11
001278;Traversella;L345;Torino;TO;Piemonte;ITC11
001279;Traves;L340;Torino;TO;Piemonte;ITC11
001280;Trofarello;L445;Torino;TO;Piemonte;ITC11
001281;Usseaux;L515;Torino;TO;Piemonte;ITC11
001282;Usseglio;L516;Torino;TO;Piemonte;ITC11
001283;Vaie;L538;Torino;TO;Piemonte;ITC11
001284;Val della Torre;L555;Torino;TO;Piemonte;ITC11
001285;Valgioie;L578;Torino;TO;Piemonte;ITC11
001286;Vallo Torinese;L629;Torino;TO;Piemonte;ITC11
001287;Valperga;L644;Torino;TO;Piemonte;ITC11
001288;Valprato Soana;B510;Torino;TO;Piemonte;ITC11
001289;Varisella;L685;Torino;TO;Piemonte;ITC11
001290;Vauda Canavese;L698;Torino;TO;Piemonte;ITC11
001291;Venaus;L726;Torino;TO;Piemonte;ITC11
001292;Venaria Reale;L727;Torino;TO;Piemonte;ITC11
001293;Verolengo;L779;Torino;TO;Piemonte;ITC11
001294;Verrua Savoia;L787;Torino;TO;Piemonte;ITC11
001295;Vestignè;L811;Torino;TO;Piemonte;ITC11
001296;Vialfrè;L830;Torino;TO;Piemonte;ITC11
001298;Vidracco;L857;Torino;TO;Piemonte;ITC11
001299;Vigone;L898;Torino;TO;Piemonte;ITC11
001300;Villafranca Piemonte;L948;Torino;TO;Piemonte;ITC11
001301;Villanova Canavese;L982;Torino;TO;Piemonte;ITC11
001302;Villarbasse;M002;Torino;TO;Piemonte;ITC11
001303;Villar Dora;L999;Torino;TO;Piemonte;ITC11
001304;Villareggia;M004;Torino;TO;Piemonte;ITC11
001305;Villar Focchiardo;M007;Torino;TO;Piemonte;ITC11
001306;Villar Pellice;M013;Torino;TO;Piemonte;ITC11
001307;Villar Perosa;M014;Torino;TO;Piemonte;ITC11
001308;Villastellone;M027;Torino;TO;Piemonte;ITC11
001309;Vinovo;M060;Torino;TO;Piemonte;ITC11
001310;Virle Piemonte;M069;Torino;TO;Piemonte;ITC11
001311;Vische;M071;Torino;TO;Piemonte;ITC11
001312;Vistrorio;M080;Torino;TO;Piemonte;ITC11
001313;Viù;M094;Torino;TO;Piemonte;ITC11
001314;Volpiano;M122;Torino;TO;Piemonte;ITC11
001315;Volvera;M133;Torino;TO;Piemonte;ITC11
001316;Mappano;M316;Torino;TO;Piemonte;ITC11
001317;Val di Chy;M405;Torino;TO;Piemonte;ITC11
001318;Valchiusa;M415;Torino;TO;Piemonte;ITC11
002002;Alagna Valsesia;A119;Vercelli;VC;Piemonte;ITC12
002003;Albano Vercellese;A130;Vercelli;VC;Piemonte;ITC12
002004;Alice Castello;A198;Vercelli;VC;Piemonte;ITC12
002006;Arborio;A358;Vercelli;VC;Piemonte;ITC12
002007;Asigliano Vercellese;A466;Vercelli;VC;Piemonte;ITC12
002008;Balmuccia;A600;Vercelli;VC;Piemonte;ITC12
002009;Balocco;A601;Vercelli;VC;Piemonte;ITC12
002011;Bianzè;A847;Vercelli;VC;Piemonte;ITC12
002014;Boccioleto;A914;Vercelli;VC;Piemonte;ITC12
002015;Borgo d'Ale;B009;Vercelli;VC;Piemonte;ITC12
002016;Borgosesia;B041;Vercelli;VC;Piemonte;ITC12
002017;Borgo Vercelli;B046;Vercelli;VC;Piemonte;ITC12
002021;Buronzo;B280;Vercelli;VC;Piemonte;ITC12
002025;Campertogno;B505;Vercelli;VC;Piemonte;ITC12
002029;Carcoforo;B752;Vercelli;VC;Piemonte;ITC12
002030;Caresana;B767;Vercelli;VC;Piemonte;ITC12
002031;Caresanablot;B768;Vercelli;VC;Piemonte;ITC12
002032;Carisio;B782;Vercelli;VC;Piemonte;ITC12
002033;Casanova Elvo;B928;Vercelli;VC;Piemonte;ITC12
002035;San Giacomo Vercellese;B952;Vercelli;VC;Piemonte;ITC12
002041;Cervatto;C548;Vercelli;VC;Piemonte;ITC12
002042;Cigliano;C680;Vercelli;VC;Piemonte;ITC12
002043;Civiasco;C757;Vercelli;VC;Piemonte;ITC12
002045;Collobiano;C884;Vercelli;VC;Piemonte;ITC12
002047;Costanzana;D113;Vercelli;VC;Piemonte;ITC12
002048;Cravagliana;D132;Vercelli;VC;Piemonte;ITC12
002049;Crescentino;D154;Vercelli;VC;Piemonte;ITC12
002052;Crova;D187;Vercelli;VC;Piemonte;ITC12
002054;Desana;D281;Vercelli;VC;Piemonte;ITC12
002057;Fobello;D641;Vercelli;VC;Piemonte;ITC12
002058;Fontanetto Po;D676;Vercelli;VC;Piemonte;ITC12
002059;Formigliana;D712;Vercelli;VC;Piemonte;ITC12
002061;Gattinara;D938;Vercelli;VC;Piemonte;ITC12
002062;Ghislarengo;E007;Vercelli;VC;Piemonte;ITC12
002065;Greggio;E163;Vercelli;VC;Piemonte;ITC12
002066;Guardabosone;E237;Vercelli;VC;Piemonte;ITC12
002067;Lamporo;E433;Vercelli;VC;Piemonte;ITC12
002068;Lenta;E528;Vercelli;VC;Piemonte;ITC12
002070;Lignana;E583;Vercelli;VC;Piemonte;ITC12
002071;Livorno Ferraris;E626;Vercelli;VC;Piemonte;ITC12
002072;Lozzolo;E711;Vercelli;VC;Piemonte;ITC12
002078;Mollia;F297;Vercelli;VC;Piemonte;ITC12
002079;Moncrivello;F342;Vercelli;VC;Piemonte;ITC12
002082;Motta de' Conti;F774;Vercelli;VC;Piemonte;ITC12
002088;Olcenengo;G016;Vercelli;VC;Piemonte;ITC12
002089;Oldenico;G018;Vercelli;VC;Piemonte;ITC12
002090;Palazzolo Vercellese;G266;Vercelli;VC;Piemonte;ITC12
002091;Pertengo;G471;Vercelli;VC;Piemonte;ITC12
002093;Pezzana;G528;Vercelli;VC;Piemonte;ITC12
002096;Pila;G666;Vercelli;VC;Piemonte;ITC12
002097;Piode;G685;Vercelli;VC;Piemonte;ITC12
002102;Postua;G940;Vercelli;VC;Piemonte;ITC12
002104;Prarolo;G985;Vercelli;VC;Piemonte;ITC12
002107;Quarona;H108;Vercelli;VC;Piemonte;ITC12
002108;Quinto Vercellese;H132;Vercelli;VC;Piemonte;ITC12
002110;Rassa;H188;Vercelli;VC;Piemonte;ITC12
002113;Rimella;H293;Vercelli;VC;Piemonte;ITC12
002115;Rive;H346;Vercelli;VC;Piemonte;ITC12
002116;Roasio;H365;Vercelli;VC;Piemonte;ITC12
002118;Ronsecco;H549;Vercelli;VC;Piemonte;ITC12
002121;Rossa;H577;Vercelli;VC;Piemonte;ITC12
002122;Rovasenda;H364;Vercelli;VC;Piemonte;ITC12
002126;Salasco;H690;Vercelli;VC;Piemonte;ITC12
002127;Sali Vercellese;H707;Vercelli;VC;Piemonte;ITC12
002128;Saluggia;H725;Vercelli;VC;Piemonte;ITC12
002131;San Germano Vercellese;H861;Vercelli;VC;Piemonte;ITC12
002133;Santhià;I337;Vercelli;VC;Piemonte;ITC12
002134;Scopa;I544;Vercelli;VC;Piemonte;ITC12
002135;Scopello;I545;Vercelli;VC;Piemonte;ITC12
002137;Serravalle Sesia;I663;Vercelli;VC;Piemonte;ITC12
002142;Stroppiana;I984;Vercelli;VC;Piemonte;ITC12
002147;Tricerro;L420;Vercelli;VC;Piemonte;ITC12
002148;Trino;L429;Vercelli;VC;Piemonte;ITC12
002150;Tronzano Vercellese;L451;Vercelli;VC;Piemonte;ITC12
002152;Valduggia;L566;Vercelli;VC;Piemonte;ITC12
002156;Varallo;L669;Vercelli;VC;Piemonte;ITC12
002158;Vercelli;L750;Vercelli;VC;Piemonte;ITC12
002163;Villarboit;M003;Vercelli;VC;Piemonte;ITC12
002164;Villata;M028;Vercelli;VC;Piemonte;ITC12
002166;Vocca;M106;Vercelli;VC;Piemonte;ITC12
002170;Alto Sermenza;M389;Vercelli;VC;Piemonte;ITC12
002171;Cellio con Breia;M398;Vercelli;VC;Piemonte;ITC12
003001;Agrate Conturbia;A088;Novara;NO;Piemonte;ITC15
003002;Ameno;A264;Novara;NO;Piemonte;ITC15
003006;Armeno;A414;Novara;NO;Piemonte;ITC15
003008;Arona;A429;Novara;NO;Piemonte;ITC15
003012;Barengo;A653;Novara;NO;Piemonte;ITC15
003016;Bellinzago Novarese;A752;Novara;NO;Piemonte;ITC15
003018;Biandrate;A844;Novara;NO;Piemonte;ITC15
003019;Boca;A911;Novara;NO;Piemonte;ITC15
003021;Bogogno;A929;Novara;NO;Piemonte;ITC15
003022;Bolzano Novarese;A953;Novara;NO;Piemonte;ITC15
003023;Borgolavezzaro;B016;Novara;NO;Piemonte;ITC15
003024;Borgomanero;B019;Novara;NO;Piemonte;ITC15
003025;Borgo Ticino;B043;Novara;NO;Piemonte;ITC15
003026;Briga Novarese;B176;Novara;NO;Piemonte;ITC15
003027;Briona;B183;Novara;NO;Piemonte;ITC15
003030;Caltignaga;B431;Novara;NO;Piemonte;ITC15
003032;Cameri;B473;Novara;NO;Piemonte;ITC15
003036;Carpignano Sesia;B823;Novara;NO;Piemonte;ITC15
003037;Casalbeltrame;B864;Novara;NO;Piemonte;ITC15
003039;Casaleggio Novara;B883;Novara;NO;Piemonte;ITC15
003040;Casalino;B897;Novara;NO;Piemonte;ITC15
003041;Casalvolone;B920;Novara;NO;Piemonte;ITC15
003042;Castellazzo Novarese;C149;Novara;NO;Piemonte;ITC15
003043;Castelletto sopra Ticino;C166;Novara;NO;Piemonte;ITC15
003044;Cavaglietto;C364;Novara;NO;Piemonte;ITC15
003045;Cavaglio d'Agogna;C365;Novara;NO;Piemonte;ITC15
003047;Cavallirio;C378;Novara;NO;Piemonte;ITC15
003049;Cerano;C483;Novara;NO;Piemonte;ITC15
003051;Colazza;C829;Novara;NO;Piemonte;ITC15
003052;Comignago;C926;Novara;NO;Piemonte;ITC15
003055;Cressa;D162;Novara;NO;Piemonte;ITC15
003058;Cureggio;D216;Novara;NO;Piemonte;ITC15
003060;Divignano;D309;Novara;NO;Piemonte;ITC15
003062;Dormelletto;D347;Novara;NO;Piemonte;ITC15
003065;Fara Novarese;D492;Novara;NO;Piemonte;ITC15
003066;Fontaneto d'Agogna;D675;Novara;NO;Piemonte;ITC15
003068;Galliate;D872;Novara;NO;Piemonte;ITC15
003069;Garbagna Novarese;D911;Novara;NO;Piemonte;ITC15
003070;Gargallo;D921;Novara;NO;Piemonte;ITC15
003073;Ghemme;E001;Novara;NO;Piemonte;ITC15
003076;Gozzano;E120;Novara;NO;Piemonte;ITC15
003077;Granozzo con Monticello;E143;Novara;NO;Piemonte;ITC15
003079;Grignasco;E177;Novara;NO;Piemonte;ITC15
003082;Invorio;E314;Novara;NO;Piemonte;ITC15
003083;Landiona;E436;Novara;NO;Piemonte;ITC15
003084;Lesa;E544;Novara;NO;Piemonte;ITC15
003088;Maggiora;E803;Novara;NO;Piemonte;ITC15
003090;Mandello Vitta;E880;Novara;NO;Piemonte;ITC15
003091;Marano Ticino;E907;Novara;NO;Piemonte;ITC15
003093;Massino Visconti;F047;Novara;NO;Piemonte;ITC15
003095;Meina;F093;Novara;NO;Piemonte;ITC15
003097;Mezzomerico;F188;Novara;NO;Piemonte;ITC15
003098;Miasino;F191;Novara;NO;Piemonte;ITC15
003100;Momo;F317;Novara;NO;Piemonte;ITC15
003103;Nebbiuno;F859;Novara;NO;Piemonte;ITC15
003104;Nibbiola;F886;Novara;NO;Piemonte;ITC15
003106;Novara;F952;Novara;NO;Piemonte;ITC15
003108;Oleggio;G019;Novara;NO;Piemonte;ITC15
003109;Oleggio Castello;G020;Novara;NO;Piemonte;ITC15
003112;Orta San Giulio;G134;Novara;NO;Piemonte;ITC15
003114;Paruzzaro;G349;Novara;NO;Piemonte;ITC15
003115;Pella;G421;Novara;NO;Piemonte;ITC15
003116;Pettenasco;G520;Novara;NO;Piemonte;ITC15
003119;Pisano;G703;Novara;NO;Piemonte;ITC15
003120;Pogno;G775;Novara;NO;Piemonte;ITC15
003121;Pombia;G809;Novara;NO;Piemonte;ITC15
003122;Prato Sesia;H001;Novara;NO;Piemonte;ITC15
003129;Recetto;H213;Novara;NO;Piemonte;ITC15
003130;Romagnano Sesia;H502;Novara;NO;Piemonte;ITC15
003131;Romentino;H518;Novara;NO;Piemonte;ITC15
003133;San Maurizio d'Opaglio;I025;Novara;NO;Piemonte;ITC15
003134;San Nazzaro Sesia;I052;Novara;NO;Piemonte;ITC15
003135;San Pietro Mosezzo;I116;Novara;NO;Piemonte;ITC15
003138;Sillavengo;I736;Novara;NO;Piemonte;ITC15
003139;Sizzano;I767;Novara;NO;Piemonte;ITC15
003140;Soriso;I857;Novara;NO;Piemonte;ITC15
003141;Sozzago;I880;Novara;NO;Piemonte;ITC15
003143;Suno;L007;Novara;NO;Piemonte;ITC15
003144;Terdobbiate;L104;Novara;NO;Piemonte;ITC15
003146;Tornaco;L223;Novara;NO;Piemonte;ITC15
003149;Trecate;L356;Novara;NO;Piemonte;ITC15
003153;Vaprio d'Agogna;L668;Novara;NO;Piemonte;ITC15
003154;Varallo Pombia;L670;Novara;NO;Piemonte;ITC15
003158;Vespolate;L808;Novara;NO;Piemonte;ITC15
003159;Vicolungo;L847;Novara;NO;Piemonte;ITC15
003164;Vinzaglio;M062;Novara;NO;Piemonte;ITC15
003166;Gattico-Veruno;M416;Novara;NO;Piemonte;ITC15
004001;Acceglio;A016;Cuneo;CN;Piemonte;ITC16
004002;Aisone;A113;Cuneo;CN;Piemonte;ITC16
004003;Alba;A124;Cuneo;CN;Piemonte;ITC16
004004;Albaretto della Torre;A139;Cuneo;CN;Piemonte;ITC16
004005;Alto;A238;Cuneo;CN;Piemonte;ITC16
004006;Argentera;A394;Cuneo;CN;Piemonte;ITC16
004007;Arguello;A396;Cuneo;CN;Piemonte;ITC16
004008;Bagnasco;A555;Cuneo;CN;Piemonte;ITC16
004009;Bagnolo Piemonte;A571;Cuneo;CN;Piemonte;ITC16
004010;Baldissero d'Alba;A589;Cuneo;CN;Piemonte;ITC16
004011;Barbaresco;A629;Cuneo;CN;Piemonte;ITC16
004012;Barge;A660;Cuneo;CN;Piemonte;ITC16
004013;Barolo;A671;Cuneo;CN;Piemonte;ITC16
004014;Bastia Mondovì;A709;Cuneo;CN;Piemonte;ITC16
004015;Battifollo;A716;Cuneo;CN;Piemonte;ITC16
004016;Beinette;A735;Cuneo;CN;Piemonte;ITC16
004017;Bellino;A750;Cuneo;CN;Piemonte;ITC16
004018;Belvedere Langhe;A774;Cuneo;CN;Piemonte;ITC16
004019;Bene Vagienna;A779;Cuneo;CN;Piemonte;ITC16
004020;Benevello;A782;Cuneo;CN;Piemonte;ITC16
004021;Bergolo;A798;Cuneo;CN;Piemonte;ITC16
004022;Bernezzo;A805;Cuneo;CN;Piemonte;ITC16
004023;Bonvicino;A979;Cuneo;CN;Piemonte;ITC16
004024;Borgomale;B018;Cuneo;CN;Piemonte;ITC16
004025;Borgo San Dalmazzo;B033;Cuneo;CN;Piemonte;ITC16
004026;Bosia;B079;Cuneo;CN;Piemonte;ITC16
004027;Bossolasco;B084;Cuneo;CN;Piemonte;ITC16
004028;Boves;B101;Cuneo;CN;Piemonte;ITC16
004029;Bra;B111;Cuneo;CN;Piemonte;ITC16
004030;Briaglia;B167;Cuneo;CN;Piemonte;ITC16
004031;Briga Alta;B175;Cuneo;CN;Piemonte;ITC16
004032;Brondello;B200;Cuneo;CN;Piemonte;ITC16
004033;Brossasco;B204;Cuneo;CN;Piemonte;ITC16
004034;Busca;B285;Cuneo;CN;Piemonte;ITC16
004035;Camerana;B467;Cuneo;CN;Piemonte;ITC16
004037;Canale;B573;Cuneo;CN;Piemonte;ITC16
004038;Canosio;B621;Cuneo;CN;Piemonte;ITC16
004039;Caprauna;B692;Cuneo;CN;Piemonte;ITC16
004040;Caraglio;B719;Cuneo;CN;Piemonte;ITC16
004041;Caramagna Piemonte;B720;Cuneo;CN;Piemonte;ITC16
004042;Cardè;B755;Cuneo;CN;Piemonte;ITC16
004043;Carrù;B841;Cuneo;CN;Piemonte;ITC16
004044;Cartignano;B845;Cuneo;CN;Piemonte;ITC16
004045;Casalgrasso;B894;Cuneo;CN;Piemonte;ITC16
004046;Castagnito;C046;Cuneo;CN;Piemonte;ITC16
004047;Casteldelfino;C081;Cuneo;CN;Piemonte;ITC16
004049;Castelletto Stura;C165;Cuneo;CN;Piemonte;ITC16
004050;Castelletto Uzzone;C167;Cuneo;CN;Piemonte;ITC16
004051;Castellinaldo d'Alba;C173;Cuneo;CN;Piemonte;ITC16
004052;Castellino Tanaro;C176;Cuneo;CN;Piemonte;ITC16
004053;Castelmagno;C205;Cuneo;CN;Piemonte;ITC16
004054;Castelnuovo di Ceva;C214;Cuneo;CN;Piemonte;ITC16
004055;Castiglione Falletto;C314;Cuneo;CN;Piemonte;ITC16
004056;Castiglione Tinella;C317;Cuneo;CN;Piemonte;ITC16
004057;Castino;C323;Cuneo;CN;Piemonte;ITC16
004058;Cavallerleone;C375;Cuneo;CN;Piemonte;ITC16
004059;Cavallermaggiore;C376;Cuneo;CN;Piemonte;ITC16
004060;Celle di Macra;C441;Cuneo;CN;Piemonte;ITC16
004061;Centallo;C466;Cuneo;CN;Piemonte;ITC16
004062;Ceresole Alba;C504;Cuneo;CN;Piemonte;ITC16
004063;Cerretto Langhe;C530;Cuneo;CN;Piemonte;ITC16
004064;Cervasca;C547;Cuneo;CN;Piemonte;ITC16
004065;Cervere;C550;Cuneo;CN;Piemonte;ITC16
004066;Ceva;C589;Cuneo;CN;Piemonte;ITC16
004067;Cherasco;C599;Cuneo;CN;Piemonte;ITC16
004068;Chiusa di Pesio;C653;Cuneo;CN;Piemonte;ITC16
004069;Cigliè;C681;Cuneo;CN;Piemonte;ITC16
004070;Cissone;C738;Cuneo;CN;Piemonte;ITC16
004071;Clavesana;C792;Cuneo;CN;Piemonte;ITC16
004072;Corneliano d'Alba;D022;Cuneo;CN;Piemonte;ITC16
004073;Cortemilia;D062;Cuneo;CN;Piemonte;ITC16
004074;Cossano Belbo;D093;Cuneo;CN;Piemonte;ITC16
004075;Costigliole Saluzzo;D120;Cuneo;CN;Piemonte;ITC16
004076;Cravanzana;D133;Cuneo;CN;Piemonte;ITC16
004077;Crissolo;D172;Cuneo;CN;Piemonte;ITC16
004078;Cuneo;D205;Cuneo;CN;Piemonte;ITC16
004079;Demonte;D271;Cuneo;CN;Piemonte;ITC16
004080;Diano d'Alba;D291;Cuneo;CN;Piemonte;ITC16
004081;Dogliani;D314;Cuneo;CN;Piemonte;ITC16
004082;Dronero;D372;Cuneo;CN;Piemonte;ITC16
004083;Elva;D401;Cuneo;CN;Piemonte;ITC16
004084;Entracque;D410;Cuneo;CN;Piemonte;ITC16
004085;Envie;D412;Cuneo;CN;Piemonte;ITC16
004086;Farigliano;D499;Cuneo;CN;Piemonte;ITC16
004087;Faule;D511;Cuneo;CN;Piemonte;ITC16
004088;Feisoglio;D523;Cuneo;CN;Piemonte;ITC16
004089;Fossano;D742;Cuneo;CN;Piemonte;ITC16
004090;Frabosa Soprana;D751;Cuneo;CN;Piemonte;ITC16
004091;Frabosa Sottana;D752;Cuneo;CN;Piemonte;ITC16
004092;Frassino;D782;Cuneo;CN;Piemonte;ITC16
004093;Gaiola;D856;Cuneo;CN;Piemonte;ITC16
004094;Gambasca;D894;Cuneo;CN;Piemonte;ITC16
004095;Garessio;D920;Cuneo;CN;Piemonte;ITC16
004096;Genola;D967;Cuneo;CN;Piemonte;ITC16
004097;Gorzegno;E111;Cuneo;CN;Piemonte;ITC16
004098;Gottasecca;E115;Cuneo;CN;Piemonte;ITC16
004099;Govone;E118;Cuneo;CN;Piemonte;ITC16
004100;Grinzane Cavour;E182;Cuneo;CN;Piemonte;ITC16
004101;Guarene;E251;Cuneo;CN;Piemonte;ITC16
004102;Igliano;E282;Cuneo;CN;Piemonte;ITC16
004103;Isasca;E327;Cuneo;CN;Piemonte;ITC16
004104;Lagnasco;E406;Cuneo;CN;Piemonte;ITC16
004105;La Morra;E430;Cuneo;CN;Piemonte;ITC16
004106;Lequio Berria;E540;Cuneo;CN;Piemonte;ITC16
004107;Lequio Tanaro;E539;Cuneo;CN;Piemonte;ITC16
004108;Lesegno;E546;Cuneo;CN;Piemonte;ITC16
004109;Levice;E564;Cuneo;CN;Piemonte;ITC16
004110;Limone Piemonte;E597;Cuneo;CN;Piemonte;ITC16
004111;Lisio;E615;Cuneo;CN;Piemonte;ITC16
004112;Macra;E789;Cuneo;CN;Piemonte;ITC16
004113;Magliano Alfieri;E809;Cuneo;CN;Piemonte;ITC16
004114;Magliano Alpi;E808;Cuneo;CN;Piemonte;ITC16
004115;Mango;E887;Cuneo;CN;Piemonte;ITC16
004116;Manta;E894;Cuneo;CN;Piemonte;ITC16
004117;Marene;E939;Cuneo;CN;Piemonte;ITC16
004118;Margarita;E945;Cuneo;CN;Piemonte;ITC16
004119;Marmora;E963;Cuneo;CN;Piemonte;ITC16
004120;Marsaglia;E973;Cuneo;CN;Piemonte;ITC16
004121;Martiniana Po;E988;Cuneo;CN;Piemonte;ITC16
004122;Melle;F114;Cuneo;CN;Piemonte;ITC16
004123;Moiola;F279;Cuneo;CN;Piemonte;ITC16
004124;Mombarcaro;F309;Cuneo;CN;Piemonte;ITC16
004125;Mombasiglio;F312;Cuneo;CN;Piemonte;ITC16
004126;Monastero di Vasco;F326;Cuneo;CN;Piemonte;ITC16
004127;Monasterolo Casotto;F329;Cuneo;CN;Piemonte;ITC16
004128;Monasterolo di Savigliano;F330;Cuneo;CN;Piemonte;ITC16
004129;Monchiero;F338;Cuneo;CN;Piemonte;ITC16
004130;Mondovì;F351;Cuneo;CN;Piemonte;ITC16
004131;Monesiglio;F355;Cuneo;CN;Piemonte;ITC16
004132;Monforte d'Alba;F358;Cuneo;CN;Piemonte;ITC16
004133;Montà;F385;Cuneo;CN;Piemonte;ITC16
004134;Montaldo di Mondovì;F405;Cuneo;CN;Piemonte;ITC16
004135;Montaldo Roero;F408;Cuneo;CN;Piemonte;ITC16
004136;Montanera;F424;Cuneo;CN;Piemonte;ITC16
004137;Montelupo Albese;F550;Cuneo;CN;Piemonte;ITC16
004138;Montemale di Cuneo;F558;Cuneo;CN;Piemonte;ITC16
004139;Monterosso Grana;F608;Cuneo;CN;Piemonte;ITC16
004140;Monteu Roero;F654;Cuneo;CN;Piemonte;ITC16
004141;Montezemolo;F666;Cuneo;CN;Piemonte;ITC16
004142;Monticello d'Alba;F669;Cuneo;CN;Piemonte;ITC16
004143;Moretta;F723;Cuneo;CN;Piemonte;ITC16
004144;Morozzo;F743;Cuneo;CN;Piemonte;ITC16
004145;Murazzano;F809;Cuneo;CN;Piemonte;ITC16
004146;Murello;F811;Cuneo;CN;Piemonte;ITC16
004147;Narzole;F846;Cuneo;CN;Piemonte;ITC16
004148;Neive;F863;Cuneo;CN;Piemonte;ITC16
004149;Neviglie;F883;Cuneo;CN;Piemonte;ITC16
004150;Niella Belbo;F894;Cuneo;CN;Piemonte;ITC16
004151;Niella Tanaro;F895;Cuneo;CN;Piemonte;ITC16
004152;Novello;F961;Cuneo;CN;Piemonte;ITC16
004153;Nucetto;F972;Cuneo;CN;Piemonte;ITC16
004154;Oncino;G066;Cuneo;CN;Piemonte;ITC16
004155;Ormea;G114;Cuneo;CN;Piemonte;ITC16
004156;Ostana;G183;Cuneo;CN;Piemonte;ITC16
004157;Paesana;G228;Cuneo;CN;Piemonte;ITC16
004158;Pagno;G240;Cuneo;CN;Piemonte;ITC16
004159;Pamparato;G302;Cuneo;CN;Piemonte;ITC16
004160;Paroldo;G339;Cuneo;CN;Piemonte;ITC16
004161;Perletto;G457;Cuneo;CN;Piemonte;ITC16
004162;Perlo;G458;Cuneo;CN;Piemonte;ITC16
004163;Peveragno;G526;Cuneo;CN;Piemonte;ITC16
004164;Pezzolo Valle Uzzone;G532;Cuneo;CN;Piemonte;ITC16
004165;Pianfei;G561;Cuneo;CN;Piemonte;ITC16
004166;Piasco;G575;Cuneo;CN;Piemonte;ITC16
004167;Pietraporzio;G625;Cuneo;CN;Piemonte;ITC16
004168;Piobesi d'Alba;G683;Cuneo;CN;Piemonte;ITC16
004169;Piozzo;G697;Cuneo;CN;Piemonte;ITC16
004170;Pocapaglia;G742;Cuneo;CN;Piemonte;ITC16
004171;Polonghera;G800;Cuneo;CN;Piemonte;ITC16
004172;Pontechianale;G837;Cuneo;CN;Piemonte;ITC16
004173;Pradleves;G970;Cuneo;CN;Piemonte;ITC16
004174;Prazzo;H011;Cuneo;CN;Piemonte;ITC16
004175;Priero;H059;Cuneo;CN;Piemonte;ITC16
004176;Priocca;H068;Cuneo;CN;Piemonte;ITC16
004177;Priola;H069;Cuneo;CN;Piemonte;ITC16
004178;Prunetto;H085;Cuneo;CN;Piemonte;ITC16
004179;Racconigi;H150;Cuneo;CN;Piemonte;ITC16
004180;Revello;H247;Cuneo;CN;Piemonte;ITC16
004181;Rifreddo;H285;Cuneo;CN;Piemonte;ITC16
004182;Rittana;H326;Cuneo;CN;Piemonte;ITC16
004183;Roaschia;H362;Cuneo;CN;Piemonte;ITC16
004184;Roascio;H363;Cuneo;CN;Piemonte;ITC16
004185;Robilante;H377;Cuneo;CN;Piemonte;ITC16
004186;Roburent;H378;Cuneo;CN;Piemonte;ITC16
004187;Roccabruna;H385;Cuneo;CN;Piemonte;ITC16
004188;Rocca Cigliè;H391;Cuneo;CN;Piemonte;ITC16
004189;Rocca de' Baldi;H395;Cuneo;CN;Piemonte;ITC16
004190;Roccaforte Mondovì;H407;Cuneo;CN;Piemonte;ITC16
004191;Roccasparvera;H447;Cuneo;CN;Piemonte;ITC16
004192;Roccavione;H453;Cuneo;CN;Piemonte;ITC16
004193;Rocchetta Belbo;H462;Cuneo;CN;Piemonte;ITC16
004194;Roddi;H472;Cuneo;CN;Piemonte;ITC16
004195;Roddino;H473;Cuneo;CN;Piemonte;ITC16
004196;Rodello;H474;Cuneo;CN;Piemonte;ITC16
004197;Rossana;H578;Cuneo;CN;Piemonte;ITC16
004198;Ruffia;H633;Cuneo;CN;Piemonte;ITC16
004199;Sale delle Langhe;H695;Cuneo;CN;Piemonte;ITC16
004200;Sale San Giovanni;H704;Cuneo;CN;Piemonte;ITC16
004201;Saliceto;H710;Cuneo;CN;Piemonte;ITC16
004202;Salmour;H716;Cuneo;CN;Piemonte;ITC16
004203;Saluzzo;H727;Cuneo;CN;Piemonte;ITC16
004204;Sambuco;H746;Cuneo;CN;Piemonte;ITC16
004205;Sampeyre;H755;Cuneo;CN;Piemonte;ITC16
004206;San Benedetto Belbo;H770;Cuneo;CN;Piemonte;ITC16
004207;San Damiano Macra;H812;Cuneo;CN;Piemonte;ITC16
004208;Sanfrè;H851;Cuneo;CN;Piemonte;ITC16
004209;Sanfront;H852;Cuneo;CN;Piemonte;ITC16
004210;San Michele Mondovì;I037;Cuneo;CN;Piemonte;ITC16
004211;Sant'Albano Stura;I210;Cuneo;CN;Piemonte;ITC16
004212;Santa Vittoria d'Alba;I316;Cuneo;CN;Piemonte;ITC16
004213;Santo Stefano Belbo;I367;Cuneo;CN;Piemonte;ITC16
004214;Santo Stefano Roero;I372;Cuneo;CN;Piemonte;ITC16
004215;Savigliano;I470;Cuneo;CN;Piemonte;ITC16
004216;Scagnello;I484;Cuneo;CN;Piemonte;ITC16
004217;Scarnafigi;I512;Cuneo;CN;Piemonte;ITC16
004218;Serralunga d'Alba;I646;Cuneo;CN;Piemonte;ITC16
004219;Serravalle Langhe;I659;Cuneo;CN;Piemonte;ITC16
004220;Sinio;I750;Cuneo;CN;Piemonte;ITC16
004221;Somano;I817;Cuneo;CN;Piemonte;ITC16
004222;Sommariva del Bosco;I822;Cuneo;CN;Piemonte;ITC16
004223;Sommariva Perno;I823;Cuneo;CN;Piemonte;ITC16
004224;Stroppo;I985;Cuneo;CN;Piemonte;ITC16
004225;Tarantasca;L048;Cuneo;CN;Piemonte;ITC16
004226;Torre Bormida;L252;Cuneo;CN;Piemonte;ITC16
004227;Torre Mondovì;L241;Cuneo;CN;Piemonte;ITC16
004228;Torre San Giorgio;L278;Cuneo;CN;Piemonte;ITC16
004229;Torresina;L281;Cuneo;CN;Piemonte;ITC16
004230;Treiso;L367;Cuneo;CN;Piemonte;ITC16
004231;Trezzo Tinella;L410;Cuneo;CN;Piemonte;ITC16
004232;Trinità;L427;Cuneo;CN;Piemonte;ITC16
004233;Valdieri;L558;Cuneo;CN;Piemonte;ITC16
004234;Valgrana;L580;Cuneo;CN;Piemonte;ITC16
004235;Valloriate;L631;Cuneo;CN;Piemonte;ITC16
004237;Venasca;L729;Cuneo;CN;Piemonte;ITC16
004238;Verduno;L758;Cuneo;CN;Piemonte;ITC16
004239;Vernante;L771;Cuneo;CN;Piemonte;ITC16
004240;Verzuolo;L804;Cuneo;CN;Piemonte;ITC16
004241;Vezza d'Alba;L817;Cuneo;CN;Piemonte;ITC16
004242;Vicoforte;L841;Cuneo;CN;Piemonte;ITC16
004243;Vignolo;L888;Cuneo;CN;Piemonte;ITC16
004244;Villafalletto;L942;Cuneo;CN;Piemonte;ITC16
004245;Villanova Mondovì;L974;Cuneo;CN;Piemonte;ITC16
004246;Villanova Solaro;L990;Cuneo;CN;Piemonte;ITC16
004247;Villar San Costanzo;M015;Cuneo;CN;Piemonte;ITC16
004248;Vinadio;M055;Cuneo;CN;Piemonte;ITC16
004249;Viola;M063;Cuneo;CN;Piemonte;ITC16
004250;Vottignasco;M136;Cuneo;CN;Piemonte;ITC16
005001;Agliano Terme;A072;Asti;AT;Piemonte;ITC17
005002;Albugnano;A173;Asti;AT;Piemonte;ITC17
005003;Antignano;A312;Asti;AT;Piemonte;ITC17
005004;Aramengo;A352;Asti;AT;Piemonte;ITC17
005005;Asti;A479;Asti;AT;Piemonte;ITC17
005006;Azzano d'Asti;A527;Asti;AT;Piemonte;ITC17
005007;Baldichieri d'Asti;A588;Asti;AT;Piemonte;ITC17
005008;Belveglio;A770;Asti;AT;Piemonte;ITC17
005009;Berzano di San Pietro;A812;Asti;AT;Piemonte;ITC17
005010;Bruno;B221;Asti;AT;Piemonte;ITC17
005011;Bubbio;B236;Asti;AT;Piemonte;ITC17
005012;Buttigliera d'Asti;B306;Asti;AT;Piemonte;ITC17
005013;Calamandrana;B376;Asti;AT;Piemonte;ITC17
005014;Calliano Monferrato;B418;Asti;AT;Piemonte;ITC17
005015;Calosso;B425;Asti;AT;Piemonte;ITC17
005016;Camerano Casasco;B469;Asti;AT;Piemonte;ITC17
005017;Canelli;B594;Asti;AT;Piemonte;ITC17
005018;Cantarana;B633;Asti;AT;Piemonte;ITC17
005019;Capriglio;B707;Asti;AT;Piemonte;ITC17
005020;Casorzo Monferrato;B991;Asti;AT;Piemonte;ITC17
005021;Cassinasco;C022;Asti;AT;Piemonte;ITC17
005022;Castagnole delle Lanze;C049;Asti;AT;Piemonte;ITC17
005023;Castagnole Monferrato;C047;Asti;AT;Piemonte;ITC17
005024;Castel Boglione;C064;Asti;AT;Piemonte;ITC17
005025;Castell'Alfero;C127;Asti;AT;Piemonte;ITC17
005026;Castellero;C154;Asti;AT;Piemonte;ITC17
005027;Castelletto Molina;C161;Asti;AT;Piemonte;ITC17
005028;Castello di Annone;A300;Asti;AT;Piemonte;ITC17
005029;Castelnuovo Belbo;C226;Asti;AT;Piemonte;ITC17
005030;Castelnuovo Calcea;C230;Asti;AT;Piemonte;ITC17
005031;Castelnuovo Don Bosco;C232;Asti;AT;Piemonte;ITC17
005032;Castel Rocchero;C253;Asti;AT;Piemonte;ITC17
005033;Cellarengo;C438;Asti;AT;Piemonte;ITC17
005034;Celle Enomondo;C440;Asti;AT;Piemonte;ITC17
005035;Cerreto d'Asti;C528;Asti;AT;Piemonte;ITC17
005036;Cerro Tanaro;C533;Asti;AT;Piemonte;ITC17
005037;Cessole;C583;Asti;AT;Piemonte;ITC17
005038;Chiusano d'Asti;C658;Asti;AT;Piemonte;ITC17
005039;Cinaglio;C701;Asti;AT;Piemonte;ITC17
005040;Cisterna d'Asti;C739;Asti;AT;Piemonte;ITC17
005041;Coazzolo;C804;Asti;AT;Piemonte;ITC17
005042;Cocconato;C807;Asti;AT;Piemonte;ITC17
005044;Corsione;D046;Asti;AT;Piemonte;ITC17
005045;Cortandone;D050;Asti;AT;Piemonte;ITC17
005046;Cortanze;D051;Asti;AT;Piemonte;ITC17
005047;Cortazzone;D052;Asti;AT;Piemonte;ITC17
005048;Cortiglione;D072;Asti;AT;Piemonte;ITC17
005049;Cossombrato;D101;Asti;AT;Piemonte;ITC17
005050;Costigliole d'Asti;D119;Asti;AT;Piemonte;ITC17
005051;Cunico;D207;Asti;AT;Piemonte;ITC17
005052;Dusino San Michele;D388;Asti;AT;Piemonte;ITC17
005053;Ferrere;D554;Asti;AT;Piemonte;ITC17
005054;Fontanile;D678;Asti;AT;Piemonte;ITC17
005055;Frinco;D802;Asti;AT;Piemonte;ITC17
005056;Grana Monferrato;E134;Asti;AT;Piemonte;ITC17
005057;Grazzano Badoglio;E159;Asti;AT;Piemonte;ITC17
005058;Incisa Scapaccino;E295;Asti;AT;Piemonte;ITC17
005059;Isola d'Asti;E338;Asti;AT;Piemonte;ITC17
005060;Loazzolo;E633;Asti;AT;Piemonte;ITC17
005061;Maranzana;E917;Asti;AT;Piemonte;ITC17
005062;Maretto;E944;Asti;AT;Piemonte;ITC17
005063;Moasca;F254;Asti;AT;Piemonte;ITC17
005064;Mombaldone;F308;Asti;AT;Piemonte;ITC17
005065;Mombaruzzo;F311;Asti;AT;Piemonte;ITC17
005066;Mombercelli;F316;Asti;AT;Piemonte;ITC17
005067;Monale;F323;Asti;AT;Piemonte;ITC17
005068;Monastero Bormida;F325;Asti;AT;Piemonte;ITC17
005069;Moncalvo;F336;Asti;AT;Piemonte;ITC17
005070;Moncucco Torinese;F343;Asti;AT;Piemonte;ITC17
005071;Mongardino;F361;Asti;AT;Piemonte;ITC17
005072;Montabone;F386;Asti;AT;Piemonte;ITC17
005073;Montafia;F390;Asti;AT;Piemonte;ITC17
005074;Montaldo Scarampi;F409;Asti;AT;Piemonte;ITC17
005075;Montechiaro d'Asti;F468;Asti;AT;Piemonte;ITC17
005076;Montegrosso d'Asti;F527;Asti;AT;Piemonte;ITC17
005077;Montemagno Monferrato;F556;Asti;AT;Piemonte;ITC17
005080;Nizza Monferrato;F902;Asti;AT;Piemonte;ITC17
005081;Olmo Gentile;G048;Asti;AT;Piemonte;ITC17
005082;Passerano Marmorito;G358;Asti;AT;Piemonte;ITC17
005083;Penango;G430;Asti;AT;Piemonte;ITC17
005084;Piea;G593;Asti;AT;Piemonte;ITC17
005085;Pino d'Asti;G676;Asti;AT;Piemonte;ITC17
005086;Piovà Massaia;G692;Asti;AT;Piemonte;ITC17
005087;Portacomaro;G894;Asti;AT;Piemonte;ITC17
005088;Quaranti;H102;Asti;AT;Piemonte;ITC17
005089;Refrancore;H219;Asti;AT;Piemonte;ITC17
005090;Revigliasco d'Asti;H250;Asti;AT;Piemonte;ITC17
005091;Roatto;H366;Asti;AT;Piemonte;ITC17
005092;Robella;H376;Asti;AT;Piemonte;ITC17
005093;Rocca d'Arazzo;H392;Asti;AT;Piemonte;ITC17
005094;Roccaverano;H451;Asti;AT;Piemonte;ITC17
005095;Rocchetta Palafea;H466;Asti;AT;Piemonte;ITC17
005096;Rocchetta Tanaro;H468;Asti;AT;Piemonte;ITC17
005097;San Damiano d'Asti;H811;Asti;AT;Piemonte;ITC17
005098;San Giorgio Scarampi;H899;Asti;AT;Piemonte;ITC17
005099;San Martino Alfieri;H987;Asti;AT;Piemonte;ITC17
005100;San Marzano Oliveto;I017;Asti;AT;Piemonte;ITC17
005101;San Paolo Solbrito;I076;Asti;AT;Piemonte;ITC17
005103;Scurzolengo;I555;Asti;AT;Piemonte;ITC17
005104;Serole;I637;Asti;AT;Piemonte;ITC17
005105;Sessame;I678;Asti;AT;Piemonte;ITC17
005106;Settime;I698;Asti;AT;Piemonte;ITC17
005107;Soglio;I781;Asti;AT;Piemonte;ITC17
005108;Tigliole;L168;Asti;AT;Piemonte;ITC17
005109;Tonco;L203;Asti;AT;Piemonte;ITC17
005111;Vaglio Serra;L531;Asti;AT;Piemonte;ITC17
005112;Valfenera;L574;Asti;AT;Piemonte;ITC17
005113;Vesime;L807;Asti;AT;Piemonte;ITC17
005114;Viale;L829;Asti;AT;Piemonte;ITC17
005115;Viarigi;L834;Asti;AT;Piemonte;ITC17
005116;Vigliano d'Asti;L879;Asti;AT;Piemonte;ITC17
005117;Villafranca d'Asti;L945;Asti;AT;Piemonte;ITC17
005118;Villanova d'Asti;L984;Asti;AT;Piemonte;ITC17
005119;Villa San Secondo;M019;Asti;AT;Piemonte;ITC17
005120;Vinchio;M058;Asti;AT;Piemonte;ITC17
005121;Montiglio Monferrato;M302;Asti;AT;Piemonte;ITC17
005122;Moransengo-Tonengo;M434;Asti;AT;Piemonte;ITC17
006001;Acqui Terme;A052;Alessandria;AL;Piemonte;ITC18
006002;Albera Ligure;A146;Alessandria;AL;Piemonte;ITC18
006003;Alessandria;A182;Alessandria;AL;Piemonte;ITC18
006004;Alfiano Natta;A189;Alessandria;AL;Piemonte;ITC18
006005;Alice Bel Colle;A197;Alessandria;AL;Piemonte;ITC18
006007;Altavilla Monferrato;A227;Alessandria;AL;Piemonte;ITC18
006008;Alzano Scrivia;A245;Alessandria;AL;Piemonte;ITC18
006009;Arquata Scrivia;A436;Alessandria;AL;Piemonte;ITC18
006010;Avolasca;A523;Alessandria;AL;Piemonte;ITC18
006011;Balzola;A605;Alessandria;AL;Piemonte;ITC18
006012;Basaluzzo;A689;Alessandria;AL;Piemonte;ITC18
006013;Bassignana;A708;Alessandria;AL;Piemonte;ITC18
006014;Belforte Monferrato;A738;Alessandria;AL;Piemonte;ITC18
006015;Bergamasco;A793;Alessandria;AL;Piemonte;ITC18
006016;Berzano di Tortona;A813;Alessandria;AL;Piemonte;ITC18
006017;Bistagno;A889;Alessandria;AL;Piemonte;ITC18
006018;Borghetto di Borbera;A998;Alessandria;AL;Piemonte;ITC18
006019;Borgoratto Alessandrino;B029;Alessandria;AL;Piemonte;ITC18
006020;Borgo San Martino;B037;Alessandria;AL;Piemonte;ITC18
006021;Bosco Marengo;B071;Alessandria;AL;Piemonte;ITC18
006022;Bosio;B080;Alessandria;AL;Piemonte;ITC18
006023;Bozzole;B109;Alessandria;AL;Piemonte;ITC18
006024;Brignano-Frascata;B179;Alessandria;AL;Piemonte;ITC18
006025;Cabella Ligure;B311;Alessandria;AL;Piemonte;ITC18
006026;Camagna Monferrato;B453;Alessandria;AL;Piemonte;ITC18
006027;Camino;B482;Alessandria;AL;Piemonte;ITC18
006028;Cantalupo Ligure;B629;Alessandria;AL;Piemonte;ITC18
006029;Capriata d'Orba;B701;Alessandria;AL;Piemonte;ITC18
006030;Carbonara Scrivia;B736;Alessandria;AL;Piemonte;ITC18
006031;Carentino;B765;Alessandria;AL;Piemonte;ITC18
006032;Carezzano;B769;Alessandria;AL;Piemonte;ITC18
006033;Carpeneto;B818;Alessandria;AL;Piemonte;ITC18
006034;Carrega Ligure;B836;Alessandria;AL;Piemonte;ITC18
006035;Carrosio;B840;Alessandria;AL;Piemonte;ITC18
006036;Cartosio;B847;Alessandria;AL;Piemonte;ITC18
006037;Casal Cermelli;B870;Alessandria;AL;Piemonte;ITC18
006038;Casaleggio Boiro;B882;Alessandria;AL;Piemonte;ITC18
006039;Casale Monferrato;B885;Alessandria;AL;Piemonte;ITC18
006040;Casalnoceto;B902;Alessandria;AL;Piemonte;ITC18
006041;Casasco;B941;Alessandria;AL;Piemonte;ITC18
006043;Cassine;C027;Alessandria;AL;Piemonte;ITC18
006044;Cassinelle;C030;Alessandria;AL;Piemonte;ITC18
006045;Castellania Coppi;C137;Alessandria;AL;Piemonte;ITC18
006046;Castellar Guidobono;C142;Alessandria;AL;Piemonte;ITC18
006047;Castellazzo Bormida;C148;Alessandria;AL;Piemonte;ITC18
006048;Castelletto d'Erro;C156;Alessandria;AL;Piemonte;ITC18
006049;Castelletto d'Orba;C158;Alessandria;AL;Piemonte;ITC18
006050;Castelletto Merli;C160;Alessandria;AL;Piemonte;ITC18
006051;Castelletto Monferrato;C162;Alessandria;AL;Piemonte;ITC18
006052;Castelnuovo Bormida;C229;Alessandria;AL;Piemonte;ITC18
006053;Castelnuovo Scrivia;C243;Alessandria;AL;Piemonte;ITC18
006054;Castelspina;C274;Alessandria;AL;Piemonte;ITC18
006055;Cavatore;C387;Alessandria;AL;Piemonte;ITC18
006056;Cella Monte;C432;Alessandria;AL;Piemonte;ITC18
006057;Cereseto;C503;Alessandria;AL;Piemonte;ITC18
006058;Cerreto Grue;C507;Alessandria;AL;Piemonte;ITC18
006059;Cerrina Monferrato;C531;Alessandria;AL;Piemonte;ITC18
006060;Coniolo;C962;Alessandria;AL;Piemonte;ITC18
006061;Conzano;C977;Alessandria;AL;Piemonte;ITC18
006062;Costa Vescovato;D102;Alessandria;AL;Piemonte;ITC18
006063;Cremolino;D149;Alessandria;AL;Piemonte;ITC18
006065;Denice;D272;Alessandria;AL;Piemonte;ITC18
006066;Dernice;D277;Alessandria;AL;Piemonte;ITC18
006067;Fabbrica Curone;D447;Alessandria;AL;Piemonte;ITC18
006068;Felizzano;D528;Alessandria;AL;Piemonte;ITC18
006069;Fraconalto;D559;Alessandria;AL;Piemonte;ITC18
006070;Francavilla Bisio;D759;Alessandria;AL;Piemonte;ITC18
006071;Frascaro;D770;Alessandria;AL;Piemonte;ITC18
006072;Frassinello Monferrato;D777;Alessandria;AL;Piemonte;ITC18
006073;Frassineto Po;D780;Alessandria;AL;Piemonte;ITC18
006074;Fresonara;D797;Alessandria;AL;Piemonte;ITC18
006075;Frugarolo;D813;Alessandria;AL;Piemonte;ITC18
006076;Fubine Monferrato;D814;Alessandria;AL;Piemonte;ITC18
006077;Gabiano;D835;Alessandria;AL;Piemonte;ITC18
006078;Gamalero;D890;Alessandria;AL;Piemonte;ITC18
006079;Garbagna;D910;Alessandria;AL;Piemonte;ITC18
006081;Gavi;D944;Alessandria;AL;Piemonte;ITC18
006082;Giarole;E015;Alessandria;AL;Piemonte;ITC18
006083;Gremiasco;E164;Alessandria;AL;Piemonte;ITC18
006084;Grognardo;E188;Alessandria;AL;Piemonte;ITC18
006085;Grondona;E191;Alessandria;AL;Piemonte;ITC18
006086;Guazzora;E255;Alessandria;AL;Piemonte;ITC18
006087;Isola Sant'Antonio;E360;Alessandria;AL;Piemonte;ITC18
006088;Lerma;E543;Alessandria;AL;Piemonte;ITC18
006090;Malvicino;E870;Alessandria;AL;Piemonte;ITC18
006091;Masio;F015;Alessandria;AL;Piemonte;ITC18
006092;Melazzo;F096;Alessandria;AL;Piemonte;ITC18
006093;Merana;F131;Alessandria;AL;Piemonte;ITC18
006094;Mirabello Monferrato;F232;Alessandria;AL;Piemonte;ITC18
006095;Molare;F281;Alessandria;AL;Piemonte;ITC18
006096;Molino dei Torti;F293;Alessandria;AL;Piemonte;ITC18
006097;Mombello Monferrato;F313;Alessandria;AL;Piemonte;ITC18
006098;Momperone;F320;Alessandria;AL;Piemonte;ITC18
006099;Moncestino;F337;Alessandria;AL;Piemonte;ITC18
006100;Mongiardino Ligure;F365;Alessandria;AL;Piemonte;ITC18
006101;Monleale;F374;Alessandria;AL;Piemonte;ITC18
006102;Montacuto;F387;Alessandria;AL;Piemonte;ITC18
006103;Montaldeo;F403;Alessandria;AL;Piemonte;ITC18
006104;Montaldo Bormida;F404;Alessandria;AL;Piemonte;ITC18
006105;Montecastello;F455;Alessandria;AL;Piemonte;ITC18
006106;Montechiaro d'Acqui;F469;Alessandria;AL;Piemonte;ITC18
006107;Montegioco;F518;Alessandria;AL;Piemonte;ITC18
006108;Montemarzino;F562;Alessandria;AL;Piemonte;ITC18
006109;Morano sul Po;F707;Alessandria;AL;Piemonte;ITC18
006110;Morbello;F713;Alessandria;AL;Piemonte;ITC18
006111;Mornese;F737;Alessandria;AL;Piemonte;ITC18
006112;Morsasco;F751;Alessandria;AL;Piemonte;ITC18
006113;Murisengo;F814;Alessandria;AL;Piemonte;ITC18
006114;Novi Ligure;F965;Alessandria;AL;Piemonte;ITC18
006115;Occimiano;F995;Alessandria;AL;Piemonte;ITC18
006116;Odalengo Grande;F997;Alessandria;AL;Piemonte;ITC18
006117;Odalengo Piccolo;F998;Alessandria;AL;Piemonte;ITC18
006118;Olivola;G042;Alessandria;AL;Piemonte;ITC18
006119;Orsara Bormida;G124;Alessandria;AL;Piemonte;ITC18
006120;Ottiglio;G193;Alessandria;AL;Piemonte;ITC18
006121;Ovada;G197;Alessandria;AL;Piemonte;ITC18
006122;Oviglio;G199;Alessandria;AL;Piemonte;ITC18
006123;Ozzano Monferrato;G204;Alessandria;AL;Piemonte;ITC18
006124;Paderna;G215;Alessandria;AL;Piemonte;ITC18
006125;Pareto;G334;Alessandria;AL;Piemonte;ITC18
006126;Parodi Ligure;G338;Alessandria;AL;Piemonte;ITC18
006127;Pasturana;G367;Alessandria;AL;Piemonte;ITC18
006128;Pecetto di Valenza;G397;Alessandria;AL;Piemonte;ITC18
006129;Pietra Marazzi;G619;Alessandria;AL;Piemonte;ITC18
006131;Pomaro Monferrato;G807;Alessandria;AL;Piemonte;ITC18
006132;Pontecurone;G839;Alessandria;AL;Piemonte;ITC18
006133;Pontestura;G858;Alessandria;AL;Piemonte;ITC18
006134;Ponti;G861;Alessandria;AL;Piemonte;ITC18
006135;Ponzano Monferrato;G872;Alessandria;AL;Piemonte;ITC18
006136;Ponzone;G877;Alessandria;AL;Piemonte;ITC18
006137;Pozzol Groppo;G960;Alessandria;AL;Piemonte;ITC18
006138;Pozzolo Formigaro;G961;Alessandria;AL;Piemonte;ITC18
006139;Prasco;G987;Alessandria;AL;Piemonte;ITC18
006140;Predosa;H021;Alessandria;AL;Piemonte;ITC18
006141;Quargnento;H104;Alessandria;AL;Piemonte;ITC18
006142;Quattordio;H121;Alessandria;AL;Piemonte;ITC18
006143;Ricaldone;H272;Alessandria;AL;Piemonte;ITC18
006144;Rivalta Bormida;H334;Alessandria;AL;Piemonte;ITC18
006145;Rivarone;H343;Alessandria;AL;Piemonte;ITC18
006146;Roccaforte Ligure;H406;Alessandria;AL;Piemonte;ITC18
006147;Rocca Grimalda;H414;Alessandria;AL;Piemonte;ITC18
006148;Rocchetta Ligure;H465;Alessandria;AL;Piemonte;ITC18
006149;Rosignano Monferrato;H569;Alessandria;AL;Piemonte;ITC18
006150;Sala Monferrato;H677;Alessandria;AL;Piemonte;ITC18
006151;Sale;H694;Alessandria;AL;Piemonte;ITC18
006152;San Cristoforo;H810;Alessandria;AL;Piemonte;ITC18
006153;San Giorgio Monferrato;H878;Alessandria;AL;Piemonte;ITC18
006154;San Salvatore Monferrato;I144;Alessandria;AL;Piemonte;ITC18
006155;San Sebastiano Curone;I150;Alessandria;AL;Piemonte;ITC18
006156;Sant'Agata Fossili;I190;Alessandria;AL;Piemonte;ITC18
006157;Sardigliano;I429;Alessandria;AL;Piemonte;ITC18
006158;Sarezzano;I432;Alessandria;AL;Piemonte;ITC18
006159;Serralunga di Crea;I645;Alessandria;AL;Piemonte;ITC18
006160;Serravalle Scrivia;I657;Alessandria;AL;Piemonte;ITC18
006161;Sezzadio;I711;Alessandria;AL;Piemonte;ITC18
006162;Silvano d'Orba;I738;Alessandria;AL;Piemonte;ITC18
006163;Solero;I798;Alessandria;AL;Piemonte;ITC18
006164;Solonghello;I808;Alessandria;AL;Piemonte;ITC18
006165;Spigno Monferrato;I901;Alessandria;AL;Piemonte;ITC18
006166;Spineto Scrivia;I911;Alessandria;AL;Piemonte;ITC18
006167;Stazzano;I941;Alessandria;AL;Piemonte;ITC18
006168;Strevi;I977;Alessandria;AL;Piemonte;ITC18
006169;Tagliolo Monferrato;L027;Alessandria;AL;Piemonte;ITC18
006170;Tassarolo;L059;Alessandria;AL;Piemonte;ITC18
006171;Terruggia;L139;Alessandria;AL;Piemonte;ITC18
006172;Terzo;L143;Alessandria;AL;Piemonte;ITC18
006173;Ticineto;L165;Alessandria;AL;Piemonte;ITC18
006174;Tortona;L304;Alessandria;AL;Piemonte;ITC18
006175;Treville;L403;Alessandria;AL;Piemonte;ITC18
006176;Trisobbio;L432;Alessandria;AL;Piemonte;ITC18
006177;Valenza;L570;Alessandria;AL;Piemonte;ITC18
006178;Valmacca;L633;Alessandria;AL;Piemonte;ITC18
006179;Vignale Monferrato;L881;Alessandria;AL;Piemonte;ITC18
006180;Vignole Borbera;L887;Alessandria;AL;Piemonte;ITC18
006181;Viguzzolo;L904;Alessandria;AL;Piemonte;ITC18
006182;Villadeati;L931;Alessandria;AL;Piemonte;ITC18
006183;Villalvernia;L963;Alessandria;AL;Piemonte;ITC18
006184;Villamiroglio;L970;Alessandria;AL;Piemonte;ITC18
006185;Villanova Monferrato;L972;Alessandria;AL;Piemonte;ITC18
006186;Villaromagnano;M009;Alessandria;AL;Piemonte;ITC18
006187;Visone;M077;Alessandria;AL;Piemonte;ITC18
006188;Volpedo;M120;Alessandria;AL;Piemonte;ITC18
006189;Volpeglino;M121;Alessandria;AL;Piemonte;ITC18
006190;Voltaggio;M123;Alessandria;AL;Piemonte;ITC18
006191;Cassano Spinola;M388;Alessandria;AL;Piemonte;ITC18
006192;Alluvioni Piovera;M397;Alessandria;AL;Piemonte;ITC18
006193;Lu e Cuccaro Monferrato;M420;Alessandria;AL;Piemonte;ITC18
007001;Allein;A205;Valle d'Aosta/Vallée d'Aoste;AO;Valle d'Aosta/Vallée d'Aoste;ITC20
007002;Antey-Saint-André;A305;Valle d'Aosta/Vallée d'Aoste;AO;Valle d'Aosta/Vallée d'Aoste;ITC20
007003;Aosta;A326;Valle d'Aosta/Vallée d'Aoste;AO;Valle d'Aosta/Vallée d'Aoste;ITC20
007004;Arnad;A424;Valle d'Aosta/Vallée d'Aoste;AO;Valle d'Aosta/Vallée d'Aoste;ITC20
007005;Arvier;A452;Valle d'Aosta/Vallée d'Aoste;AO;Valle d'Aosta/Vallée d'Aoste;ITC20
007006;Avise;A521;Valle d'Aosta/Vallée d'Aoste;AO;Valle d'Aosta/Vallée d'Aoste;ITC20
007007;Ayas;A094;Valle d'Aosta/Vallée d'Aoste;AO;Valle d'Aosta/Vallée d'Aoste;ITC20
007008;Aymavilles;A108;Valle d'Aosta/Vallée d'Aoste;AO;Valle d'Aosta/Vallée d'Aoste;ITC20
007009;Bard;A643;Valle d'Aosta/Vallée d'Aoste;AO;Valle d'Aosta/Vallée d'Aoste;ITC20
007010;Bionaz;A877;Valle d'Aosta/Vallée d'Aoste;AO;Valle d'Aosta/Vallée d'Aoste;ITC20
007011;Brissogne;B192;Valle d'Aosta/Vallée d'Aoste;AO;Valle d'Aosta/Vallée d'Aoste;ITC20
007012;Brusson;B230;Valle d'Aosta/Vallée d'Aoste;AO;Valle d'Aosta/Vallée d'Aoste;ITC20
007013;Challand-Saint-Anselme;C593;Valle d'Aosta/Vallée d'Aoste;AO;Valle d'Aosta/Vallée d'Aoste;ITC20
007014;Challand-Saint-Victor;C594;Valle d'Aosta/Vallée d'Aoste;AO;Valle d'Aosta/Vallée d'Aoste;ITC20
007015;Chambave;C595;Valle d'Aosta/Vallée d'Aoste;AO;Valle d'Aosta/Vallée d'Aoste;ITC20
007016;Chamois;B491;Valle d'Aosta/Vallée d'Aoste;AO;Valle d'Aosta/Vallée d'Aoste;ITC20
007017;Champdepraz;C596;Valle d'Aosta/Vallée d'Aoste;AO;Valle d'Aosta/Vallée d'Aoste;ITC20
007018;Champorcher;B540;Valle d'Aosta/Vallée d'Aoste;AO;Valle d'Aosta/Vallée d'Aoste;ITC20
007019;Charvensod;C598;Valle d'Aosta/Vallée d'Aoste;AO;Valle d'Aosta/Vallée d'Aoste;ITC20
007020;Châtillon;C294;Valle d'Aosta/Vallée d'Aoste;AO;Valle d'Aosta/Vallée d'Aoste;ITC20
007021;Cogne;C821;Valle d'Aosta/Vallée d'Aoste;AO;Valle d'Aosta/Vallée d'Aoste;ITC20
007022;Courmayeur;D012;Valle d'Aosta/Vallée d'Aoste;AO;Valle d'Aosta/Vallée d'Aoste;ITC20
007023;Donnas;D338;Valle d'Aosta/Vallée d'Aoste;AO;Valle d'Aosta/Vallée d'Aoste;ITC20
007024;Doues;D356;Valle d'Aosta/Vallée d'Aoste;AO;Valle d'Aosta/Vallée d'Aoste;ITC20
007025;Emarèse;D402;Valle d'Aosta/Vallée d'Aoste;AO;Valle d'Aosta/Vallée d'Aoste;ITC20
007026;Etroubles;D444;Valle d'Aosta/Vallée d'Aoste;AO;Valle d'Aosta/Vallée d'Aoste;ITC20
007027;Fénis;D537;Valle d'Aosta/Vallée d'Aoste;AO;Valle d'Aosta/Vallée d'Aoste;ITC20
007028;Fontainemore;D666;Valle d'Aosta/Vallée d'Aoste;AO;Valle d'Aosta/Vallée d'Aoste;ITC20
007029;Gaby;D839;Valle d'Aosta/Vallée d'Aoste;AO;Valle d'Aosta/Vallée d'Aoste;ITC20
007030;Gignod;E029;Valle d'Aosta/Vallée d'Aoste;AO;Valle d'Aosta/Vallée d'Aoste;ITC20
007031;Gressan;E165;Valle d'Aosta/Vallée d'Aoste;AO;Valle d'Aosta/Vallée d'Aoste;ITC20
007032;Gressoney-La-Trinité;E167;Valle d'Aosta/Vallée d'Aoste;AO;Valle d'Aosta/Vallée d'Aoste;ITC20
007033;Gressoney-Saint-Jean;E168;Valle d'Aosta/Vallée d'Aoste;AO;Valle d'Aosta/Vallée d'Aoste;ITC20
007034;Hône;E273;Valle d'Aosta/Vallée d'Aoste;AO;Valle d'Aosta/Vallée d'Aoste;ITC20
007035;Introd;E306;Valle d'Aosta/Vallée d'Aoste;AO;Valle d'Aosta/Vallée d'Aoste;ITC20
007036;Issime;E369;Valle d'Aosta/Vallée d'Aoste;AO;Valle d'Aosta/Vallée d'Aoste;ITC20
007037;Issogne;E371;Valle d'Aosta/Vallée d'Aoste;AO;Valle d'Aosta/Vallée d'Aoste;ITC20
007038;Jovençan;E391;Valle d'Aosta/Vallée d'Aoste;AO;Valle d'Aosta/Vallée d'Aoste;ITC20
007039;La Magdeleine;A308;Valle d'Aosta/Vallée d'Aoste;AO;Valle d'Aosta/Vallée d'Aoste;ITC20
007040;La Salle;E458;Valle d'Aosta/Vallée d'Aoste;AO;Valle d'Aosta/Vallée d'Aoste;ITC20
007041;La Thuile;E470;Valle d'Aosta/Vallée d'Aoste;AO;Valle d'Aosta/Vallée d'Aoste;ITC20
007042;Lillianes;E587;Valle d'Aosta/Vallée d'Aoste;AO;Valle d'Aosta/Vallée d'Aoste;ITC20
007043;Montjovet;F367;Valle d'Aosta/Vallée d'Aoste;AO;Valle d'Aosta/Vallée d'Aoste;ITC20
007044;Morgex;F726;Valle d'Aosta/Vallée d'Aoste;AO;Valle d'Aosta/Vallée d'Aoste;ITC20
007045;Nus;F987;Valle d'Aosta/Vallée d'Aoste;AO;Valle d'Aosta/Vallée d'Aoste;ITC20
007046;Ollomont;G045;Valle d'Aosta/Vallée d'Aoste;AO;Valle d'Aosta/Vallée d'Aoste;ITC20
007047;Oyace;G012;Valle d'Aosta/Vallée d'Aoste;AO;Valle d'Aosta/Vallée d'Aoste;ITC20
007048;Perloz;G459;Valle d'Aosta/Vallée d'Aoste;AO;Valle d'Aosta/Vallée d'Aoste;ITC20
007049;Pollein;G794;Valle d'Aosta/Vallée d'Aoste;AO;Valle d'Aosta/Vallée d'Aoste;ITC20
007050;Pontboset;G545;Valle d'Aosta/Vallée d'Aoste;AO;Valle d'Aosta/Vallée d'Aoste;ITC20
007051;Pontey;G860;Valle d'Aosta/Vallée d'Aoste;AO;Valle d'Aosta/Vallée d'Aoste;ITC20
007052;Pont-Saint-Martin;G854;Valle d'Aosta/Vallée d'Aoste;AO;Valle d'Aosta/Vallée d'Aoste;ITC20
007053;Pré-Saint-Didier;H042;Valle d'Aosta/Vallée d'Aoste;AO;Valle d'Aosta/Vallée d'Aoste;ITC20
007054;Quart;H110;Valle d'Aosta/Vallée d'Aoste;AO;Valle d'Aosta/Vallée d'Aoste;ITC20
007055;Rhêmes-Notre-Dame;H262;Valle d'Aosta/Vallée d'Aoste;AO;Valle d'Aosta/Vallée d'Aoste;ITC20
007056;Rhêmes-Saint-Georges;H263;Valle d'Aosta/Vallée d'Aoste;AO;Valle d'Aosta/Vallée d'Aoste;ITC20
007057;Roisan;H497;Valle d'Aosta/Vallée d'Aoste;AO;Valle d'Aosta/Vallée d'Aoste;ITC20
007058;Saint-Christophe;H669;Valle d'Aosta/Vallée d'Aoste;AO;Valle d'Aosta/Vallée d'Aoste;ITC20
007059;Saint-Denis;H670;Valle d'Aosta/Vallée d'Aoste;AO;Valle d'Aosta/Vallée d'Aoste;ITC20
007060;Saint-Marcel;H671;Valle d'Aosta/Vallée d'Aoste;AO;Valle d'Aosta/Vallée d'Aoste;ITC20
007061;Saint-Nicolas;H672;Valle d'Aosta/Vallée d'Aoste;AO;Valle d'Aosta/Vallée d'Aoste;ITC20
007062;Saint-Oyen;H673;Valle d'Aosta/Vallée d'Aoste;AO;Valle d'Aosta/Vallée d'Aoste;ITC20
007063;Saint-Pierre;H674;Valle d'Aosta/Vallée d'Aoste;AO;Valle d'Aosta/Vallée d'Aoste;ITC20
007064;Saint-Rhémy-en-Bosses;H675;Valle d'Aosta/Vallée d'Aoste;AO;Valle d'Aosta/Vallée d'Aoste;ITC20
007065;Saint-Vincent;H676;Valle d'Aosta/Vallée d'Aoste;AO;Valle d'Aosta/Vallée d'Aoste;ITC20
007066;Sarre;I442;Valle d'Aosta/Vallée d'Aoste;AO;Valle d'Aosta/Vallée d'Aoste;ITC20
007067;Torgnon;L217;Valle d'Aosta/Vallée d'Aoste;AO;Valle d'Aosta/Vallée d'Aoste;ITC20
007068;Valgrisenche;L582;Valle d'Aosta/Vallée d'Aoste;AO;Valle d'Aosta/Vallée d'Aoste;ITC20
007069;Valpelline;L643;Valle d'Aosta/Vallée d'Aoste;AO;Valle d'Aosta/Vallée d'Aoste;ITC20
007070;Valsavarenche;L647;Valle d'Aosta/Vallée d'Aoste;AO;Valle d'Aosta/Vallée d'Aoste;ITC20
007071;Valtournenche;L654;Valle d'Aosta/Vallée d'Aoste;AO;Valle d'Aosta/Vallée d'Aoste;ITC20
007072;Verrayes;L783;Valle d'Aosta/Vallée d'Aoste;AO;Valle d'Aosta/Vallée d'Aoste;ITC20
007073;Verrès;C282;Valle d'Aosta/Vallée d'Aoste;AO;Valle d'Aosta/Vallée d'Aoste;ITC20
007074;Villeneuve;L981;Valle d'Aosta/Vallée d'Aoste;AO;Valle d'Aosta/Vallée d'Aoste;ITC20
008001;Airole;A111;Imperia;IM;Liguria;ITC31
008002;Apricale;A338;Imperia;IM;Liguria;ITC31
008003;Aquila d'Arroscia;A344;Imperia;IM;Liguria;ITC31
008004;Armo;A418;Imperia;IM;Liguria;ITC31
008005;Aurigo;A499;Imperia;IM;Liguria;ITC31
008006;Badalucco;A536;Imperia;IM;Liguria;ITC31
008007;Bajardo;A581;Imperia;IM;Liguria;ITC31
008008;Bordighera;A984;Imperia;IM;Liguria;ITC31
008009;Borghetto d'Arroscia;A993;Imperia;IM;Liguria;ITC31
008010;Borgomaro;B020;Imperia;IM;Liguria;ITC31
008011;Camporosso;B559;Imperia;IM;Liguria;ITC31
008012;Caravonica;B734;Imperia;IM;Liguria;ITC31
008014;Castellaro;C143;Imperia;IM;Liguria;ITC31
008015;Castel Vittorio;C110;Imperia;IM;Liguria;ITC31
008016;Ceriana;C511;Imperia;IM;Liguria;ITC31
008017;Cervo;C559;Imperia;IM;Liguria;ITC31
008018;Cesio;C578;Imperia;IM;Liguria;ITC31
008019;Chiusanico;C657;Imperia;IM;Liguria;ITC31
008020;Chiusavecchia;C660;Imperia;IM;Liguria;ITC31
008021;Cipressa;C718;Imperia;IM;Liguria;ITC31
008022;Civezza;C755;Imperia;IM;Liguria;ITC31
008023;Cosio d'Arroscia;D087;Imperia;IM;Liguria;ITC31
008024;Costarainera;D114;Imperia;IM;Liguria;ITC31
008025;Diano Arentino;D293;Imperia;IM;Liguria;ITC31
008026;Diano Castello;D296;Imperia;IM;Liguria;ITC31
008027;Diano Marina;D297;Imperia;IM;Liguria;ITC31
008028;Diano San Pietro;D298;Imperia;IM;Liguria;ITC31
008029;Dolceacqua;D318;Imperia;IM;Liguria;ITC31
008030;Dolcedo;D319;Imperia;IM;Liguria;ITC31
008031;Imperia;E290;Imperia;IM;Liguria;ITC31
008032;Isolabona;E346;Imperia;IM;Liguria;ITC31
008033;Lucinasco;E719;Imperia;IM;Liguria;ITC31
008034;Mendatica;F123;Imperia;IM;Liguria;ITC31
008035;Molini di Triora;F290;Imperia;IM;Liguria;ITC31
008037;Montegrosso Pian Latte;F528;Imperia;IM;Liguria;ITC31
008038;Olivetta San Michele;G041;Imperia;IM;Liguria;ITC31
008039;Ospedaletti;G164;Imperia;IM;Liguria;ITC31
008040;Perinaldo;G454;Imperia;IM;Liguria;ITC31
008041;Pietrabruna;G607;Imperia;IM;Liguria;ITC31
008042;Pieve di Teco;G632;Imperia;IM;Liguria;ITC31
008043;Pigna;G660;Imperia;IM;Liguria;ITC31
008044;Pompeiana;G814;Imperia;IM;Liguria;ITC31
008045;Pontedassio;G840;Imperia;IM;Liguria;ITC31
008046;Pornassio;G890;Imperia;IM;Liguria;ITC31
008047;Prelà;H027;Imperia;IM;Liguria;ITC31
008048;Ranzo;H180;Imperia;IM;Liguria;ITC31
008049;Rezzo;H257;Imperia;IM;Liguria;ITC31
008050;Riva Ligure;H328;Imperia;IM;Liguria;ITC31
008051;Rocchetta Nervina;H460;Imperia;IM;Liguria;ITC31
008052;San Bartolomeo al Mare;H763;Imperia;IM;Liguria;ITC31
008053;San Biagio della Cima;H780;Imperia;IM;Liguria;ITC31
008054;San Lorenzo al Mare;H957;Imperia;IM;Liguria;ITC31
008055;Sanremo;I138;Imperia;IM;Liguria;ITC31
008056;Santo Stefano al Mare;I365;Imperia;IM;Liguria;ITC31
008057;Seborga;I556;Imperia;IM;Liguria;ITC31
008058;Soldano;I796;Imperia;IM;Liguria;ITC31
008059;Taggia;L024;Imperia;IM;Liguria;ITC31
008060;Terzorio;L146;Imperia;IM;Liguria;ITC31
008061;Triora;L430;Imperia;IM;Liguria;ITC31
008062;Vallebona;L596;Imperia;IM;Liguria;ITC31
008063;Vallecrosia;L599;Imperia;IM;Liguria;ITC31
008064;Vasia;L693;Imperia;IM;Liguria;ITC31
008065;Ventimiglia;L741;Imperia;IM;Liguria;ITC31
008066;Vessalico;L809;Imperia;IM;Liguria;ITC31
008067;Villa Faraldi;L943;Imperia;IM;Liguria;ITC31
008068;Montalto Carpasio;M387;Imperia;IM;Liguria;ITC31
009001;Alassio;A122;Savona;SV;Liguria;ITC32
009002;Albenga;A145;Savona;SV;Liguria;ITC32
009003;Albissola Marina;A165;Savona;SV;Liguria;ITC32
009004;Albisola Superiore;A166;Savona;SV;Liguria;ITC32
009005;Altare;A226;Savona;SV;Liguria;ITC32
009006;Andora;A278;Savona;SV;Liguria;ITC32
009007;Arnasco;A422;Savona;SV;Liguria;ITC32
009008;Balestrino;A593;Savona;SV;Liguria;ITC32
009009;Bardineto;A647;Savona;SV;Liguria;ITC32
009010;Bergeggi;A796;Savona;SV;Liguria;ITC32
009011;Boissano;A931;Savona;SV;Liguria;ITC32
009012;Borghetto Santo Spirito;A999;Savona;SV;Liguria;ITC32
009013;Borgio Verezzi;B005;Savona;SV;Liguria;ITC32
009014;Bormida;B048;Savona;SV;Liguria;ITC32
009015;Cairo Montenotte;B369;Savona;SV;Liguria;ITC32
009016;Calice Ligure;B409;Savona;SV;Liguria;ITC32
009017;Calizzano;B416;Savona;SV;Liguria;ITC32
009018;Carcare;B748;Savona;SV;Liguria;ITC32
009019;Casanova Lerrone;B927;Savona;SV;Liguria;ITC32
009020;Castelbianco;C063;Savona;SV;Liguria;ITC32
009021;Castelvecchio di Rocca Barbena;C276;Savona;SV;Liguria;ITC32
009022;Celle Ligure;C443;Savona;SV;Liguria;ITC32
009023;Cengio;C463;Savona;SV;Liguria;ITC32
009024;Ceriale;C510;Savona;SV;Liguria;ITC32
009025;Cisano sul Neva;C729;Savona;SV;Liguria;ITC32
009026;Cosseria;D095;Savona;SV;Liguria;ITC32
009027;Dego;D264;Savona;SV;Liguria;ITC32
009028;Erli;D424;Savona;SV;Liguria;ITC32
009029;Finale Ligure;D600;Savona;SV;Liguria;ITC32
009030;Garlenda;D927;Savona;SV;Liguria;ITC32
009031;Giustenice;E064;Savona;SV;Liguria;ITC32
009032;Giusvalla;E066;Savona;SV;Liguria;ITC32
009033;Laigueglia;E414;Savona;SV;Liguria;ITC32
009034;Loano;E632;Savona;SV;Liguria;ITC32
009035;Magliolo;E816;Savona;SV;Liguria;ITC32
009036;Mallare;E860;Savona;SV;Liguria;ITC32
009037;Massimino;F046;Savona;SV;Liguria;ITC32
009038;Millesimo;F213;Savona;SV;Liguria;ITC32
009039;Mioglia;F226;Savona;SV;Liguria;ITC32
009040;Murialdo;F813;Savona;SV;Liguria;ITC32
009041;Nasino;F847;Savona;SV;Liguria;ITC32
009042;Noli;F926;Savona;SV;Liguria;ITC32
009043;Onzo;G076;Savona;SV;Liguria;ITC32
009044;Orco Feglino;D522;Savona;SV;Liguria;ITC32
009045;Ortovero;G144;Savona;SV;Liguria;ITC32
009046;Osiglia;G155;Savona;SV;Liguria;ITC32
009047;Pallare;G281;Savona;SV;Liguria;ITC32
009048;Piana Crixia;G542;Savona;SV;Liguria;ITC32
009049;Pietra Ligure;G605;Savona;SV;Liguria;ITC32
009050;Plodio;G741;Savona;SV;Liguria;ITC32
009051;Pontinvrea;G866;Savona;SV;Liguria;ITC32
009052;Quiliano;H126;Savona;SV;Liguria;ITC32
009053;Rialto;H266;Savona;SV;Liguria;ITC32
009054;Roccavignale;H452;Savona;SV;Liguria;ITC32
009055;Sassello;I453;Savona;SV;Liguria;ITC32
009056;Savona;I480;Savona;SV;Liguria;ITC32
009057;Spotorno;I926;Savona;SV;Liguria;ITC32
009058;Stella;I946;Savona;SV;Liguria;ITC32
009059;Stellanello;I947;Savona;SV;Liguria;ITC32
009060;Testico;L152;Savona;SV;Liguria;ITC32
009061;Toirano;L190;Savona;SV;Liguria;ITC32
009062;Tovo San Giacomo;L315;Savona;SV;Liguria;ITC32
009063;Urbe;L499;Savona;SV;Liguria;ITC32
009064;Vado Ligure;L528;Savona;SV;Liguria;ITC32
009065;Varazze;L675;Savona;SV;Liguria;ITC32
009066;Vendone;L730;Savona;SV;Liguria;ITC32
009067;Vezzi Portio;L823;Savona;SV;Liguria;ITC32
009068;Villanova d'Albenga;L975;Savona;SV;Liguria;ITC32
009069;Zuccarello;M197;Savona;SV;Liguria;ITC32
010001;Arenzano;A388;Genova;GE;Liguria;ITC33
010002;Avegno;A506;Genova;GE;Liguria;ITC33
010003;Bargagli;A658;Genova;GE;Liguria;ITC33
010004;Bogliasco;A922;Genova;GE;Liguria;ITC33
010005;Borzonasca;B067;Genova;GE;Liguria;ITC33
010006;Busalla;B282;Genova;GE;Liguria;ITC33
010007;Camogli;B490;Genova;GE;Liguria;ITC33
010008;Campo Ligure;B538;Genova;GE;Liguria;ITC33
010009;Campomorone;B551;Genova;GE;Liguria;ITC33
010010;Carasco;B726;Genova;GE;Liguria;ITC33
010011;Casarza Ligure;B939;Genova;GE;Liguria;ITC33
010012;Casella;B956;Genova;GE;Liguria;ITC33
010013;Castiglione Chiavarese;C302;Genova;GE;Liguria;ITC33
010014;Ceranesi;C481;Genova;GE;Liguria;ITC33
010015;Chiavari;C621;Genova;GE;Liguria;ITC33
010016;Cicagna;C673;Genova;GE;Liguria;ITC33
010017;Cogoleto;C823;Genova;GE;Liguria;ITC33
010018;Cogorno;C826;Genova;GE;Liguria;ITC33
010019;Coreglia Ligure;C995;Genova;GE;Liguria;ITC33
010020;Crocefieschi;D175;Genova;GE;Liguria;ITC33
010021;Davagna;D255;Genova;GE;Liguria;ITC33
010022;Fascia;D509;Genova;GE;Liguria;ITC33
010023;Favale di Malvaro;D512;Genova;GE;Liguria;ITC33
010024;Fontanigorda;D677;Genova;GE;Liguria;ITC33
010025;Genova;D969;Genova;GE;Liguria;ITC33
010026;Gorreto;E109;Genova;GE;Liguria;ITC33
010027;Isola del Cantone;E341;Genova;GE;Liguria;ITC33
010028;Lavagna;E488;Genova;GE;Liguria;ITC33
010029;Leivi;E519;Genova;GE;Liguria;ITC33
010030;Lorsica;E695;Genova;GE;Liguria;ITC33
010031;Lumarzo;E737;Genova;GE;Liguria;ITC33
010032;Masone;F020;Genova;GE;Liguria;ITC33
010033;Mele;F098;Genova;GE;Liguria;ITC33
010034;Mezzanego;F173;Genova;GE;Liguria;ITC33
010035;Mignanego;F202;Genova;GE;Liguria;ITC33
010036;Moconesi;F256;Genova;GE;Liguria;ITC33
010037;Moneglia;F354;Genova;GE;Liguria;ITC33
010038;Montebruno;F445;Genova;GE;Liguria;ITC33
010039;Montoggio;F682;Genova;GE;Liguria;ITC33
010040;Ne;F858;Genova;GE;Liguria;ITC33
010041;Neirone;F862;Genova;GE;Liguria;ITC33
010042;Orero;G093;Genova;GE;Liguria;ITC33
010043;Pieve Ligure;G646;Genova;GE;Liguria;ITC33
010044;Portofino;G913;Genova;GE;Liguria;ITC33
010045;Propata;H073;Genova;GE;Liguria;ITC33
010046;Rapallo;H183;Genova;GE;Liguria;ITC33
010047;Recco;H212;Genova;GE;Liguria;ITC33
010048;Rezzoaglio;H258;Genova;GE;Liguria;ITC33
010049;Ronco Scrivia;H536;Genova;GE;Liguria;ITC33
010050;Rondanina;H546;Genova;GE;Liguria;ITC33
010051;Rossiglione;H581;Genova;GE;Liguria;ITC33
010052;Rovegno;H599;Genova;GE;Liguria;ITC33
010053;San Colombano Certenoli;H802;Genova;GE;Liguria;ITC33
010054;Santa Margherita Ligure;I225;Genova;GE;Liguria;ITC33
010055;Sant'Olcese;I346;Genova;GE;Liguria;ITC33
010056;Santo Stefano d'Aveto;I368;Genova;GE;Liguria;ITC33
010057;Savignone;I475;Genova;GE;Liguria;ITC33
010058;Serra Riccò;I640;Genova;GE;Liguria;ITC33
010059;Sestri Levante;I693;Genova;GE;Liguria;ITC33
010060;Sori;I852;Genova;GE;Liguria;ITC33
010061;Tiglieto;L167;Genova;GE;Liguria;ITC33
010062;Torriglia;L298;Genova;GE;Liguria;ITC33
010063;Tribogna;L416;Genova;GE;Liguria;ITC33
010064;Uscio;L507;Genova;GE;Liguria;ITC33
010065;Valbrevenna;L546;Genova;GE;Liguria;ITC33
010066;Vobbia;M105;Genova;GE;Liguria;ITC33
010067;Zoagli;M182;Genova;GE;Liguria;ITC33
011001;Ameglia;A261;La Spezia;SP;Liguria;ITC34
011002;Arcola;A373;La Spezia;SP;Liguria;ITC34
011003;Beverino;A836;La Spezia;SP;Liguria;ITC34
011004;Bolano;A932;La Spezia;SP;Liguria;ITC34
011005;Bonassola;A961;La Spezia;SP;Liguria;ITC34
011006;Borghetto di Vara;A992;La Spezia;SP;Liguria;ITC34
011007;Brugnato;B214;La Spezia;SP;Liguria;ITC34
011008;Calice al Cornoviglio;B410;La Spezia;SP;Liguria;ITC34
011009;Carro;B838;La Spezia;SP;Liguria;ITC34
011010;Carrodano;B839;La Spezia;SP;Liguria;ITC34
011011;Castelnuovo Magra;C240;La Spezia;SP;Liguria;ITC34
011012;Deiva Marina;D265;La Spezia;SP;Liguria;ITC34
011013;Follo;D655;La Spezia;SP;Liguria;ITC34
011014;Framura;D758;La Spezia;SP;Liguria;ITC34
011015;La Spezia;E463;La Spezia;SP;Liguria;ITC34
011016;Lerici;E542;La Spezia;SP;Liguria;ITC34
011017;Levanto;E560;La Spezia;SP;Liguria;ITC34
011018;Maissana;E842;La Spezia;SP;Liguria;ITC34
011019;Monterosso al Mare;F609;La Spezia;SP;Liguria;ITC34
011020;Luni;G143;La Spezia;SP;Liguria;ITC34
011021;Pignone;G664;La Spezia;SP;Liguria;ITC34
011022;Portovenere;G925;La Spezia;SP;Liguria;ITC34
011023;Riccò del Golfo di Spezia;H275;La Spezia;SP;Liguria;ITC34
011024;Riomaggiore;H304;La Spezia;SP;Liguria;ITC34
011025;Rocchetta di Vara;H461;La Spezia;SP;Liguria;ITC34
011026;Santo Stefano di Magra;I363;La Spezia;SP;Liguria;ITC34
011027;Sarzana;I449;La Spezia;SP;Liguria;ITC34
011028;Sesta Godano;E070;La Spezia;SP;Liguria;ITC34
011029;Varese Ligure;L681;La Spezia;SP;Liguria;ITC34
011030;Vernazza;L774;La Spezia;SP;Liguria;ITC34
011031;Vezzano Ligure;L819;La Spezia;SP;Liguria;ITC34
011032;Zignago;M177;La Spezia;SP;Liguria;ITC34
012001;Agra;A085;Varese;VA;Lombardia;ITC41
012002;Albizzate;A167;Varese;VA;Lombardia;ITC41
012003;Angera;A290;Varese;VA;Lombardia;ITC41
012004;Arcisate;A371;Varese;VA;Lombardia;ITC41
012005;Arsago Seprio;A441;Varese;VA;Lombardia;ITC41
012006;Azzate;A531;Varese;VA;Lombardia;ITC41
012007;Azzio;A532;Varese;VA;Lombardia;ITC41
012008;Barasso;A619;Varese;VA;Lombardia;ITC41
012010;Bedero Valcuvia;A728;Varese;VA;Lombardia;ITC41
012011;Besano;A819;Varese;VA;Lombardia;ITC41
012012;Besnate;A825;Varese;VA;Lombardia;ITC41
012013;Besozzo;A826;Varese;VA;Lombardia;ITC41
012014;Biandronno;A845;Varese;VA;Lombardia;ITC41
012015;Bisuschio;A891;Varese;VA;Lombardia;ITC41
012016;Bodio Lomnago;A918;Varese;VA;Lombardia;ITC41
012017;Brebbia;B126;Varese;VA;Lombardia;ITC41
012019;Brenta;B150;Varese;VA;Lombardia;ITC41
012020;Brezzo di Bedero;B166;Varese;VA;Lombardia;ITC41
012021;Brinzio;B182;Varese;VA;Lombardia;ITC41
012022;Brissago-Valtravaglia;B191;Varese;VA;Lombardia;ITC41
012023;Brunello;B219;Varese;VA;Lombardia;ITC41
012024;Brusimpiano;B228;Varese;VA;Lombardia;ITC41
012025;Buguggiate;B258;Varese;VA;Lombardia;ITC41
012026;Busto Arsizio;B300;Varese;VA;Lombardia;ITC41
012027;Cadegliano-Viconago;B326;Varese;VA;Lombardia;ITC41
012029;Cairate;B368;Varese;VA;Lombardia;ITC41
012030;Cantello;B634;Varese;VA;Lombardia;ITC41
012031;Caravate;B732;Varese;VA;Lombardia;ITC41
012032;Cardano al Campo;B754;Varese;VA;Lombardia;ITC41
012033;Carnago;B796;Varese;VA;Lombardia;ITC41
012034;Caronno Pertusella;B805;Varese;VA;Lombardia;ITC41
012035;Caronno Varesino;B807;Varese;VA;Lombardia;ITC41
012036;Casale Litta;B875;Varese;VA;Lombardia;ITC41
012037;Casalzuigno;B921;Varese;VA;Lombardia;ITC41
012038;Casciago;B949;Varese;VA;Lombardia;ITC41
012039;Casorate Sempione;B987;Varese;VA;Lombardia;ITC41
012040;Cassano Magnago;C004;Varese;VA;Lombardia;ITC41
012041;Cassano Valcuvia;B999;Varese;VA;Lombardia;ITC41
012042;Castellanza;C139;Varese;VA;Lombardia;ITC41
012043;Castello Cabiaglio;B312;Varese;VA;Lombardia;ITC41
012044;Castelseprio;C273;Varese;VA;Lombardia;ITC41
012045;Castelveccana;C181;Varese;VA;Lombardia;ITC41
012046;Castiglione Olona;C300;Varese;VA;Lombardia;ITC41
012047;Castronno;C343;Varese;VA;Lombardia;ITC41
012048;Cavaria con Premezzo;C382;Varese;VA;Lombardia;ITC41
012049;Cazzago Brabbia;C409;Varese;VA;Lombardia;ITC41
012050;Cislago;C732;Varese;VA;Lombardia;ITC41
012051;Cittiglio;C751;Varese;VA;Lombardia;ITC41
012052;Clivio;C796;Varese;VA;Lombardia;ITC41
012053;Cocquio-Trevisago;C810;Varese;VA;Lombardia;ITC41
012054;Comabbio;C911;Varese;VA;Lombardia;ITC41
012055;Comerio;C922;Varese;VA;Lombardia;ITC41
012056;Cremenaga;D144;Varese;VA;Lombardia;ITC41
012057;Crosio della Valle;D185;Varese;VA;Lombardia;ITC41
012058;Cuasso al Monte;D192;Varese;VA;Lombardia;ITC41
012059;Cugliate-Fabiasco;D199;Varese;VA;Lombardia;ITC41
012060;Cunardo;D204;Varese;VA;Lombardia;ITC41
012061;Curiglia con Monteviasco;D217;Varese;VA;Lombardia;ITC41
012062;Cuveglio;D238;Varese;VA;Lombardia;ITC41
012063;Cuvio;D239;Varese;VA;Lombardia;ITC41
012064;Daverio;D256;Varese;VA;Lombardia;ITC41
012065;Dumenza;D384;Varese;VA;Lombardia;ITC41
012066;Duno;D385;Varese;VA;Lombardia;ITC41
012067;Fagnano Olona;D467;Varese;VA;Lombardia;ITC41
012068;Ferno;D543;Varese;VA;Lombardia;ITC41
012069;Ferrera di Varese;D551;Varese;VA;Lombardia;ITC41
012070;Gallarate;D869;Varese;VA;Lombardia;ITC41
012071;Galliate Lombardo;D871;Varese;VA;Lombardia;ITC41
012072;Gavirate;D946;Varese;VA;Lombardia;ITC41
012073;Gazzada Schianno;D951;Varese;VA;Lombardia;ITC41
012074;Gemonio;D963;Varese;VA;Lombardia;ITC41
012075;Gerenzano;D981;Varese;VA;Lombardia;ITC41
012076;Germignaga;D987;Varese;VA;Lombardia;ITC41
012077;Golasecca;E079;Varese;VA;Lombardia;ITC41
012078;Gorla Maggiore;E101;Varese;VA;Lombardia;ITC41
012079;Gorla Minore;E102;Varese;VA;Lombardia;ITC41
012080;Gornate Olona;E104;Varese;VA;Lombardia;ITC41
012081;Grantola;E144;Varese;VA;Lombardia;ITC41
012082;Inarzo;E292;Varese;VA;Lombardia;ITC41
012083;Induno Olona;E299;Varese;VA;Lombardia;ITC41
012084;Ispra;E367;Varese;VA;Lombardia;ITC41
012085;Jerago con Orago;E386;Varese;VA;Lombardia;ITC41
012086;Lavena Ponte Tresa;E494;Varese;VA;Lombardia;ITC41
012087;Laveno-Mombello;E496;Varese;VA;Lombardia;ITC41
012088;Leggiuno;E510;Varese;VA;Lombardia;ITC41
012089;Lonate Ceppino;E665;Varese;VA;Lombardia;ITC41
012090;Lonate Pozzolo;E666;Varese;VA;Lombardia;ITC41
012091;Lozza;E707;Varese;VA;Lombardia;ITC41
012092;Luino;E734;Varese;VA;Lombardia;ITC41
012093;Luvinate;E769;Varese;VA;Lombardia;ITC41
012096;Malnate;E863;Varese;VA;Lombardia;ITC41
012097;Marchirolo;E929;Varese;VA;Lombardia;ITC41
012098;Marnate;E965;Varese;VA;Lombardia;ITC41
012099;Marzio;F002;Varese;VA;Lombardia;ITC41
012100;Masciago Primo;F007;Varese;VA;Lombardia;ITC41
012101;Mercallo;F134;Varese;VA;Lombardia;ITC41
012102;Mesenzana;F154;Varese;VA;Lombardia;ITC41
012103;Montegrino Valtravaglia;F526;Varese;VA;Lombardia;ITC41
012104;Monvalle;F703;Varese;VA;Lombardia;ITC41
012105;Morazzone;F711;Varese;VA;Lombardia;ITC41
012106;Mornago;F736;Varese;VA;Lombardia;ITC41
012107;Oggiona con Santo Stefano;G008;Varese;VA;Lombardia;ITC41
012108;Olgiate Olona;G028;Varese;VA;Lombardia;ITC41
012109;Origgio;G103;Varese;VA;Lombardia;ITC41
012110;Orino;G105;Varese;VA;Lombardia;ITC41
012113;Porto Ceresio;G906;Varese;VA;Lombardia;ITC41
012114;Porto Valtravaglia;G907;Varese;VA;Lombardia;ITC41
012115;Rancio Valcuvia;H173;Varese;VA;Lombardia;ITC41
012116;Ranco;H174;Varese;VA;Lombardia;ITC41
012117;Saltrio;H723;Varese;VA;Lombardia;ITC41
012118;Samarate;H736;Varese;VA;Lombardia;ITC41
012119;Saronno;I441;Varese;VA;Lombardia;ITC41
012120;Sesto Calende;I688;Varese;VA;Lombardia;ITC41
012121;Solbiate Arno;I793;Varese;VA;Lombardia;ITC41
012122;Solbiate Olona;I794;Varese;VA;Lombardia;ITC41
012123;Somma Lombardo;I819;Varese;VA;Lombardia;ITC41
012124;Sumirago;L003;Varese;VA;Lombardia;ITC41
012125;Taino;L032;Varese;VA;Lombardia;ITC41
012126;Ternate;L115;Varese;VA;Lombardia;ITC41
012127;Tradate;L319;Varese;VA;Lombardia;ITC41
012128;Travedona-Monate;L342;Varese;VA;Lombardia;ITC41
012129;Tronzano Lago Maggiore;A705;Varese;VA;Lombardia;ITC41
012130;Uboldo;L480;Varese;VA;Lombardia;ITC41
012131;Valganna;L577;Varese;VA;Lombardia;ITC41
012132;Varano Borghi;L671;Varese;VA;Lombardia;ITC41
012133;Varese;L682;Varese;VA;Lombardia;ITC41
012134;Vedano Olona;L703;Varese;VA;Lombardia;ITC41
012136;Venegono Inferiore;L733;Varese;VA;Lombardia;ITC41
012137;Venegono Superiore;L734;Varese;VA;Lombardia;ITC41
012138;Vergiate;L765;Varese;VA;Lombardia;ITC41
012139;Viggiù;L876;Varese;VA;Lombardia;ITC41
012140;Vizzola Ticino;M101;Varese;VA;Lombardia;ITC41
012141;Sangiano;H872;Varese;VA;Lombardia;ITC41
012142;Maccagno con Pino e Veddasca;M339;Varese;VA;Lombardia;ITC41
012143;Cadrezzate con Osmate;M425;Varese;VA;Lombardia;ITC41
012144;Bardello con Malgesso e Bregano;M433;Varese;VA;Lombardia;ITC41
013003;Albavilla;A143;Como;CO;Lombardia;ITC42
013004;Albese con Cassano;A153;Como;CO;Lombardia;ITC42
013005;Albiolo;A164;Como;CO;Lombardia;ITC42
013006;Alserio;A224;Como;CO;Lombardia;ITC42
013007;Alzate Brianza;A249;Como;CO;Lombardia;ITC42
013009;Anzano del Parco;A319;Como;CO;Lombardia;ITC42
013010;Appiano Gentile;A333;Como;CO;Lombardia;ITC42
013011;Argegno;A391;Como;CO;Lombardia;ITC42
013012;Arosio;A430;Como;CO;Lombardia;ITC42
013013;Asso;A476;Como;CO;Lombardia;ITC42
013015;Barni;A670;Como;CO;Lombardia;ITC42
013021;Bene Lario;A778;Como;CO;Lombardia;ITC42
013022;Beregazzo con Figliaro;A791;Como;CO;Lombardia;ITC42
013023;Binago;A870;Como;CO;Lombardia;ITC42
013024;Bizzarone;A898;Como;CO;Lombardia;ITC42
013025;Blessagno;A904;Como;CO;Lombardia;ITC42
013026;Blevio;A905;Como;CO;Lombardia;ITC42
013028;Bregnano;B134;Como;CO;Lombardia;ITC42
013029;Brenna;B144;Como;CO;Lombardia;ITC42
013030;Brienno;B172;Como;CO;Lombardia;ITC42
013032;Brunate;B218;Como;CO;Lombardia;ITC42
013034;Bulgarograsso;B262;Como;CO;Lombardia;ITC42
013035;Cabiate;B313;Como;CO;Lombardia;ITC42
013036;Cadorago;B346;Como;CO;Lombardia;ITC42
013037;Caglio;B355;Como;CO;Lombardia;ITC42
013040;Campione d'Italia;B513;Como;CO;Lombardia;ITC42
013041;Cantù;B639;Como;CO;Lombardia;ITC42
013042;Canzo;B641;Como;CO;Lombardia;ITC42
013043;Capiago Intimiano;B653;Como;CO;Lombardia;ITC42
013044;Carate Urio;B730;Como;CO;Lombardia;ITC42
013045;Carbonate;B742;Como;CO;Lombardia;ITC42
013046;Carimate;B778;Como;CO;Lombardia;ITC42
013047;Carlazzo;B785;Como;CO;Lombardia;ITC42
013048;Carugo;B851;Como;CO;Lombardia;ITC42
013052;Caslino d'Erba;B974;Como;CO;Lombardia;ITC42
013053;Casnate con Bernate;B977;Como;CO;Lombardia;ITC42
013055;Cassina Rizzardi;C020;Como;CO;Lombardia;ITC42
013058;Castelmarte;C206;Como;CO;Lombardia;ITC42
013059;Castelnuovo Bozzente;C220;Como;CO;Lombardia;ITC42
013062;Cavargna;C381;Como;CO;Lombardia;ITC42
013063;Cerano d'Intelvi;C482;Como;CO;Lombardia;ITC42
013064;Cermenate;C516;Como;CO;Lombardia;ITC42
013065;Cernobbio;C520;Como;CO;Lombardia;ITC42
013068;Cirimido;C724;Como;CO;Lombardia;ITC42
013071;Claino con Osteno;C787;Como;CO;Lombardia;ITC42
013074;Colonno;C902;Como;CO;Lombardia;ITC42
013075;Como;C933;Como;CO;Lombardia;ITC42
013077;Corrido;D041;Como;CO;Lombardia;ITC42
013083;Cremia;D147;Como;CO;Lombardia;ITC42
013084;Cucciago;D196;Como;CO;Lombardia;ITC42
013085;Cusino;D232;Como;CO;Lombardia;ITC42
013087;Dizzasco;D310;Como;CO;Lombardia;ITC42
013089;Domaso;D329;Como;CO;Lombardia;ITC42
013090;Dongo;D341;Como;CO;Lombardia;ITC42
013092;Dosso del Liro;D355;Como;CO;Lombardia;ITC42
013095;Erba;D416;Como;CO;Lombardia;ITC42
013097;Eupilio;D445;Como;CO;Lombardia;ITC42
013098;Faggeto Lario;D462;Como;CO;Lombardia;ITC42
013099;Faloppio;D482;Como;CO;Lombardia;ITC42
013100;Fenegrò;D531;Como;CO;Lombardia;ITC42
013101;Figino Serenza;D579;Como;CO;Lombardia;ITC42
013102;Fino Mornasco;D605;Como;CO;Lombardia;ITC42
013106;Garzeno;D930;Como;CO;Lombardia;ITC42
013107;Gera Lario;D974;Como;CO;Lombardia;ITC42
013110;Grandate;E139;Como;CO;Lombardia;ITC42
013111;Grandola ed Uniti;E141;Como;CO;Lombardia;ITC42
013113;Griante;E172;Como;CO;Lombardia;ITC42
013114;Guanzate;E235;Como;CO;Lombardia;ITC42
013118;Inverigo;E309;Como;CO;Lombardia;ITC42
013119;Laglio;E405;Como;CO;Lombardia;ITC42
013120;Laino;E416;Como;CO;Lombardia;ITC42
013121;Lambrugo;E428;Como;CO;Lombardia;ITC42
013123;Lasnigo;E462;Como;CO;Lombardia;ITC42
013126;Lezzeno;E569;Como;CO;Lombardia;ITC42
013128;Limido Comasco;E593;Como;CO;Lombardia;ITC42
013129;Lipomo;E607;Como;CO;Lombardia;ITC42
013130;Livo;E623;Como;CO;Lombardia;ITC42
013131;Locate Varesino;E638;Como;CO;Lombardia;ITC42
013133;Lomazzo;E659;Como;CO;Lombardia;ITC42
013134;Longone al Segrino;E679;Como;CO;Lombardia;ITC42
013135;Luisago;E735;Como;CO;Lombardia;ITC42
013136;Lurago d'Erba;E749;Como;CO;Lombardia;ITC42
013137;Lurago Marinone;E750;Como;CO;Lombardia;ITC42
013138;Lurate Caccivio;E753;Como;CO;Lombardia;ITC42
013139;Magreglio;E830;Como;CO;Lombardia;ITC42
013143;Mariano Comense;E951;Como;CO;Lombardia;ITC42
013144;Maslianico;F017;Como;CO;Lombardia;ITC42
013145;Menaggio;F120;Como;CO;Lombardia;ITC42
013147;Merone;F151;Como;CO;Lombardia;ITC42
013152;Moltrasio;F305;Como;CO;Lombardia;ITC42
013153;Monguzzo;F372;Como;CO;Lombardia;ITC42
013154;Montano Lucino;F427;Como;CO;Lombardia;ITC42
013155;Montemezzo;F564;Como;CO;Lombardia;ITC42
013157;Montorfano;F688;Como;CO;Lombardia;ITC42
013159;Mozzate;F788;Como;CO;Lombardia;ITC42
013160;Musso;F828;Como;CO;Lombardia;ITC42
013161;Nesso;F877;Como;CO;Lombardia;ITC42
013163;Novedrate;F958;Como;CO;Lombardia;ITC42
013165;Olgiate Comasco;G025;Como;CO;Lombardia;ITC42
013169;Oltrona di San Mamette;G056;Como;CO;Lombardia;ITC42
013170;Orsenigo;G126;Como;CO;Lombardia;ITC42
013178;Peglio;G415;Como;CO;Lombardia;ITC42
013183;Pianello del Lario;G556;Como;CO;Lombardia;ITC42
013184;Pigra;G665;Como;CO;Lombardia;ITC42
013185;Plesio;G737;Como;CO;Lombardia;ITC42
013186;Pognana Lario;G773;Como;CO;Lombardia;ITC42
013187;Ponna;G821;Como;CO;Lombardia;ITC42
013188;Ponte Lambro;G847;Como;CO;Lombardia;ITC42
013189;Porlezza;G889;Como;CO;Lombardia;ITC42
013192;Proserpio;H074;Como;CO;Lombardia;ITC42
013193;Pusiano;H094;Como;CO;Lombardia;ITC42
013195;Rezzago;H255;Como;CO;Lombardia;ITC42
013197;Rodero;H478;Como;CO;Lombardia;ITC42
013201;Rovellasca;H601;Como;CO;Lombardia;ITC42
013202;Rovello Porro;H602;Como;CO;Lombardia;ITC42
013203;Sala Comacina;H679;Como;CO;Lombardia;ITC42
013204;San Bartolomeo Val Cavargna;H760;Como;CO;Lombardia;ITC42
013206;San Fermo della Battaglia;H840;Como;CO;Lombardia;ITC42
013207;San Nazzaro Val Cavargna;I051;Como;CO;Lombardia;ITC42
013211;Schignano;I529;Como;CO;Lombardia;ITC42
013212;Senna Comasco;I611;Como;CO;Lombardia;ITC42
013216;Sorico;I856;Como;CO;Lombardia;ITC42
013217;Sormano;I860;Como;CO;Lombardia;ITC42
013218;Stazzona;I943;Como;CO;Lombardia;ITC42
013222;Tavernerio;L071;Como;CO;Lombardia;ITC42
013223;Torno;L228;Como;CO;Lombardia;ITC42
013226;Trezzone;L413;Como;CO;Lombardia;ITC42
013227;Turate;L470;Como;CO;Lombardia;ITC42
013229;Valbrona;L547;Como;CO;Lombardia;ITC42
013232;Valmorea;L640;Como;CO;Lombardia;ITC42
013233;Val Rezzo;H259;Como;CO;Lombardia;ITC42
013234;Valsolda;C936;Como;CO;Lombardia;ITC42
013236;Veleso;L715;Como;CO;Lombardia;ITC42
013238;Veniano;L737;Como;CO;Lombardia;ITC42
013239;Vercana;L748;Como;CO;Lombardia;ITC42
013242;Vertemate con Minoprio;L792;Como;CO;Lombardia;ITC42
013245;Villa Guardia;L956;Como;CO;Lombardia;ITC42
013246;Zelbio;M156;Como;CO;Lombardia;ITC42
013248;San Siro;I162;Como;CO;Lombardia;ITC42
013249;Gravedona ed Uniti;M315;Como;CO;Lombardia;ITC42
013250;Bellagio;M335;Como;CO;Lombardia;ITC42
013251;Colverde;M336;Como;CO;Lombardia;ITC42
013252;Tremezzina;M341;Como;CO;Lombardia;ITC42
013253;Alta Valle Intelvi;M383;Como;CO;Lombardia;ITC42
013254;Centro Valle Intelvi;M394;Como;CO;Lombardia;ITC42
013255;Solbiate con Cagno;M412;Como;CO;Lombardia;ITC42
013256;Uggiate con Ronago;M435;Como;CO;Lombardia;ITC42
014001;Albaredo per San Marco;A135;Sondrio;SO;Lombardia;ITC44
014002;Albosaggia;A172;Sondrio;SO;Lombardia;ITC44
014003;Andalo Valtellino;A273;Sondrio;SO;Lombardia;ITC44
014004;Aprica;A337;Sondrio;SO;Lombardia;ITC44
014005;Ardenno;A382;Sondrio;SO;Lombardia;ITC44
014006;Bema;A777;Sondrio;SO;Lombardia;ITC44
014007;Berbenno di Valtellina;A787;Sondrio;SO;Lombardia;ITC44
014008;Bianzone;A848;Sondrio;SO;Lombardia;ITC44
014009;Bormio;B049;Sondrio;SO;Lombardia;ITC44
014010;Buglio in Monte;B255;Sondrio;SO;Lombardia;ITC44
014011;Caiolo;B366;Sondrio;SO;Lombardia;ITC44
014012;Campodolcino;B530;Sondrio;SO;Lombardia;ITC44
014013;Caspoggio;B993;Sondrio;SO;Lombardia;ITC44
014014;Castello dell'Acqua;C186;Sondrio;SO;Lombardia;ITC44
014015;Castione Andevenno;C325;Sondrio;SO;Lombardia;ITC44
014016;Cedrasco;C418;Sondrio;SO;Lombardia;ITC44
014017;Cercino;C493;Sondrio;SO;Lombardia;ITC44
014018;Chiavenna;C623;Sondrio;SO;Lombardia;ITC44
014019;Chiesa in Valmalenco;C628;Sondrio;SO;Lombardia;ITC44
014020;Chiuro;C651;Sondrio;SO;Lombardia;ITC44
014021;Cino;C709;Sondrio;SO;Lombardia;ITC44
014022;Civo;C785;Sondrio;SO;Lombardia;ITC44
014023;Colorina;C903;Sondrio;SO;Lombardia;ITC44
014024;Cosio Valtellino;D088;Sondrio;SO;Lombardia;ITC44
014025;Dazio;D258;Sondrio;SO;Lombardia;ITC44
014026;Delebio;D266;Sondrio;SO;Lombardia;ITC44
014027;Dubino;D377;Sondrio;SO;Lombardia;ITC44
014028;Faedo Valtellino;D456;Sondrio;SO;Lombardia;ITC44
014029;Forcola;D694;Sondrio;SO;Lombardia;ITC44
014030;Fusine;D830;Sondrio;SO;Lombardia;ITC44
014031;Gerola Alta;D990;Sondrio;SO;Lombardia;ITC44
014032;Gordona;E090;Sondrio;SO;Lombardia;ITC44
014033;Grosio;E200;Sondrio;SO;Lombardia;ITC44
014034;Grosotto;E201;Sondrio;SO;Lombardia;ITC44
014035;Madesimo;E342;Sondrio;SO;Lombardia;ITC44
014036;Lanzada;E443;Sondrio;SO;Lombardia;ITC44
014037;Livigno;E621;Sondrio;SO;Lombardia;ITC44
014038;Lovero;E705;Sondrio;SO;Lombardia;ITC44
014039;Mantello;E896;Sondrio;SO;Lombardia;ITC44
014040;Mazzo di Valtellina;F070;Sondrio;SO;Lombardia;ITC44
014041;Mello;F115;Sondrio;SO;Lombardia;ITC44
014043;Mese;F153;Sondrio;SO;Lombardia;ITC44
014044;Montagna in Valtellina;F393;Sondrio;SO;Lombardia;ITC44
014045;Morbegno;F712;Sondrio;SO;Lombardia;ITC44
014046;Novate Mezzola;F956;Sondrio;SO;Lombardia;ITC44
014047;Pedesina;G410;Sondrio;SO;Lombardia;ITC44
014048;Piantedo;G572;Sondrio;SO;Lombardia;ITC44
014049;Piateda;G576;Sondrio;SO;Lombardia;ITC44
014050;Piuro;G718;Sondrio;SO;Lombardia;ITC44
014051;Poggiridenti;G431;Sondrio;SO;Lombardia;ITC44
014052;Ponte in Valtellina;G829;Sondrio;SO;Lombardia;ITC44
014053;Postalesio;G937;Sondrio;SO;Lombardia;ITC44
014054;Prata Camportaccio;G993;Sondrio;SO;Lombardia;ITC44
014055;Rasura;H192;Sondrio;SO;Lombardia;ITC44
014056;Rogolo;H493;Sondrio;SO;Lombardia;ITC44
014057;Samolaco;H752;Sondrio;SO;Lombardia;ITC44
014058;San Giacomo Filippo;H868;Sondrio;SO;Lombardia;ITC44
014059;Sernio;I636;Sondrio;SO;Lombardia;ITC44
014060;Sondalo;I828;Sondrio;SO;Lombardia;ITC44
014061;Sondrio;I829;Sondrio;SO;Lombardia;ITC44
014062;Spriana;I928;Sondrio;SO;Lombardia;ITC44
014063;Talamona;L035;Sondrio;SO;Lombardia;ITC44
014064;Tartano;L056;Sondrio;SO;Lombardia;ITC44
014065;Teglio;L084;Sondrio;SO;Lombardia;ITC44
014066;Tirano;L175;Sondrio;SO;Lombardia;ITC44
014067;Torre di Santa Maria;L244;Sondrio;SO;Lombardia;ITC44
014068;Tovo di Sant'Agata;L316;Sondrio;SO;Lombardia;ITC44
014069;Traona;L330;Sondrio;SO;Lombardia;ITC44
014070;Tresivio;L392;Sondrio;SO;Lombardia;ITC44
014071;Valdidentro;L557;Sondrio;SO;Lombardia;ITC44
014072;Valdisotto;L563;Sondrio;SO;Lombardia;ITC44
014073;Valfurva;L576;Sondrio;SO;Lombardia;ITC44
014074;Val Masino;L638;Sondrio;SO;Lombardia;ITC44
014075;Verceia;L749;Sondrio;SO;Lombardia;ITC44
014076;Vervio;L799;Sondrio;SO;Lombardia;ITC44
014077;Villa di Chiavenna;L907;Sondrio;SO;Lombardia;ITC44
014078;Villa di Tirano;L908;Sondrio;SO;Lombardia;ITC44
015002;Abbiategrasso;A010;Milano;MI;Lombardia;ITC4C
015005;Albairate;A127;Milano;MI;Lombardia;ITC4C
015007;Arconate;A375;Milano;MI;Lombardia;ITC4C
015009;Arese;A389;Milano;MI;Lombardia;ITC4C
015010;Arluno;A413;Milano;MI;Lombardia;ITC4C
015011;Assago;A473;Milano;MI;Lombardia;ITC4C
015012;Bareggio;A652;Milano;MI;Lombardia;ITC4C
015014;Basiano;A697;Milano;MI;Lombardia;ITC4C
015015;Basiglio;A699;Milano;MI;Lombardia;ITC4C
015016;Bellinzago Lombardo;A751;Milano;MI;Lombardia;ITC4C
015019;Bernate Ticino;A804;Milano;MI;Lombardia;ITC4C
015022;Besate;A820;Milano;MI;Lombardia;ITC4C
015024;Binasco;A872;Milano;MI;Lombardia;ITC4C
015026;Boffalora sopra Ticino;A920;Milano;MI;Lombardia;ITC4C
015027;Bollate;A940;Milano;MI;Lombardia;ITC4C
015032;Bresso;B162;Milano;MI;Lombardia;ITC4C
015035;Bubbiano;B235;Milano;MI;Lombardia;ITC4C
015036;Buccinasco;B240;Milano;MI;Lombardia;ITC4C
015038;Buscate;B286;Milano;MI;Lombardia;ITC4C
015040;Bussero;B292;Milano;MI;Lombardia;ITC4C
015041;Busto Garolfo;B301;Milano;MI;Lombardia;ITC4C
015042;Calvignasco;B448;Milano;MI;Lombardia;ITC4C
015044;Cambiago;B461;Milano;MI;Lombardia;ITC4C
015046;Canegrate;B593;Milano;MI;Lombardia;ITC4C
015050;Carpiano;B820;Milano;MI;Lombardia;ITC4C
015051;Carugate;B850;Milano;MI;Lombardia;ITC4C
015055;Casarile;B938;Milano;MI;Lombardia;ITC4C
015058;Casorezzo;B989;Milano;MI;Lombardia;ITC4C
015059;Cassano d'Adda;C003;Milano;MI;Lombardia;ITC4C
015060;Cassina de' Pecchi;C014;Milano;MI;Lombardia;ITC4C
015061;Cassinetta di Lugagnano;C033;Milano;MI;Lombardia;ITC4C
015062;Castano Primo;C052;Milano;MI;Lombardia;ITC4C
015070;Cernusco sul Naviglio;C523;Milano;MI;Lombardia;ITC4C
015071;Cerro al Lambro;C536;Milano;MI;Lombardia;ITC4C
015072;Cerro Maggiore;C537;Milano;MI;Lombardia;ITC4C
015074;Cesano Boscone;C565;Milano;MI;Lombardia;ITC4C
015076;Cesate;C569;Milano;MI;Lombardia;ITC4C
015077;Cinisello Balsamo;C707;Milano;MI;Lombardia;ITC4C
015078;Cisliano;C733;Milano;MI;Lombardia;ITC4C
015081;Cologno Monzese;C895;Milano;MI;Lombardia;ITC4C
015082;Colturano;C908;Milano;MI;Lombardia;ITC4C
015085;Corbetta;C986;Milano;MI;Lombardia;ITC4C
015086;Cormano;D013;Milano;MI;Lombardia;ITC4C
015087;Cornaredo;D018;Milano;MI;Lombardia;ITC4C
015093;Corsico;D045;Milano;MI;Lombardia;ITC4C
015096;Cuggiono;D198;Milano;MI;Lombardia;ITC4C
015097;Cusago;D229;Milano;MI;Lombardia;ITC4C
015098;Cusano Milanino;D231;Milano;MI;Lombardia;ITC4C
015099;Dairago;D244;Milano;MI;Lombardia;ITC4C
015101;Dresano;D367;Milano;MI;Lombardia;ITC4C
015103;Gaggiano;D845;Milano;MI;Lombardia;ITC4C
015105;Garbagnate Milanese;D912;Milano;MI;Lombardia;ITC4C
015106;Gessate;D995;Milano;MI;Lombardia;ITC4C
015108;Gorgonzola;E094;Milano;MI;Lombardia;ITC4C
015110;Grezzago;E170;Milano;MI;Lombardia;ITC4C
015112;Gudo Visconti;E258;Milano;MI;Lombardia;ITC4C
015113;Inveruno;E313;Milano;MI;Lombardia;ITC4C
015114;Inzago;E317;Milano;MI;Lombardia;ITC4C
015115;Lacchiarella;E395;Milano;MI;Lombardia;ITC4C
015116;Lainate;E415;Milano;MI;Lombardia;ITC4C
015118;Legnano;E514;Milano;MI;Lombardia;ITC4C
015122;Liscate;E610;Milano;MI;Lombardia;ITC4C
015125;Locate di Triulzi;E639;Milano;MI;Lombardia;ITC4C
015130;Magenta;E801;Milano;MI;Lombardia;ITC4C
015131;Magnago;E819;Milano;MI;Lombardia;ITC4C
015134;Marcallo con Casone;E921;Milano;MI;Lombardia;ITC4C
015136;Masate;F003;Milano;MI;Lombardia;ITC4C
015139;Mediglia;F084;Milano;MI;Lombardia;ITC4C
015140;Melegnano;F100;Milano;MI;Lombardia;ITC4C
015142;Melzo;F119;Milano;MI;Lombardia;ITC4C
015144;Mesero;F155;Milano;MI;Lombardia;ITC4C
015146;Milano;F205;Milano;MI;Lombardia;ITC4C
015150;Morimondo;D033;Milano;MI;Lombardia;ITC4C
015151;Motta Visconti;F783;Milano;MI;Lombardia;ITC4C
015154;Nerviano;F874;Milano;MI;Lombardia;ITC4C
015155;Nosate;F939;Milano;MI;Lombardia;ITC4C
015157;Novate Milanese;F955;Milano;MI;Lombardia;ITC4C
015158;Noviglio;F968;Milano;MI;Lombardia;ITC4C
015159;Opera;G078;Milano;MI;Lombardia;ITC4C
015164;Ossona;G181;Milano;MI;Lombardia;ITC4C
015165;Ozzero;G206;Milano;MI;Lombardia;ITC4C
015166;Paderno Dugnano;G220;Milano;MI;Lombardia;ITC4C
015167;Pantigliate;G316;Milano;MI;Lombardia;ITC4C
015168;Parabiago;G324;Milano;MI;Lombardia;ITC4C
015169;Paullo;G385;Milano;MI;Lombardia;ITC4C
015170;Pero;C013;Milano;MI;Lombardia;ITC4C
015171;Peschiera Borromeo;G488;Milano;MI;Lombardia;ITC4C
015172;Pessano con Bornago;G502;Milano;MI;Lombardia;ITC4C
015173;Pieve Emanuele;G634;Milano;MI;Lombardia;ITC4C
015175;Pioltello;G686;Milano;MI;Lombardia;ITC4C
015176;Pogliano Milanese;G772;Milano;MI;Lombardia;ITC4C
015177;Pozzo d'Adda;G955;Milano;MI;Lombardia;ITC4C
015178;Pozzuolo Martesana;G965;Milano;MI;Lombardia;ITC4C
015179;Pregnana Milanese;H026;Milano;MI;Lombardia;ITC4C
015181;Rescaldina;H240;Milano;MI;Lombardia;ITC4C
015182;Rho;H264;Milano;MI;Lombardia;ITC4C
015183;Robecchetto con Induno;H371;Milano;MI;Lombardia;ITC4C
015184;Robecco sul Naviglio;H373;Milano;MI;Lombardia;ITC4C
015185;Rodano;H470;Milano;MI;Lombardia;ITC4C
015188;Rosate;H560;Milano;MI;Lombardia;ITC4C
015189;Rozzano;H623;Milano;MI;Lombardia;ITC4C
015191;San Colombano al Lambro;H803;Milano;MI;Lombardia;ITC4C
015192;San Donato Milanese;H827;Milano;MI;Lombardia;ITC4C
015194;San Giorgio su Legnano;H884;Milano;MI;Lombardia;ITC4C
015195;San Giuliano Milanese;H930;Milano;MI;Lombardia;ITC4C
015200;Santo Stefano Ticino;I361;Milano;MI;Lombardia;ITC4C
015201;San Vittore Olona;I409;Milano;MI;Lombardia;ITC4C
015202;San Zenone al Lambro;I415;Milano;MI;Lombardia;ITC4C
015204;Sedriano;I566;Milano;MI;Lombardia;ITC4C
015205;Segrate;I577;Milano;MI;Lombardia;ITC4C
015206;Senago;I602;Milano;MI;Lombardia;ITC4C
015209;Sesto San Giovanni;I690;Milano;MI;Lombardia;ITC4C
015210;Settala;I696;Milano;MI;Lombardia;ITC4C
015211;Settimo Milanese;I700;Milano;MI;Lombardia;ITC4C
015213;Solaro;I786;Milano;MI;Lombardia;ITC4C
015219;Trezzano Rosa;L408;Milano;MI;Lombardia;ITC4C
015220;Trezzano sul Naviglio;L409;Milano;MI;Lombardia;ITC4C
015221;Trezzo sull'Adda;L411;Milano;MI;Lombardia;ITC4C
015222;Tribiano;L415;Milano;MI;Lombardia;ITC4C
015224;Truccazzano;L454;Milano;MI;Lombardia;ITC4C
015226;Turbigo;L471;Milano;MI;Lombardia;ITC4C
015229;Vanzago;L665;Milano;MI;Lombardia;ITC4C
015230;Vaprio d'Adda;L667;Milano;MI;Lombardia;ITC4C
015236;Vernate;L773;Milano;MI;Lombardia;ITC4C
015237;Vignate;L883;Milano;MI;Lombardia;ITC4C
015242;Vimodrone;M053;Milano;MI;Lombardia;ITC4C
015243;Vittuone;M091;Milano;MI;Lombardia;ITC4C
015244;Vizzolo Predabissi;M102;Milano;MI;Lombardia;ITC4C
015247;Zibido San Giacomo;M176;Milano;MI;Lombardia;ITC4C
015248;Villa Cortese;L928;Milano;MI;Lombardia;ITC4C
015249;Vanzaghello;L664;Milano;MI;Lombardia;ITC4C
015250;Baranzate;A618;Milano;MI;Lombardia;ITC4C
015251;Vermezzo con Zelo;M424;Milano;MI;Lombardia;ITC4C
016001;Adrara San Martino;A057;Bergamo;BG;Lombardia;ITC46
016002;Adrara San Rocco;A058;Bergamo;BG;Lombardia;ITC46
016003;Albano Sant'Alessandro;A129;Bergamo;BG;Lombardia;ITC46
016004;Albino;A163;Bergamo;BG;Lombardia;ITC46
016005;Almè;A214;Bergamo;BG;Lombardia;ITC46
016006;Almenno San Bartolomeo;A216;Bergamo;BG;Lombardia;ITC46
016007;Almenno San Salvatore;A217;Bergamo;BG;Lombardia;ITC46
016008;Alzano Lombardo;A246;Bergamo;BG;Lombardia;ITC46
016009;Ambivere;A259;Bergamo;BG;Lombardia;ITC46
016010;Antegnate;A304;Bergamo;BG;Lombardia;ITC46
016011;Arcene;A365;Bergamo;BG;Lombardia;ITC46
016012;Ardesio;A383;Bergamo;BG;Lombardia;ITC46
016013;Arzago d'Adda;A440;Bergamo;BG;Lombardia;ITC46
016014;Averara;A511;Bergamo;BG;Lombardia;ITC46
016015;Aviatico;A517;Bergamo;BG;Lombardia;ITC46
016016;Azzano San Paolo;A528;Bergamo;BG;Lombardia;ITC46
016017;Azzone;A533;Bergamo;BG;Lombardia;ITC46
016018;Bagnatica;A557;Bergamo;BG;Lombardia;ITC46
016019;Barbata;A631;Bergamo;BG;Lombardia;ITC46
016020;Bariano;A664;Bergamo;BG;Lombardia;ITC46
016021;Barzana;A684;Bergamo;BG;Lombardia;ITC46
016022;Bedulita;A732;Bergamo;BG;Lombardia;ITC46
016023;Berbenno;A786;Bergamo;BG;Lombardia;ITC46
016024;Bergamo;A794;Bergamo;BG;Lombardia;ITC46
016025;Berzo San Fermo;A815;Bergamo;BG;Lombardia;ITC46
016026;Bianzano;A846;Bergamo;BG;Lombardia;ITC46
016027;Blello;A903;Bergamo;BG;Lombardia;ITC46
016028;Bolgare;A937;Bergamo;BG;Lombardia;ITC46
016029;Boltiere;A950;Bergamo;BG;Lombardia;ITC46
016030;Bonate Sopra;A963;Bergamo;BG;Lombardia;ITC46
016031;Bonate Sotto;A962;Bergamo;BG;Lombardia;ITC46
016032;Borgo di Terzo;B010;Bergamo;BG;Lombardia;ITC46
016033;Bossico;B083;Bergamo;BG;Lombardia;ITC46
016034;Bottanuco;B088;Bergamo;BG;Lombardia;ITC46
016035;Bracca;B112;Bergamo;BG;Lombardia;ITC46
016036;Branzi;B123;Bergamo;BG;Lombardia;ITC46
016037;Brembate;B137;Bergamo;BG;Lombardia;ITC46
016038;Brembate di Sopra;B138;Bergamo;BG;Lombardia;ITC46
016040;Brignano Gera d'Adda;B178;Bergamo;BG;Lombardia;ITC46
016041;Brumano;B217;Bergamo;BG;Lombardia;ITC46
016042;Brusaporto;B223;Bergamo;BG;Lombardia;ITC46
016043;Calcinate;B393;Bergamo;BG;Lombardia;ITC46
016044;Calcio;B395;Bergamo;BG;Lombardia;ITC46
016046;Calusco d'Adda;B434;Bergamo;BG;Lombardia;ITC46
016047;Calvenzano;B442;Bergamo;BG;Lombardia;ITC46
016048;Camerata Cornello;B471;Bergamo;BG;Lombardia;ITC46
016049;Canonica d'Adda;B618;Bergamo;BG;Lombardia;ITC46
016050;Capizzone;B661;Bergamo;BG;Lombardia;ITC46
016051;Capriate San Gervasio;B703;Bergamo;BG;Lombardia;ITC46
016052;Caprino Bergamasco;B710;Bergamo;BG;Lombardia;ITC46
016053;Caravaggio;B731;Bergamo;BG;Lombardia;ITC46
016055;Carobbio degli Angeli;B801;Bergamo;BG;Lombardia;ITC46
016056;Carona;B803;Bergamo;BG;Lombardia;ITC46
016057;Carvico;B854;Bergamo;BG;Lombardia;ITC46
016058;Casazza;B947;Bergamo;BG;Lombardia;ITC46
016059;Casirate d'Adda;B971;Bergamo;BG;Lombardia;ITC46
016060;Casnigo;B978;Bergamo;BG;Lombardia;ITC46
016061;Cassiglio;C007;Bergamo;BG;Lombardia;ITC46
016062;Castelli Calepio;C079;Bergamo;BG;Lombardia;ITC46
016063;Castel Rozzone;C255;Bergamo;BG;Lombardia;ITC46
016064;Castione della Presolana;C324;Bergamo;BG;Lombardia;ITC46
016065;Castro;C337;Bergamo;BG;Lombardia;ITC46
016066;Cavernago;C396;Bergamo;BG;Lombardia;ITC46
016067;Cazzano Sant'Andrea;C410;Bergamo;BG;Lombardia;ITC46
016068;Cenate Sopra;C456;Bergamo;BG;Lombardia;ITC46
016069;Cenate Sotto;C457;Bergamo;BG;Lombardia;ITC46
016070;Cene;C459;Bergamo;BG;Lombardia;ITC46
016071;Cerete;C506;Bergamo;BG;Lombardia;ITC46
016072;Chignolo d'Isola;C635;Bergamo;BG;Lombardia;ITC46
016073;Chiuduno;C649;Bergamo;BG;Lombardia;ITC46
016074;Cisano Bergamasco;C728;Bergamo;BG;Lombardia;ITC46
016075;Ciserano;C730;Bergamo;BG;Lombardia;ITC46
016076;Cividate al Piano;C759;Bergamo;BG;Lombardia;ITC46
016077;Clusone;C800;Bergamo;BG;Lombardia;ITC46
016078;Colere;C835;Bergamo;BG;Lombardia;ITC46
016079;Cologno al Serio;C894;Bergamo;BG;Lombardia;ITC46
016080;Colzate;C910;Bergamo;BG;Lombardia;ITC46
016081;Comun Nuovo;C937;Bergamo;BG;Lombardia;ITC46
016082;Corna Imagna;D015;Bergamo;BG;Lombardia;ITC46
016083;Cortenuova;D066;Bergamo;BG;Lombardia;ITC46
016084;Costa di Mezzate;D110;Bergamo;BG;Lombardia;ITC46
016085;Costa Valle Imagna;D103;Bergamo;BG;Lombardia;ITC46
016086;Costa Volpino;D117;Bergamo;BG;Lombardia;ITC46
016087;Covo;D126;Bergamo;BG;Lombardia;ITC46
016088;Credaro;D139;Bergamo;BG;Lombardia;ITC46
016089;Curno;D221;Bergamo;BG;Lombardia;ITC46
016090;Cusio;D233;Bergamo;BG;Lombardia;ITC46
016091;Dalmine;D245;Bergamo;BG;Lombardia;ITC46
016092;Dossena;D352;Bergamo;BG;Lombardia;ITC46
016093;Endine Gaiano;D406;Bergamo;BG;Lombardia;ITC46
016094;Entratico;D411;Bergamo;BG;Lombardia;ITC46
016096;Fara Gera d'Adda;D490;Bergamo;BG;Lombardia;ITC46
016097;Fara Olivana con Sola;D491;Bergamo;BG;Lombardia;ITC46
016098;Filago;D588;Bergamo;BG;Lombardia;ITC46
016099;Fino del Monte;D604;Bergamo;BG;Lombardia;ITC46
016100;Fiorano al Serio;D606;Bergamo;BG;Lombardia;ITC46
016101;Fontanella;D672;Bergamo;BG;Lombardia;ITC46
016102;Fonteno;D684;Bergamo;BG;Lombardia;ITC46
016103;Foppolo;D688;Bergamo;BG;Lombardia;ITC46
016104;Foresto Sparso;D697;Bergamo;BG;Lombardia;ITC46
016105;Fornovo San Giovanni;D727;Bergamo;BG;Lombardia;ITC46
016106;Fuipiano Valle Imagna;D817;Bergamo;BG;Lombardia;ITC46
016107;Gandellino;D903;Bergamo;BG;Lombardia;ITC46
016108;Gandino;D905;Bergamo;BG;Lombardia;ITC46
016109;Gandosso;D906;Bergamo;BG;Lombardia;ITC46
016110;Gaverina Terme;D943;Bergamo;BG;Lombardia;ITC46
016111;Gazzaniga;D952;Bergamo;BG;Lombardia;ITC46
016113;Ghisalba;E006;Bergamo;BG;Lombardia;ITC46
016114;Gorlago;E100;Bergamo;BG;Lombardia;ITC46
016115;Gorle;E103;Bergamo;BG;Lombardia;ITC46
016116;Gorno;E106;Bergamo;BG;Lombardia;ITC46
016117;Grassobbio;E148;Bergamo;BG;Lombardia;ITC46
016118;Gromo;E189;Bergamo;BG;Lombardia;ITC46
016119;Grone;E192;Bergamo;BG;Lombardia;ITC46
016120;Grumello del Monte;E219;Bergamo;BG;Lombardia;ITC46
016121;Isola di Fondra;E353;Bergamo;BG;Lombardia;ITC46
016122;Isso;E370;Bergamo;BG;Lombardia;ITC46
016123;Lallio;E422;Bergamo;BG;Lombardia;ITC46
016124;Leffe;E509;Bergamo;BG;Lombardia;ITC46
016125;Lenna;E524;Bergamo;BG;Lombardia;ITC46
016126;Levate;E562;Bergamo;BG;Lombardia;ITC46
016127;Locatello;E640;Bergamo;BG;Lombardia;ITC46
016128;Lovere;E704;Bergamo;BG;Lombardia;ITC46
016129;Lurano;E751;Bergamo;BG;Lombardia;ITC46
016130;Luzzana;E770;Bergamo;BG;Lombardia;ITC46
016131;Madone;E794;Bergamo;BG;Lombardia;ITC46
016132;Mapello;E901;Bergamo;BG;Lombardia;ITC46
016133;Martinengo;E987;Bergamo;BG;Lombardia;ITC46
016134;Mezzoldo;F186;Bergamo;BG;Lombardia;ITC46
016135;Misano di Gera d'Adda;F243;Bergamo;BG;Lombardia;ITC46
016136;Moio de' Calvi;F276;Bergamo;BG;Lombardia;ITC46
016137;Monasterolo del Castello;F328;Bergamo;BG;Lombardia;ITC46
016139;Montello;F547;Bergamo;BG;Lombardia;ITC46
016140;Morengo;F720;Bergamo;BG;Lombardia;ITC46
016141;Mornico al Serio;F738;Bergamo;BG;Lombardia;ITC46
016142;Mozzanica;F786;Bergamo;BG;Lombardia;ITC46
016143;Mozzo;F791;Bergamo;BG;Lombardia;ITC46
016144;Nembro;F864;Bergamo;BG;Lombardia;ITC46
016145;Olmo al Brembo;G049;Bergamo;BG;Lombardia;ITC46
016146;Oltre il Colle;G050;Bergamo;BG;Lombardia;ITC46
016147;Oltressenda Alta;G054;Bergamo;BG;Lombardia;ITC46
016148;Oneta;G068;Bergamo;BG;Lombardia;ITC46
016149;Onore;G075;Bergamo;BG;Lombardia;ITC46
016150;Orio al Serio;G108;Bergamo;BG;Lombardia;ITC46
016151;Ornica;G118;Bergamo;BG;Lombardia;ITC46
016152;Osio Sopra;G159;Bergamo;BG;Lombardia;ITC46
016153;Osio Sotto;G160;Bergamo;BG;Lombardia;ITC46
016154;Pagazzano;G233;Bergamo;BG;Lombardia;ITC46
016155;Paladina;G249;Bergamo;BG;Lombardia;ITC46
016156;Palazzago;G259;Bergamo;BG;Lombardia;ITC46
016157;Palosco;G295;Bergamo;BG;Lombardia;ITC46
016158;Parre;G346;Bergamo;BG;Lombardia;ITC46
016159;Parzanica;G350;Bergamo;BG;Lombardia;ITC46
016160;Pedrengo;G412;Bergamo;BG;Lombardia;ITC46
016161;Peia;G418;Bergamo;BG;Lombardia;ITC46
016162;Pianico;G564;Bergamo;BG;Lombardia;ITC46
016163;Piario;G574;Bergamo;BG;Lombardia;ITC46
016164;Piazza Brembana;G579;Bergamo;BG;Lombardia;ITC46
016165;Piazzatorre;G583;Bergamo;BG;Lombardia;ITC46
016166;Piazzolo;G588;Bergamo;BG;Lombardia;ITC46
016167;Pognano;G774;Bergamo;BG;Lombardia;ITC46
016168;Ponte Nossa;F941;Bergamo;BG;Lombardia;ITC46
016169;Ponteranica;G853;Bergamo;BG;Lombardia;ITC46
016170;Ponte San Pietro;G856;Bergamo;BG;Lombardia;ITC46
016171;Pontida;G864;Bergamo;BG;Lombardia;ITC46
016172;Pontirolo Nuovo;G867;Bergamo;BG;Lombardia;ITC46
016173;Pradalunga;G968;Bergamo;BG;Lombardia;ITC46
016174;Predore;H020;Bergamo;BG;Lombardia;ITC46
016175;Premolo;H036;Bergamo;BG;Lombardia;ITC46
016176;Presezzo;H046;Bergamo;BG;Lombardia;ITC46
016177;Pumenengo;H091;Bergamo;BG;Lombardia;ITC46
016178;Ranica;H176;Bergamo;BG;Lombardia;ITC46
016179;Ranzanico;H177;Bergamo;BG;Lombardia;ITC46
016180;Riva di Solto;H331;Bergamo;BG;Lombardia;ITC46
016182;Rogno;H492;Bergamo;BG;Lombardia;ITC46
016183;Romano di Lombardia;H509;Bergamo;BG;Lombardia;ITC46
016184;Roncobello;H535;Bergamo;BG;Lombardia;ITC46
016185;Roncola;H544;Bergamo;BG;Lombardia;ITC46
016186;Rota d'Imagna;H584;Bergamo;BG;Lombardia;ITC46
016187;Rovetta;H615;Bergamo;BG;Lombardia;ITC46
016188;San Giovanni Bianco;H910;Bergamo;BG;Lombardia;ITC46
016189;San Paolo d'Argon;B310;Bergamo;BG;Lombardia;ITC46
016190;San Pellegrino Terme;I079;Bergamo;BG;Lombardia;ITC46
016191;Santa Brigida;I168;Bergamo;BG;Lombardia;ITC46
016193;Sarnico;I437;Bergamo;BG;Lombardia;ITC46
016194;Scanzorosciate;I506;Bergamo;BG;Lombardia;ITC46
016195;Schilpario;I530;Bergamo;BG;Lombardia;ITC46
016196;Sedrina;I567;Bergamo;BG;Lombardia;ITC46
016197;Selvino;I597;Bergamo;BG;Lombardia;ITC46
016198;Seriate;I628;Bergamo;BG;Lombardia;ITC46
016199;Serina;I629;Bergamo;BG;Lombardia;ITC46
016200;Solto Collina;I812;Bergamo;BG;Lombardia;ITC46
016201;Songavazzo;I830;Bergamo;BG;Lombardia;ITC46
016202;Sorisole;I858;Bergamo;BG;Lombardia;ITC46
016203;Sotto il Monte Giovanni XXIII;I869;Bergamo;BG;Lombardia;ITC46
016204;Sovere;I873;Bergamo;BG;Lombardia;ITC46
016205;Spinone al Lago;I916;Bergamo;BG;Lombardia;ITC46
016206;Spirano;I919;Bergamo;BG;Lombardia;ITC46
016207;Stezzano;I951;Bergamo;BG;Lombardia;ITC46
016208;Strozza;I986;Bergamo;BG;Lombardia;ITC46
016209;Suisio;I997;Bergamo;BG;Lombardia;ITC46
016210;Taleggio;L037;Bergamo;BG;Lombardia;ITC46
016211;Tavernola Bergamasca;L073;Bergamo;BG;Lombardia;ITC46
016212;Telgate;L087;Bergamo;BG;Lombardia;ITC46
016213;Terno d'Isola;L118;Bergamo;BG;Lombardia;ITC46
016214;Torre Boldone;L251;Bergamo;BG;Lombardia;ITC46
016215;Torre de' Busi;L257;Bergamo;BG;Lombardia;ITC46
016216;Torre de' Roveri;L265;Bergamo;BG;Lombardia;ITC46
016217;Torre Pallavicina;L276;Bergamo;BG;Lombardia;ITC46
016218;Trescore Balneario;L388;Bergamo;BG;Lombardia;ITC46
016219;Treviglio;L400;Bergamo;BG;Lombardia;ITC46
016220;Treviolo;L404;Bergamo;BG;Lombardia;ITC46
016221;Ubiale Clanezzo;C789;Bergamo;BG;Lombardia;ITC46
016222;Urgnano;L502;Bergamo;BG;Lombardia;ITC46
016223;Valbondione;L544;Bergamo;BG;Lombardia;ITC46
016224;Valbrembo;L545;Bergamo;BG;Lombardia;ITC46
016225;Valgoglio;L579;Bergamo;BG;Lombardia;ITC46
016226;Valleve;L623;Bergamo;BG;Lombardia;ITC46
016227;Valnegra;L642;Bergamo;BG;Lombardia;ITC46
016229;Valtorta;L655;Bergamo;BG;Lombardia;ITC46
016230;Vedeseta;L707;Bergamo;BG;Lombardia;ITC46
016232;Verdellino;L752;Bergamo;BG;Lombardia;ITC46
016233;Verdello;L753;Bergamo;BG;Lombardia;ITC46
016234;Vertova;L795;Bergamo;BG;Lombardia;ITC46
016235;Viadanica;L827;Bergamo;BG;Lombardia;ITC46
016236;Vigano San Martino;L865;Bergamo;BG;Lombardia;ITC46
016237;Vigolo;L894;Bergamo;BG;Lombardia;ITC46
016238;Villa d'Adda;L929;Bergamo;BG;Lombardia;ITC46
016239;Villa d'Almè;A215;Bergamo;BG;Lombardia;ITC46
016240;Villa di Serio;L936;Bergamo;BG;Lombardia;ITC46
016241;Villa d'Ogna;L938;Bergamo;BG;Lombardia;ITC46
016242;Villongo;M045;Bergamo;BG;Lombardia;ITC46
016243;Vilminore di Scalve;M050;Bergamo;BG;Lombardia;ITC46
016244;Zandobbio;M144;Bergamo;BG;Lombardia;ITC46
016245;Zanica;M147;Bergamo;BG;Lombardia;ITC46
016246;Zogno;M184;Bergamo;BG;Lombardia;ITC46
016247;Costa Serina;D111;Bergamo;BG;Lombardia;ITC46
016248;Algua;A193;Bergamo;BG;Lombardia;ITC46
016249;Cornalba;D016;Bergamo;BG;Lombardia;ITC46
016250;Medolago;F085;Bergamo;BG;Lombardia;ITC46
016251;Solza;I813;Bergamo;BG;Lombardia;ITC46
016252;Sant'Omobono Terme;M333;Bergamo;BG;Lombardia;ITC46
016253;Val Brembilla;M334;Bergamo;BG;Lombardia;ITC46
017001;Acquafredda;A034;Brescia;BS;Lombardia;ITC47
017002;Adro;A060;Brescia;BS;Lombardia;ITC47
017003;Agnosine;A082;Brescia;BS;Lombardia;ITC47
017004;Alfianello;A188;Brescia;BS;Lombardia;ITC47
017005;Anfo;A288;Brescia;BS;Lombardia;ITC47
017006;Angolo Terme;A293;Brescia;BS;Lombardia;ITC47
017007;Artogne;A451;Brescia;BS;Lombardia;ITC47
017008;Azzano Mella;A529;Brescia;BS;Lombardia;ITC47
017009;Bagnolo Mella;A569;Brescia;BS;Lombardia;ITC47
017010;Bagolino;A578;Brescia;BS;Lombardia;ITC47
017011;Barbariga;A630;Brescia;BS;Lombardia;ITC47
017012;Barghe;A661;Brescia;BS;Lombardia;ITC47
017013;Bassano Bresciano;A702;Brescia;BS;Lombardia;ITC47
017014;Bedizzole;A729;Brescia;BS;Lombardia;ITC47
017015;Berlingo;A799;Brescia;BS;Lombardia;ITC47
017016;Berzo Demo;A816;Brescia;BS;Lombardia;ITC47
017017;Berzo Inferiore;A817;Brescia;BS;Lombardia;ITC47
017018;Bienno;A861;Brescia;BS;Lombardia;ITC47
017019;Bione;A878;Brescia;BS;Lombardia;ITC47
017020;Borgo San Giacomo;B035;Brescia;BS;Lombardia;ITC47
017021;Borgosatollo;B040;Brescia;BS;Lombardia;ITC47
017022;Borno;B054;Brescia;BS;Lombardia;ITC47
017023;Botticino;B091;Brescia;BS;Lombardia;ITC47
017024;Bovegno;B100;Brescia;BS;Lombardia;ITC47
017025;Bovezzo;B102;Brescia;BS;Lombardia;ITC47
017026;Brandico;B120;Brescia;BS;Lombardia;ITC47
017027;Braone;B124;Brescia;BS;Lombardia;ITC47
017028;Breno;B149;Brescia;BS;Lombardia;ITC47
017029;Brescia;B157;Brescia;BS;Lombardia;ITC47
017030;Brione;B184;Brescia;BS;Lombardia;ITC47
017031;Caino;B365;Brescia;BS;Lombardia;ITC47
017032;Calcinato;B394;Brescia;BS;Lombardia;ITC47
017033;Calvagese della Riviera;B436;Brescia;BS;Lombardia;ITC47
017034;Calvisano;B450;Brescia;BS;Lombardia;ITC47
017035;Capo di Ponte;B664;Brescia;BS;Lombardia;ITC47
017036;Capovalle;B676;Brescia;BS;Lombardia;ITC47
017037;Capriano del Colle;B698;Brescia;BS;Lombardia;ITC47
017038;Capriolo;B711;Brescia;BS;Lombardia;ITC47
017039;Carpenedolo;B817;Brescia;BS;Lombardia;ITC47
017040;Castegnato;C055;Brescia;BS;Lombardia;ITC47
017041;Castelcovati;C072;Brescia;BS;Lombardia;ITC47
017042;Castel Mella;C208;Brescia;BS;Lombardia;ITC47
017043;Castenedolo;C293;Brescia;BS;Lombardia;ITC47
017044;Casto;C330;Brescia;BS;Lombardia;ITC47
017045;Castrezzato;C332;Brescia;BS;Lombardia;ITC47
017046;Cazzago San Martino;C408;Brescia;BS;Lombardia;ITC47
017047;Cedegolo;C417;Brescia;BS;Lombardia;ITC47
017048;Cellatica;C439;Brescia;BS;Lombardia;ITC47
017049;Cerveno;C549;Brescia;BS;Lombardia;ITC47
017050;Ceto;C585;Brescia;BS;Lombardia;ITC47
017051;Cevo;C591;Brescia;BS;Lombardia;ITC47
017052;Chiari;C618;Brescia;BS;Lombardia;ITC47
017053;Cigole;C685;Brescia;BS;Lombardia;ITC47
017054;Cimbergo;C691;Brescia;BS;Lombardia;ITC47
017055;Cividate Camuno;C760;Brescia;BS;Lombardia;ITC47
017056;Coccaglio;C806;Brescia;BS;Lombardia;ITC47
017057;Collebeato;C850;Brescia;BS;Lombardia;ITC47
017058;Collio;C883;Brescia;BS;Lombardia;ITC47
017059;Cologne;C893;Brescia;BS;Lombardia;ITC47
017060;Comezzano-Cizzago;C925;Brescia;BS;Lombardia;ITC47
017061;Concesio;C948;Brescia;BS;Lombardia;ITC47
017062;Corte Franca;D058;Brescia;BS;Lombardia;ITC47
017063;Corteno Golgi;D064;Brescia;BS;Lombardia;ITC47
017064;Corzano;D082;Brescia;BS;Lombardia;ITC47
017065;Darfo Boario Terme;D251;Brescia;BS;Lombardia;ITC47
017066;Dello;D270;Brescia;BS;Lombardia;ITC47
017067;Desenzano del Garda;D284;Brescia;BS;Lombardia;ITC47
017068;Edolo;D391;Brescia;BS;Lombardia;ITC47
017069;Erbusco;D421;Brescia;BS;Lombardia;ITC47
017070;Esine;D434;Brescia;BS;Lombardia;ITC47
017071;Fiesse;D576;Brescia;BS;Lombardia;ITC47
017072;Flero;D634;Brescia;BS;Lombardia;ITC47
017073;Gambara;D891;Brescia;BS;Lombardia;ITC47
017074;Gardone Riviera;D917;Brescia;BS;Lombardia;ITC47
017075;Gardone Val Trompia;D918;Brescia;BS;Lombardia;ITC47
017076;Gargnano;D924;Brescia;BS;Lombardia;ITC47
017077;Gavardo;D940;Brescia;BS;Lombardia;ITC47
017078;Ghedi;D999;Brescia;BS;Lombardia;ITC47
017079;Gianico;E010;Brescia;BS;Lombardia;ITC47
017080;Gottolengo;E116;Brescia;BS;Lombardia;ITC47
017081;Gussago;E271;Brescia;BS;Lombardia;ITC47
017082;Idro;E280;Brescia;BS;Lombardia;ITC47
017083;Incudine;E297;Brescia;BS;Lombardia;ITC47
017084;Irma;E325;Brescia;BS;Lombardia;ITC47
017085;Iseo;E333;Brescia;BS;Lombardia;ITC47
017086;Isorella;E364;Brescia;BS;Lombardia;ITC47
017087;Lavenone;E497;Brescia;BS;Lombardia;ITC47
017088;Leno;E526;Brescia;BS;Lombardia;ITC47
017089;Limone sul Garda;E596;Brescia;BS;Lombardia;ITC47
017090;Lodrino;E652;Brescia;BS;Lombardia;ITC47
017091;Lograto;E654;Brescia;BS;Lombardia;ITC47
017092;Lonato del Garda;M312;Brescia;BS;Lombardia;ITC47
017093;Longhena;E673;Brescia;BS;Lombardia;ITC47
017094;Losine;E698;Brescia;BS;Lombardia;ITC47
017095;Lozio;E706;Brescia;BS;Lombardia;ITC47
017096;Lumezzane;E738;Brescia;BS;Lombardia;ITC47
017097;Maclodio;E787;Brescia;BS;Lombardia;ITC47
017098;Magasa;E800;Brescia;BS;Lombardia;ITC47
017099;Mairano;E841;Brescia;BS;Lombardia;ITC47
017100;Malegno;E851;Brescia;BS;Lombardia;ITC47
017101;Malonno;E865;Brescia;BS;Lombardia;ITC47
017102;Manerba del Garda;E883;Brescia;BS;Lombardia;ITC47
017103;Manerbio;E884;Brescia;BS;Lombardia;ITC47
017104;Marcheno;E928;Brescia;BS;Lombardia;ITC47
017105;Marmentino;E961;Brescia;BS;Lombardia;ITC47
017106;Marone;E967;Brescia;BS;Lombardia;ITC47
017107;Mazzano;F063;Brescia;BS;Lombardia;ITC47
017108;Milzano;F216;Brescia;BS;Lombardia;ITC47
017109;Moniga del Garda;F373;Brescia;BS;Lombardia;ITC47
017110;Monno;F375;Brescia;BS;Lombardia;ITC47
017111;Monte Isola;F532;Brescia;BS;Lombardia;ITC47
017112;Monticelli Brusati;F672;Brescia;BS;Lombardia;ITC47
017113;Montichiari;F471;Brescia;BS;Lombardia;ITC47
017114;Montirone;F680;Brescia;BS;Lombardia;ITC47
017115;Mura;F806;Brescia;BS;Lombardia;ITC47
017116;Muscoline;F820;Brescia;BS;Lombardia;ITC47
017117;Nave;F851;Brescia;BS;Lombardia;ITC47
017118;Niardo;F884;Brescia;BS;Lombardia;ITC47
017119;Nuvolento;F989;Brescia;BS;Lombardia;ITC47
017120;Nuvolera;F990;Brescia;BS;Lombardia;ITC47
017121;Odolo;G001;Brescia;BS;Lombardia;ITC47
017122;Offlaga;G006;Brescia;BS;Lombardia;ITC47
017123;Ome;G061;Brescia;BS;Lombardia;ITC47
017124;Ono San Pietro;G074;Brescia;BS;Lombardia;ITC47
017125;Orzinuovi;G149;Brescia;BS;Lombardia;ITC47
017126;Orzivecchi;G150;Brescia;BS;Lombardia;ITC47
017127;Ospitaletto;G170;Brescia;BS;Lombardia;ITC47
017128;Ossimo;G179;Brescia;BS;Lombardia;ITC47
017129;Padenghe sul Garda;G213;Brescia;BS;Lombardia;ITC47
017130;Paderno Franciacorta;G217;Brescia;BS;Lombardia;ITC47
017131;Paisco Loveno;G247;Brescia;BS;Lombardia;ITC47
017132;Paitone;G248;Brescia;BS;Lombardia;ITC47
017133;Palazzolo sull'Oglio;G264;Brescia;BS;Lombardia;ITC47
017134;Paratico;G327;Brescia;BS;Lombardia;ITC47
017135;Paspardo;G354;Brescia;BS;Lombardia;ITC47
017136;Passirano;G361;Brescia;BS;Lombardia;ITC47
017137;Pavone del Mella;G391;Brescia;BS;Lombardia;ITC47
017138;San Paolo;G407;Brescia;BS;Lombardia;ITC47
017139;Pertica Alta;G474;Brescia;BS;Lombardia;ITC47
017140;Pertica Bassa;G475;Brescia;BS;Lombardia;ITC47
017141;Pezzaze;G529;Brescia;BS;Lombardia;ITC47
017142;Pian Camuno;G546;Brescia;BS;Lombardia;ITC47
017143;Pisogne;G710;Brescia;BS;Lombardia;ITC47
017144;Polaveno;G779;Brescia;BS;Lombardia;ITC47
017145;Polpenazze del Garda;G801;Brescia;BS;Lombardia;ITC47
017146;Pompiano;G815;Brescia;BS;Lombardia;ITC47
017147;Poncarale;G818;Brescia;BS;Lombardia;ITC47
017148;Ponte di Legno;G844;Brescia;BS;Lombardia;ITC47
017149;Pontevico;G859;Brescia;BS;Lombardia;ITC47
017150;Pontoglio;G869;Brescia;BS;Lombardia;ITC47
017151;Pozzolengo;G959;Brescia;BS;Lombardia;ITC47
017152;Pralboino;G977;Brescia;BS;Lombardia;ITC47
017153;Preseglie;H043;Brescia;BS;Lombardia;ITC47
017155;Prevalle;H055;Brescia;BS;Lombardia;ITC47
017156;Provaglio d'Iseo;H078;Brescia;BS;Lombardia;ITC47
017157;Provaglio Val Sabbia;H077;Brescia;BS;Lombardia;ITC47
017158;Puegnago del Garda;H086;Brescia;BS;Lombardia;ITC47
017159;Quinzano d'Oglio;H140;Brescia;BS;Lombardia;ITC47
017160;Remedello;H230;Brescia;BS;Lombardia;ITC47
017161;Rezzato;H256;Brescia;BS;Lombardia;ITC47
017162;Roccafranca;H410;Brescia;BS;Lombardia;ITC47
017163;Rodengo Saiano;H477;Brescia;BS;Lombardia;ITC47
017164;Roè Volciano;H484;Brescia;BS;Lombardia;ITC47
017165;Roncadelle;H525;Brescia;BS;Lombardia;ITC47
017166;Rovato;H598;Brescia;BS;Lombardia;ITC47
017167;Rudiano;H630;Brescia;BS;Lombardia;ITC47
017168;Sabbio Chiese;H650;Brescia;BS;Lombardia;ITC47
017169;Sale Marasino;H699;Brescia;BS;Lombardia;ITC47
017170;Salò;H717;Brescia;BS;Lombardia;ITC47
017171;San Felice del Benaco;H838;Brescia;BS;Lombardia;ITC47
017172;San Gervasio Bresciano;H865;Brescia;BS;Lombardia;ITC47
017173;San Zeno Naviglio;I412;Brescia;BS;Lombardia;ITC47
017174;Sarezzo;I433;Brescia;BS;Lombardia;ITC47
017175;Saviore dell'Adamello;I476;Brescia;BS;Lombardia;ITC47
017176;Sellero;I588;Brescia;BS;Lombardia;ITC47
017177;Seniga;I607;Brescia;BS;Lombardia;ITC47
017178;Serle;I631;Brescia;BS;Lombardia;ITC47
017179;Sirmione;I633;Brescia;BS;Lombardia;ITC47
017180;Soiano del Lago;I782;Brescia;BS;Lombardia;ITC47
017181;Sonico;I831;Brescia;BS;Lombardia;ITC47
017182;Sulzano;L002;Brescia;BS;Lombardia;ITC47
017183;Tavernole sul Mella;C698;Brescia;BS;Lombardia;ITC47
017184;Temù;L094;Brescia;BS;Lombardia;ITC47
017185;Tignale;L169;Brescia;BS;Lombardia;ITC47
017186;Torbole Casaglia;L210;Brescia;BS;Lombardia;ITC47
017187;Toscolano-Maderno;L312;Brescia;BS;Lombardia;ITC47
017188;Travagliato;L339;Brescia;BS;Lombardia;ITC47
017189;Tremosine sul Garda;L372;Brescia;BS;Lombardia;ITC47
017190;Trenzano;L380;Brescia;BS;Lombardia;ITC47
017191;Treviso Bresciano;L406;Brescia;BS;Lombardia;ITC47
017192;Urago d'Oglio;L494;Brescia;BS;Lombardia;ITC47
017193;Vallio Terme;L626;Brescia;BS;Lombardia;ITC47
017194;Valvestino;L468;Brescia;BS;Lombardia;ITC47
017195;Verolanuova;L777;Brescia;BS;Lombardia;ITC47
017196;Verolavecchia;L778;Brescia;BS;Lombardia;ITC47
017197;Vestone;L812;Brescia;BS;Lombardia;ITC47
017198;Vezza d'Oglio;L816;Brescia;BS;Lombardia;ITC47
017199;Villa Carcina;L919;Brescia;BS;Lombardia;ITC47
017200;Villachiara;L923;Brescia;BS;Lombardia;ITC47
017201;Villanuova sul Clisi;L995;Brescia;BS;Lombardia;ITC47
017202;Vione;M065;Brescia;BS;Lombardia;ITC47
017203;Visano;M070;Brescia;BS;Lombardia;ITC47
017204;Vobarno;M104;Brescia;BS;Lombardia;ITC47
017205;Zone;M188;Brescia;BS;Lombardia;ITC47
017206;Piancogno;G549;Brescia;BS;Lombardia;ITC47
018001;Alagna;A118;Pavia;PV;Lombardia;ITC48
018003;Albonese;A171;Pavia;PV;Lombardia;ITC48
018004;Albuzzano;A175;Pavia;PV;Lombardia;ITC48
018005;Arena Po;A387;Pavia;PV;Lombardia;ITC48
018006;Badia Pavese;A538;Pavia;PV;Lombardia;ITC48
018007;Bagnaria;A550;Pavia;PV;Lombardia;ITC48
018008;Barbianello;A634;Pavia;PV;Lombardia;ITC48
018009;Bascapè;A690;Pavia;PV;Lombardia;ITC48
018011;Bastida Pancarana;A712;Pavia;PV;Lombardia;ITC48
018012;Battuda;A718;Pavia;PV;Lombardia;ITC48
018013;Belgioioso;A741;Pavia;PV;Lombardia;ITC48
018014;Bereguardo;A792;Pavia;PV;Lombardia;ITC48
018015;Borgarello;A989;Pavia;PV;Lombardia;ITC48
018016;Borgo Priolo;B028;Pavia;PV;Lombardia;ITC48
018017;Borgoratto Mormorolo;B030;Pavia;PV;Lombardia;ITC48
018018;Borgo San Siro;B038;Pavia;PV;Lombardia;ITC48
018019;Bornasco;B051;Pavia;PV;Lombardia;ITC48
018020;Bosnasco;B082;Pavia;PV;Lombardia;ITC48
018021;Brallo di Pregola;B117;Pavia;PV;Lombardia;ITC48
018022;Breme;B142;Pavia;PV;Lombardia;ITC48
018023;Bressana Bottarone;B159;Pavia;PV;Lombardia;ITC48
018024;Broni;B201;Pavia;PV;Lombardia;ITC48
018025;Calvignano;B447;Pavia;PV;Lombardia;ITC48
018026;Campospinoso Albaredo;B567;Pavia;PV;Lombardia;ITC48
018027;Candia Lomellina;B587;Pavia;PV;Lombardia;ITC48
018029;Canneto Pavese;B613;Pavia;PV;Lombardia;ITC48
018030;Carbonara al Ticino;B741;Pavia;PV;Lombardia;ITC48
018031;Casanova Lonati;B929;Pavia;PV;Lombardia;ITC48
018032;Casatisma;B945;Pavia;PV;Lombardia;ITC48
018033;Casei Gerola;B954;Pavia;PV;Lombardia;ITC48
018034;Casorate Primo;B988;Pavia;PV;Lombardia;ITC48
018035;Cassolnovo;C038;Pavia;PV;Lombardia;ITC48
018036;Castana;C050;Pavia;PV;Lombardia;ITC48
018037;Casteggio;C053;Pavia;PV;Lombardia;ITC48
018038;Castelletto di Branduzzo;C157;Pavia;PV;Lombardia;ITC48
018039;Castello d'Agogna;C184;Pavia;PV;Lombardia;ITC48
018040;Castelnovetto;C213;Pavia;PV;Lombardia;ITC48
018041;Cava Manara;C360;Pavia;PV;Lombardia;ITC48
018042;Cecima;C414;Pavia;PV;Lombardia;ITC48
018043;Ceranova;C484;Pavia;PV;Lombardia;ITC48
018044;Ceretto Lomellina;C508;Pavia;PV;Lombardia;ITC48
018045;Cergnago;C509;Pavia;PV;Lombardia;ITC48
018046;Certosa di Pavia;C541;Pavia;PV;Lombardia;ITC48
018047;Cervesina;C551;Pavia;PV;Lombardia;ITC48
018048;Chignolo Po;C637;Pavia;PV;Lombardia;ITC48
018049;Cigognola;C684;Pavia;PV;Lombardia;ITC48
018050;Cilavegna;C686;Pavia;PV;Lombardia;ITC48
018051;Codevilla;C813;Pavia;PV;Lombardia;ITC48
018052;Confienza;C958;Pavia;PV;Lombardia;ITC48
018053;Copiano;C979;Pavia;PV;Lombardia;ITC48
018054;Corana;C982;Pavia;PV;Lombardia;ITC48
018057;Corvino San Quirico;D081;Pavia;PV;Lombardia;ITC48
018058;Costa de' Nobili;D109;Pavia;PV;Lombardia;ITC48
018059;Cozzo;D127;Pavia;PV;Lombardia;ITC48
018060;Cura Carpignano;B824;Pavia;PV;Lombardia;ITC48
018061;Dorno;D348;Pavia;PV;Lombardia;ITC48
018062;Ferrera Erbognone;D552;Pavia;PV;Lombardia;ITC48
018063;Filighera;D594;Pavia;PV;Lombardia;ITC48
018064;Fortunago;D732;Pavia;PV;Lombardia;ITC48
018065;Frascarolo;D771;Pavia;PV;Lombardia;ITC48
018066;Galliavola;D873;Pavia;PV;Lombardia;ITC48
018067;Gambarana;D892;Pavia;PV;Lombardia;ITC48
018068;Gambolò;D901;Pavia;PV;Lombardia;ITC48
018069;Garlasco;D925;Pavia;PV;Lombardia;ITC48
018071;Gerenzago;D980;Pavia;PV;Lombardia;ITC48
018072;Giussago;E062;Pavia;PV;Lombardia;ITC48
018073;Godiasco Salice Terme;E072;Pavia;PV;Lombardia;ITC48
018074;Golferenzo;E081;Pavia;PV;Lombardia;ITC48
018075;Gravellona Lomellina;E152;Pavia;PV;Lombardia;ITC48
018076;Gropello Cairoli;E195;Pavia;PV;Lombardia;ITC48
018077;Inverno e Monteleone;E310;Pavia;PV;Lombardia;ITC48
018078;Landriano;E437;Pavia;PV;Lombardia;ITC48
018079;Langosco;E439;Pavia;PV;Lombardia;ITC48
018080;Lardirago;E454;Pavia;PV;Lombardia;ITC48
018081;Linarolo;E600;Pavia;PV;Lombardia;ITC48
018082;Lirio;E608;Pavia;PV;Lombardia;ITC48
018083;Lomello;E662;Pavia;PV;Lombardia;ITC48
018084;Lungavilla;B387;Pavia;PV;Lombardia;ITC48
018085;Magherno;E804;Pavia;PV;Lombardia;ITC48
018086;Marcignago;E934;Pavia;PV;Lombardia;ITC48
018087;Marzano;E999;Pavia;PV;Lombardia;ITC48
018088;Mede;F080;Pavia;PV;Lombardia;ITC48
018089;Menconico;F122;Pavia;PV;Lombardia;ITC48
018090;Mezzana Bigli;F170;Pavia;PV;Lombardia;ITC48
018091;Mezzana Rabattone;F171;Pavia;PV;Lombardia;ITC48
018092;Mezzanino;F175;Pavia;PV;Lombardia;ITC48
018093;Miradolo Terme;F238;Pavia;PV;Lombardia;ITC48
018094;Montalto Pavese;F417;Pavia;PV;Lombardia;ITC48
018095;Montebello della Battaglia;F440;Pavia;PV;Lombardia;ITC48
018096;Montecalvo Versiggia;F449;Pavia;PV;Lombardia;ITC48
018097;Montescano;F638;Pavia;PV;Lombardia;ITC48
018098;Montesegale;F644;Pavia;PV;Lombardia;ITC48
018099;Monticelli Pavese;F670;Pavia;PV;Lombardia;ITC48
018100;Montù Beccaria;F701;Pavia;PV;Lombardia;ITC48
018101;Mornico Losana;F739;Pavia;PV;Lombardia;ITC48
018102;Mortara;F754;Pavia;PV;Lombardia;ITC48
018103;Nicorvo;F891;Pavia;PV;Lombardia;ITC48
018104;Olevano di Lomellina;G021;Pavia;PV;Lombardia;ITC48
018105;Oliva Gessi;G032;Pavia;PV;Lombardia;ITC48
018106;Ottobiano;G194;Pavia;PV;Lombardia;ITC48
018107;Palestro;G275;Pavia;PV;Lombardia;ITC48
018108;Pancarana;G304;Pavia;PV;Lombardia;ITC48
018109;Parona;G342;Pavia;PV;Lombardia;ITC48
018110;Pavia;G388;Pavia;PV;Lombardia;ITC48
018111;Pietra de' Giorgi;G612;Pavia;PV;Lombardia;ITC48
018112;Pieve Albignola;G635;Pavia;PV;Lombardia;ITC48
018113;Pieve del Cairo;G639;Pavia;PV;Lombardia;ITC48
018114;Pieve Porto Morone;G650;Pavia;PV;Lombardia;ITC48
018115;Pinarolo Po;G671;Pavia;PV;Lombardia;ITC48
018116;Pizzale;G720;Pavia;PV;Lombardia;ITC48
018117;Ponte Nizza;G851;Pavia;PV;Lombardia;ITC48
018118;Portalbera;G895;Pavia;PV;Lombardia;ITC48
018119;Rea;H204;Pavia;PV;Lombardia;ITC48
018120;Redavalle;H216;Pavia;PV;Lombardia;ITC48
018121;Retorbido;H246;Pavia;PV;Lombardia;ITC48
018122;Rivanazzano Terme;H336;Pavia;PV;Lombardia;ITC48
018123;Robbio;H369;Pavia;PV;Lombardia;ITC48
018124;Robecco Pavese;H375;Pavia;PV;Lombardia;ITC48
018125;Rocca de' Giorgi;H396;Pavia;PV;Lombardia;ITC48
018126;Rocca Susella;H450;Pavia;PV;Lombardia;ITC48
018127;Rognano;H491;Pavia;PV;Lombardia;ITC48
018128;Romagnese;H505;Pavia;PV;Lombardia;ITC48
018129;Roncaro;H527;Pavia;PV;Lombardia;ITC48
018130;Rosasco;H559;Pavia;PV;Lombardia;ITC48
018131;Rovescala;H614;Pavia;PV;Lombardia;ITC48
018133;San Cipriano Po;H799;Pavia;PV;Lombardia;ITC48
018134;San Damiano al Colle;H814;Pavia;PV;Lombardia;ITC48
018135;San Genesio ed Uniti;H859;Pavia;PV;Lombardia;ITC48
018136;San Giorgio di Lomellina;H885;Pavia;PV;Lombardia;ITC48
018137;San Martino Siccomario;I014;Pavia;PV;Lombardia;ITC48
018138;Sannazzaro de' Burgondi;I048;Pavia;PV;Lombardia;ITC48
018139;Santa Cristina e Bissone;I175;Pavia;PV;Lombardia;ITC48
018140;Santa Giuletta;I203;Pavia;PV;Lombardia;ITC48
018141;Sant'Alessio con Vialone;I213;Pavia;PV;Lombardia;ITC48
018142;Santa Margherita di Staffora;I230;Pavia;PV;Lombardia;ITC48
018143;Santa Maria della Versa;I237;Pavia;PV;Lombardia;ITC48
018144;Sant'Angelo Lomellina;I276;Pavia;PV;Lombardia;ITC48
018145;San Zenone al Po;I416;Pavia;PV;Lombardia;ITC48
018146;Sartirana Lomellina;I447;Pavia;PV;Lombardia;ITC48
018147;Scaldasole;I487;Pavia;PV;Lombardia;ITC48
018148;Semiana;I599;Pavia;PV;Lombardia;ITC48
018149;Silvano Pietra;I739;Pavia;PV;Lombardia;ITC48
018150;Siziano;E265;Pavia;PV;Lombardia;ITC48
018151;Sommo;I825;Pavia;PV;Lombardia;ITC48
018152;Spessa;I894;Pavia;PV;Lombardia;ITC48
018153;Stradella;I968;Pavia;PV;Lombardia;ITC48
018154;Suardi;B014;Pavia;PV;Lombardia;ITC48
018155;Torrazza Coste;L237;Pavia;PV;Lombardia;ITC48
018156;Torre Beretti e Castellaro;L250;Pavia;PV;Lombardia;ITC48
018157;Torre d'Arese;L256;Pavia;PV;Lombardia;ITC48
018158;Torre de' Negri;L262;Pavia;PV;Lombardia;ITC48
018159;Torre d'Isola;L269;Pavia;PV;Lombardia;ITC48
018160;Torrevecchia Pia;L285;Pavia;PV;Lombardia;ITC48
018161;Torricella Verzate;L292;Pavia;PV;Lombardia;ITC48
018162;Travacò Siccomario;I236;Pavia;PV;Lombardia;ITC48
018163;Trivolzio;L440;Pavia;PV;Lombardia;ITC48
018164;Tromello;L449;Pavia;PV;Lombardia;ITC48
018165;Trovo;L453;Pavia;PV;Lombardia;ITC48
018166;Val di Nizza;L562;Pavia;PV;Lombardia;ITC48
018167;Valeggio;L568;Pavia;PV;Lombardia;ITC48
018168;Valle Lomellina;L593;Pavia;PV;Lombardia;ITC48
018169;Valle Salimbene;L617;Pavia;PV;Lombardia;ITC48
018171;Varzi;L690;Pavia;PV;Lombardia;ITC48
018172;Velezzo Lomellina;L716;Pavia;PV;Lombardia;ITC48
018173;Vellezzo Bellini;L720;Pavia;PV;Lombardia;ITC48
018174;Verretto;L784;Pavia;PV;Lombardia;ITC48
018175;Verrua Po;L788;Pavia;PV;Lombardia;ITC48
018176;Vidigulfo;L854;Pavia;PV;Lombardia;ITC48
018177;Vigevano;L872;Pavia;PV;Lombardia;ITC48
018178;Villa Biscossi;L917;Pavia;PV;Lombardia;ITC48
018179;Villanova d'Ardenghi;L983;Pavia;PV;Lombardia;ITC48
018180;Villanterio;L994;Pavia;PV;Lombardia;ITC48
018181;Vistarino;M079;Pavia;PV;Lombardia;ITC48
018182;Voghera;M109;Pavia;PV;Lombardia;ITC48
018183;Volpara;M119;Pavia;PV;Lombardia;ITC48
018184;Zavattarello;M150;Pavia;PV;Lombardia;ITC48
018185;Zeccone;M152;Pavia;PV;Lombardia;ITC48
018186;Zeme;M161;Pavia;PV;Lombardia;ITC48
018187;Zenevredo;M162;Pavia;PV;Lombardia;ITC48
018188;Zerbo;M166;Pavia;PV;Lombardia;ITC48
018189;Zerbolò;M167;Pavia;PV;Lombardia;ITC48
018190;Zinasco;M180;Pavia;PV;Lombardia;ITC48
018191;Cornale e Bastida;M338;Pavia;PV;Lombardia;ITC48
018192;Corteolona e Genzone;M372;Pavia;PV;Lombardia;ITC48
018193;Colli Verdi;M419;Pavia;PV;Lombardia;ITC48
019001;Acquanegra Cremonese;A039;Cremona;CR;Lombardia;ITC4A
019002;Agnadello;A076;Cremona;CR;Lombardia;ITC4A
019003;Annicco;A299;Cremona;CR;Lombardia;ITC4A
019004;Azzanello;A526;Cremona;CR;Lombardia;ITC4A
019005;Bagnolo Cremasco;A570;Cremona;CR;Lombardia;ITC4A
019006;Bonemerse;A972;Cremona;CR;Lombardia;ITC4A
019007;Bordolano;A986;Cremona;CR;Lombardia;ITC4A
019009;Calvatone;B439;Cremona;CR;Lombardia;ITC4A
019010;Camisano;B484;Cremona;CR;Lombardia;ITC4A
019011;Campagnola Cremasca;B498;Cremona;CR;Lombardia;ITC4A
019012;Capergnanica;B650;Cremona;CR;Lombardia;ITC4A
019013;Cappella Cantone;B679;Cremona;CR;Lombardia;ITC4A
019014;Cappella de' Picenardi;B680;Cremona;CR;Lombardia;ITC4A
019015;Capralba;B686;Cremona;CR;Lombardia;ITC4A
019016;Casalbuttano ed Uniti;B869;Cremona;CR;Lombardia;ITC4A
019017;Casale Cremasco-Vidolasco;B881;Cremona;CR;Lombardia;ITC4A
019018;Casaletto Ceredano;B889;Cremona;CR;Lombardia;ITC4A
019019;Casaletto di Sopra;B890;Cremona;CR;Lombardia;ITC4A
019020;Casaletto Vaprio;B891;Cremona;CR;Lombardia;ITC4A
019021;Casalmaggiore;B898;Cremona;CR;Lombardia;ITC4A
019022;Casalmorano;B900;Cremona;CR;Lombardia;ITC4A
019023;Casteldidone;C089;Cremona;CR;Lombardia;ITC4A
019024;Castel Gabbiano;C115;Cremona;CR;Lombardia;ITC4A
019025;Castelleone;C153;Cremona;CR;Lombardia;ITC4A
019026;Castelverde;B129;Cremona;CR;Lombardia;ITC4A
019027;Castelvisconti;C290;Cremona;CR;Lombardia;ITC4A
019028;Cella Dati;C435;Cremona;CR;Lombardia;ITC4A
019029;Chieve;C634;Cremona;CR;Lombardia;ITC4A
019030;Cicognolo;C678;Cremona;CR;Lombardia;ITC4A
019031;Cingia de' Botti;C703;Cremona;CR;Lombardia;ITC4A
019032;Corte de' Cortesi con Cignone;D056;Cremona;CR;Lombardia;ITC4A
019033;Corte de' Frati;D057;Cremona;CR;Lombardia;ITC4A
019034;Credera Rubbiano;D141;Cremona;CR;Lombardia;ITC4A
019035;Crema;D142;Cremona;CR;Lombardia;ITC4A
019036;Cremona;D150;Cremona;CR;Lombardia;ITC4A
019037;Cremosano;D151;Cremona;CR;Lombardia;ITC4A
019038;Crotta d'Adda;D186;Cremona;CR;Lombardia;ITC4A
019039;Cumignano sul Naviglio;D203;Cremona;CR;Lombardia;ITC4A
019040;Derovere;D278;Cremona;CR;Lombardia;ITC4A
019041;Dovera;D358;Cremona;CR;Lombardia;ITC4A
019043;Fiesco;D574;Cremona;CR;Lombardia;ITC4A
019044;Formigara;D710;Cremona;CR;Lombardia;ITC4A
019045;Gabbioneta-Binanuova;D834;Cremona;CR;Lombardia;ITC4A
019046;Gadesco-Pieve Delmona;D841;Cremona;CR;Lombardia;ITC4A
019047;Genivolta;D966;Cremona;CR;Lombardia;ITC4A
019048;Gerre de' Caprioli;D993;Cremona;CR;Lombardia;ITC4A
019049;Gombito;E082;Cremona;CR;Lombardia;ITC4A
019050;Grontardo;E193;Cremona;CR;Lombardia;ITC4A
019051;Grumello Cremonese ed Uniti;E217;Cremona;CR;Lombardia;ITC4A
019052;Gussola;E272;Cremona;CR;Lombardia;ITC4A
019053;Isola Dovarese;E356;Cremona;CR;Lombardia;ITC4A
019054;Izano;E380;Cremona;CR;Lombardia;ITC4A
019055;Madignano;E793;Cremona;CR;Lombardia;ITC4A
019056;Malagnino;E843;Cremona;CR;Lombardia;ITC4A
019057;Martignana di Po;E983;Cremona;CR;Lombardia;ITC4A
019058;Monte Cremasco;F434;Cremona;CR;Lombardia;ITC4A
019059;Montodine;F681;Cremona;CR;Lombardia;ITC4A
019060;Moscazzano;F761;Cremona;CR;Lombardia;ITC4A
019061;Motta Baluffi;F771;Cremona;CR;Lombardia;ITC4A
019062;Offanengo;G004;Cremona;CR;Lombardia;ITC4A
019063;Olmeneta;G047;Cremona;CR;Lombardia;ITC4A
019064;Ostiano;G185;Cremona;CR;Lombardia;ITC4A
019065;Paderno Ponchielli;G222;Cremona;CR;Lombardia;ITC4A
019066;Palazzo Pignano;G260;Cremona;CR;Lombardia;ITC4A
019067;Pandino;G306;Cremona;CR;Lombardia;ITC4A
019068;Persico Dosimo;G469;Cremona;CR;Lombardia;ITC4A
019069;Pescarolo ed Uniti;G483;Cremona;CR;Lombardia;ITC4A
019070;Pessina Cremonese;G504;Cremona;CR;Lombardia;ITC4A
019072;Pianengo;G558;Cremona;CR;Lombardia;ITC4A
019073;Pieranica;G603;Cremona;CR;Lombardia;ITC4A
019074;Pieve d'Olmi;G647;Cremona;CR;Lombardia;ITC4A
019075;Pieve San Giacomo;G651;Cremona;CR;Lombardia;ITC4A
019076;Pizzighettone;G721;Cremona;CR;Lombardia;ITC4A
019077;Pozzaglio ed Uniti;B914;Cremona;CR;Lombardia;ITC4A
019078;Quintano;H130;Cremona;CR;Lombardia;ITC4A
019079;Ricengo;H276;Cremona;CR;Lombardia;ITC4A
019080;Ripalta Arpina;H314;Cremona;CR;Lombardia;ITC4A
019081;Ripalta Cremasca;H315;Cremona;CR;Lombardia;ITC4A
019082;Ripalta Guerina;H316;Cremona;CR;Lombardia;ITC4A
019083;Rivarolo del Re ed Uniti;H341;Cremona;CR;Lombardia;ITC4A
019084;Rivolta d'Adda;H357;Cremona;CR;Lombardia;ITC4A
019085;Robecco d'Oglio;H372;Cremona;CR;Lombardia;ITC4A
019086;Romanengo;H508;Cremona;CR;Lombardia;ITC4A
019087;Salvirola;H731;Cremona;CR;Lombardia;ITC4A
019088;San Bassano;H767;Cremona;CR;Lombardia;ITC4A
019089;San Daniele Po;H815;Cremona;CR;Lombardia;ITC4A
019090;San Giovanni in Croce;H918;Cremona;CR;Lombardia;ITC4A
019091;San Martino del Lago;I007;Cremona;CR;Lombardia;ITC4A
019092;Scandolara Ravara;I497;Cremona;CR;Lombardia;ITC4A
019093;Scandolara Ripa d'Oglio;I498;Cremona;CR;Lombardia;ITC4A
019094;Sergnano;I627;Cremona;CR;Lombardia;ITC4A
019095;Sesto ed Uniti;I683;Cremona;CR;Lombardia;ITC4A
019096;Solarolo Rainerio;I790;Cremona;CR;Lombardia;ITC4A
019097;Soncino;I827;Cremona;CR;Lombardia;ITC4A
019098;Soresina;I849;Cremona;CR;Lombardia;ITC4A
019099;Sospiro;I865;Cremona;CR;Lombardia;ITC4A
019100;Spinadesco;I906;Cremona;CR;Lombardia;ITC4A
019101;Spineda;I909;Cremona;CR;Lombardia;ITC4A
019102;Spino d'Adda;I914;Cremona;CR;Lombardia;ITC4A
019103;Stagno Lombardo;I935;Cremona;CR;Lombardia;ITC4A
019104;Ticengo;L164;Cremona;CR;Lombardia;ITC4A
019105;Torlino Vimercati;L221;Cremona;CR;Lombardia;ITC4A
019106;Tornata;L225;Cremona;CR;Lombardia;ITC4A
019107;Torre de' Picenardi;L258;Cremona;CR;Lombardia;ITC4A
019108;Torricella del Pizzo;L296;Cremona;CR;Lombardia;ITC4A
019109;Trescore Cremasco;L389;Cremona;CR;Lombardia;ITC4A
019110;Trigolo;L426;Cremona;CR;Lombardia;ITC4A
019111;Vaiano Cremasco;L535;Cremona;CR;Lombardia;ITC4A
019112;Vailate;L539;Cremona;CR;Lombardia;ITC4A
019113;Vescovato;L806;Cremona;CR;Lombardia;ITC4A
019114;Volongo;M116;Cremona;CR;Lombardia;ITC4A
019115;Voltido;M127;Cremona;CR;Lombardia;ITC4A
019116;Piadena Drizzona;M418;Cremona;CR;Lombardia;ITC4A
020001;Acquanegra sul Chiese;A038;Mantova;MN;Lombardia;ITC4B
020002;Asola;A470;Mantova;MN;Lombardia;ITC4B
020003;Bagnolo San Vito;A575;Mantova;MN;Lombardia;ITC4B
020007;Bozzolo;B110;Mantova;MN;Lombardia;ITC4B
020008;Canneto sull'Oglio;B612;Mantova;MN;Lombardia;ITC4B
020010;Casalmoro;B901;Mantova;MN;Lombardia;ITC4B
020011;Casaloldo;B907;Mantova;MN;Lombardia;ITC4B
020012;Casalromano;B911;Mantova;MN;Lombardia;ITC4B
020013;Castelbelforte;C059;Mantova;MN;Lombardia;ITC4B
020014;Castel d'Ario;C076;Mantova;MN;Lombardia;ITC4B
020015;Castel Goffredo;C118;Mantova;MN;Lombardia;ITC4B
020016;Castellucchio;C195;Mantova;MN;Lombardia;ITC4B
020017;Castiglione delle Stiviere;C312;Mantova;MN;Lombardia;ITC4B
020018;Cavriana;C406;Mantova;MN;Lombardia;ITC4B
020019;Ceresara;C502;Mantova;MN;Lombardia;ITC4B
020020;Commessaggio;C930;Mantova;MN;Lombardia;ITC4B
020021;Curtatone;D227;Mantova;MN;Lombardia;ITC4B
020022;Dosolo;D351;Mantova;MN;Lombardia;ITC4B
020024;Gazoldo degli Ippoliti;D949;Mantova;MN;Lombardia;ITC4B
020025;Gazzuolo;D959;Mantova;MN;Lombardia;ITC4B
020026;Goito;E078;Mantova;MN;Lombardia;ITC4B
020027;Gonzaga;E089;Mantova;MN;Lombardia;ITC4B
020028;Guidizzolo;E261;Mantova;MN;Lombardia;ITC4B
020029;Magnacavallo;E818;Mantova;MN;Lombardia;ITC4B
020030;Mantova;E897;Mantova;MN;Lombardia;ITC4B
020031;Marcaria;E922;Mantova;MN;Lombardia;ITC4B
020032;Mariana Mantovana;E949;Mantova;MN;Lombardia;ITC4B
020033;Marmirolo;E962;Mantova;MN;Lombardia;ITC4B
020034;Medole;F086;Mantova;MN;Lombardia;ITC4B
020035;Moglia;F267;Mantova;MN;Lombardia;ITC4B
020036;Monzambano;F705;Mantova;MN;Lombardia;ITC4B
020037;Motteggiana;B012;Mantova;MN;Lombardia;ITC4B
020038;Ostiglia;G186;Mantova;MN;Lombardia;ITC4B
020039;Pegognaga;G417;Mantova;MN;Lombardia;ITC4B
020041;Piubega;G717;Mantova;MN;Lombardia;ITC4B
020042;Poggio Rusco;G753;Mantova;MN;Lombardia;ITC4B
020043;Pomponesco;G816;Mantova;MN;Lombardia;ITC4B
020044;Ponti sul Mincio;G862;Mantova;MN;Lombardia;ITC4B
020045;Porto Mantovano;G917;Mantova;MN;Lombardia;ITC4B
020046;Quingentole;H129;Mantova;MN;Lombardia;ITC4B
020047;Quistello;H143;Mantova;MN;Lombardia;ITC4B
020048;Redondesco;H218;Mantova;MN;Lombardia;ITC4B
020050;Rivarolo Mantovano;H342;Mantova;MN;Lombardia;ITC4B
020051;Rodigo;H481;Mantova;MN;Lombardia;ITC4B
020052;Roncoferraro;H541;Mantova;MN;Lombardia;ITC4B
020053;Roverbella;H604;Mantova;MN;Lombardia;ITC4B
020054;Sabbioneta;H652;Mantova;MN;Lombardia;ITC4B
020055;San Benedetto Po;H771;Mantova;MN;Lombardia;ITC4B
020056;San Giacomo delle Segnate;H870;Mantova;MN;Lombardia;ITC4B
020057;San Giorgio Bigarello;H883;Mantova;MN;Lombardia;ITC4B
020058;San Giovanni del Dosso;H912;Mantova;MN;Lombardia;ITC4B
020059;San Martino dall'Argine;I005;Mantova;MN;Lombardia;ITC4B
020060;Schivenoglia;I532;Mantova;MN;Lombardia;ITC4B
020061;Sermide e Felonica;I632;Mantova;MN;Lombardia;ITC4B
020062;Serravalle a Po;I662;Mantova;MN;Lombardia;ITC4B
020063;Solferino;I801;Mantova;MN;Lombardia;ITC4B
020064;Sustinente;L015;Mantova;MN;Lombardia;ITC4B
020065;Suzzara;L020;Mantova;MN;Lombardia;ITC4B
020066;Viadana;L826;Mantova;MN;Lombardia;ITC4B
020068;Villimpenta;M044;Mantova;MN;Lombardia;ITC4B
020070;Volta Mantovana;M125;Mantova;MN;Lombardia;ITC4B
020071;Borgo Virgilio;M340;Mantova;MN;Lombardia;ITC4B
020072;Borgo Mantovano;M396;Mantova;MN;Lombardia;ITC4B
020073;Borgocarbonara;M406;Mantova;MN;Lombardia;ITC4B
021001;Aldino;A179;Bolzano/Bozen;BZ;Trentino-Alto Adige/Südtirol;ITH10
021002;Andriano;A286;Bolzano/Bozen;BZ;Trentino-Alto Adige/Südtirol;ITH10
021003;Anterivo;A306;Bolzano/Bozen;BZ;Trentino-Alto Adige/Südtirol;ITH10
021004;Appiano sulla strada del vino;A332;Bolzano/Bozen;BZ;Trentino-Alto Adige/Südtirol;ITH10
021005;Avelengo;A507;Bolzano/Bozen;BZ;Trentino-Alto Adige/Südtirol;ITH10
021006;Badia;A537;Bolzano/Bozen;BZ;Trentino-Alto Adige/Südtirol;ITH10
021007;Barbiano;A635;Bolzano/Bozen;BZ;Trentino-Alto Adige/Südtirol;ITH10
021008;Bolzano;A952;Bolzano/Bozen;BZ;Trentino-Alto Adige/Südtirol;ITH10
021009;Braies;B116;Bolzano/Bozen;BZ;Trentino-Alto Adige/Südtirol;ITH10
021010;Brennero;B145;Bolzano/Bozen;BZ;Trentino-Alto Adige/Südtirol;ITH10
021011;Bressanone;B160;Bolzano/Bozen;BZ;Trentino-Alto Adige/Südtirol;ITH10
021012;Bronzolo;B203;Bolzano/Bozen;BZ;Trentino-Alto Adige/Südtirol;ITH10
021013;Brunico;B220;Bolzano/Bozen;BZ;Trentino-Alto Adige/Südtirol;ITH10
021014;Caines;B364;Bolzano/Bozen;BZ;Trentino-Alto Adige/Südtirol;ITH10
021015;Caldaro sulla strada del vino;B397;Bolzano/Bozen;BZ;Trentino-Alto Adige/Südtirol;ITH10
021016;Campo di Trens;B529;Bolzano/Bozen;BZ;Trentino-Alto Adige/Südtirol;ITH10
021017;Campo Tures;B570;Bolzano/Bozen;BZ;Trentino-Alto Adige/Südtirol;ITH10
021018;Castelbello-Ciardes;C062;Bolzano/Bozen;BZ;Trentino-Alto Adige/Südtirol;ITH10
021019;Castelrotto;C254;Bolzano/Bozen;BZ;Trentino-Alto Adige/Südtirol;ITH10
021020;Cermes;A022;Bolzano/Bozen;BZ;Trentino-Alto Adige/Südtirol;ITH10
021021;Chienes;C625;Bolzano/Bozen;BZ;Trentino-Alto Adige/Südtirol;ITH10
021022;Chiusa;C652;Bolzano/Bozen;BZ;Trentino-Alto Adige/Südtirol;ITH10
021023;Cornedo all'Isarco;B799;Bolzano/Bozen;BZ;Trentino-Alto Adige/Südtirol;ITH10
021024;Cortaccia sulla strada del vino;D048;Bolzano/Bozen;BZ;Trentino-Alto Adige/Südtirol;ITH10
021025;Cortina sulla strada del vino;D075;Bolzano/Bozen;BZ;Trentino-Alto Adige/Südtirol;ITH10
021026;Corvara in Badia;D079;Bolzano/Bozen;BZ;Trentino-Alto Adige/Südtirol;ITH10
021027;Curon Venosta;D222;Bolzano/Bozen;BZ;Trentino-Alto Adige/Südtirol;ITH10
021028;Dobbiaco;D311;Bolzano/Bozen;BZ;Trentino-Alto Adige/Südtirol;ITH10
021029;Egna;D392;Bolzano/Bozen;BZ;Trentino-Alto Adige/Südtirol;ITH10
021030;Falzes;D484;Bolzano/Bozen;BZ;Trentino-Alto Adige/Südtirol;ITH10
021031;Fiè allo Sciliar;D571;Bolzano/Bozen;BZ;Trentino-Alto Adige/Südtirol;ITH10
021032;Fortezza;D731;Bolzano/Bozen;BZ;Trentino-Alto Adige/Südtirol;ITH10
021033;Funes;D821;Bolzano/Bozen;BZ;Trentino-Alto Adige/Südtirol;ITH10
021034;Gais;D860;Bolzano/Bozen;BZ;Trentino-Alto Adige/Südtirol;ITH10
021035;Gargazzone;D923;Bolzano/Bozen;BZ;Trentino-Alto Adige/Südtirol;ITH10
021036;Glorenza;E069;Bolzano/Bozen;BZ;Trentino-Alto Adige/Südtirol;ITH10
021037;Laces;E398;Bolzano/Bozen;BZ;Trentino-Alto Adige/Südtirol;ITH10
021038;Lagundo;E412;Bolzano/Bozen;BZ;Trentino-Alto Adige/Südtirol;ITH10
021039;Laion;E420;Bolzano/Bozen;BZ;Trentino-Alto Adige/Südtirol;ITH10
021040;Laives;E421;Bolzano/Bozen;BZ;Trentino-Alto Adige/Südtirol;ITH10
021041;Lana;E434;Bolzano/Bozen;BZ;Trentino-Alto Adige/Südtirol;ITH10
021042;Lasa;E457;Bolzano/Bozen;BZ;Trentino-Alto Adige/Südtirol;ITH10
021043;Lauregno;E481;Bolzano/Bozen;BZ;Trentino-Alto Adige/Südtirol;ITH10
021044;Luson;E764;Bolzano/Bozen;BZ;Trentino-Alto Adige/Südtirol;ITH10
021045;Magrè sulla strada del vino;E829;Bolzano/Bozen;BZ;Trentino-Alto Adige/Südtirol;ITH10
021046;Malles Venosta;E862;Bolzano/Bozen;BZ;Trentino-Alto Adige/Südtirol;ITH10
021047;Marebbe;E938;Bolzano/Bozen;BZ;Trentino-Alto Adige/Südtirol;ITH10
021048;Marlengo;E959;Bolzano/Bozen;BZ;Trentino-Alto Adige/Südtirol;ITH10
021049;Martello;E981;Bolzano/Bozen;BZ;Trentino-Alto Adige/Südtirol;ITH10
021050;Meltina;F118;Bolzano/Bozen;BZ;Trentino-Alto Adige/Südtirol;ITH10
021051;Merano;F132;Bolzano/Bozen;BZ;Trentino-Alto Adige/Südtirol;ITH10
021052;Monguelfo-Tesido;F371;Bolzano/Bozen;BZ;Trentino-Alto Adige/Südtirol;ITH10
021053;Montagna sulla strada del vino;F392;Bolzano/Bozen;BZ;Trentino-Alto Adige/Südtirol;ITH10
021054;Moso in Passiria;F766;Bolzano/Bozen;BZ;Trentino-Alto Adige/Südtirol;ITH10
021055;Nalles;F836;Bolzano/Bozen;BZ;Trentino-Alto Adige/Südtirol;ITH10
021056;Naturno;F849;Bolzano/Bozen;BZ;Trentino-Alto Adige/Südtirol;ITH10
021057;Naz-Sciaves;F856;Bolzano/Bozen;BZ;Trentino-Alto Adige/Südtirol;ITH10
021058;Nova Levante;F949;Bolzano/Bozen;BZ;Trentino-Alto Adige/Südtirol;ITH10
021059;Nova Ponente;F950;Bolzano/Bozen;BZ;Trentino-Alto Adige/Südtirol;ITH10
021060;Ora;G083;Bolzano/Bozen;BZ;Trentino-Alto Adige/Südtirol;ITH10
021061;Ortisei;G140;Bolzano/Bozen;BZ;Trentino-Alto Adige/Südtirol;ITH10
021062;Parcines;G328;Bolzano/Bozen;BZ;Trentino-Alto Adige/Südtirol;ITH10
021063;Perca;G443;Bolzano/Bozen;BZ;Trentino-Alto Adige/Südtirol;ITH10
021064;Plaus;G299;Bolzano/Bozen;BZ;Trentino-Alto Adige/Südtirol;ITH10
021065;Ponte Gardena;G830;Bolzano/Bozen;BZ;Trentino-Alto Adige/Südtirol;ITH10
021066;Postal;G936;Bolzano/Bozen;BZ;Trentino-Alto Adige/Südtirol;ITH10
021067;Prato allo Stelvio;H004;Bolzano/Bozen;BZ;Trentino-Alto Adige/Südtirol;ITH10
021068;Predoi;H019;Bolzano/Bozen;BZ;Trentino-Alto Adige/Südtirol;ITH10
021069;Proves;H081;Bolzano/Bozen;BZ;Trentino-Alto Adige/Südtirol;ITH10
021070;Racines;H152;Bolzano/Bozen;BZ;Trentino-Alto Adige/Südtirol;ITH10
021071;Rasun-Anterselva;H189;Bolzano/Bozen;BZ;Trentino-Alto Adige/Südtirol;ITH10
021072;Renon;H236;Bolzano/Bozen;BZ;Trentino-Alto Adige/Südtirol;ITH10
021073;Rifiano;H284;Bolzano/Bozen;BZ;Trentino-Alto Adige/Südtirol;ITH10
021074;Rio di Pusteria;H299;Bolzano/Bozen;BZ;Trentino-Alto Adige/Südtirol;ITH10
021075;Rodengo;H475;Bolzano/Bozen;BZ;Trentino-Alto Adige/Südtirol;ITH10
021076;Salorno sulla strada del vino;H719;Bolzano/Bozen;BZ;Trentino-Alto Adige/Südtirol;ITH10
021077;San Candido;H786;Bolzano/Bozen;BZ;Trentino-Alto Adige/Südtirol;ITH10
021079;San Genesio Atesino;H858;Bolzano/Bozen;BZ;Trentino-Alto Adige/Südtirol;ITH10
021080;San Leonardo in Passiria;H952;Bolzano/Bozen;BZ;Trentino-Alto Adige/Südtirol;ITH10
021081;San Lorenzo di Sebato;H956;Bolzano/Bozen;BZ;Trentino-Alto Adige/Südtirol;ITH10
021082;San Martino in Badia;H988;Bolzano/Bozen;BZ;Trentino-Alto Adige/Südtirol;ITH10
021083;San Martino in Passiria;H989;Bolzano/Bozen;BZ;Trentino-Alto Adige/Südtirol;ITH10
021084;San Pancrazio;I065;Bolzano/Bozen;BZ;Trentino-Alto Adige/Südtirol;ITH10
021085;Santa Cristina Valgardena;I173;Bolzano/Bozen;BZ;Trentino-Alto Adige/Südtirol;ITH10
021086;Sarentino;I431;Bolzano/Bozen;BZ;Trentino-Alto Adige/Südtirol;ITH10
021087;Scena;I519;Bolzano/Bozen;BZ;Trentino-Alto Adige/Südtirol;ITH10
021088;Selva dei Molini;I593;Bolzano/Bozen;BZ;Trentino-Alto Adige/Südtirol;ITH10
021089;Selva di Val Gardena;I591;Bolzano/Bozen;BZ;Trentino-Alto Adige/Südtirol;ITH10
021091;Senales;I604;Bolzano/Bozen;BZ;Trentino-Alto Adige/Südtirol;ITH10
021092;Sesto;I687;Bolzano/Bozen;BZ;Trentino-Alto Adige/Südtirol;ITH10
021093;Silandro;I729;Bolzano/Bozen;BZ;Trentino-Alto Adige/Südtirol;ITH10
021094;Sluderno;I771;Bolzano/Bozen;BZ;Trentino-Alto Adige/Südtirol;ITH10
021095;Stelvio;I948;Bolzano/Bozen;BZ;Trentino-Alto Adige/Südtirol;ITH10
021096;Terento;L106;Bolzano/Bozen;BZ;Trentino-Alto Adige/Südtirol;ITH10
021097;Terlano;L108;Bolzano/Bozen;BZ;Trentino-Alto Adige/Südtirol;ITH10
021098;Termeno sulla strada del vino;L111;Bolzano/Bozen;BZ;Trentino-Alto Adige/Südtirol;ITH10
021099;Tesimo;L149;Bolzano/Bozen;BZ;Trentino-Alto Adige/Südtirol;ITH10
021100;Tires;L176;Bolzano/Bozen;BZ;Trentino-Alto Adige/Südtirol;ITH10
021101;Tirolo;L178;Bolzano/Bozen;BZ;Trentino-Alto Adige/Südtirol;ITH10
021102;Trodena nel parco naturale;L444;Bolzano/Bozen;BZ;Trentino-Alto Adige/Südtirol;ITH10
021103;Tubre;L455;Bolzano/Bozen;BZ;Trentino-Alto Adige/Südtirol;ITH10
021104;Ultimo;L490;Bolzano/Bozen;BZ;Trentino-Alto Adige/Südtirol;ITH10
021105;Vadena;L527;Bolzano/Bozen;BZ;Trentino-Alto Adige/Südtirol;ITH10
021106;Valdaora;L552;Bolzano/Bozen;BZ;Trentino-Alto Adige/Südtirol;ITH10
021107;Val di Vizze;L564;Bolzano/Bozen;BZ;Trentino-Alto Adige/Südtirol;ITH10
021108;Valle Aurina;L595;Bolzano/Bozen;BZ;Trentino-Alto Adige/Südtirol;ITH10
021109;Valle di Casies;L601;Bolzano/Bozen;BZ;Trentino-Alto Adige/Südtirol;ITH10
021110;Vandoies;L660;Bolzano/Bozen;BZ;Trentino-Alto Adige/Südtirol;ITH10
021111;Varna;L687;Bolzano/Bozen;BZ;Trentino-Alto Adige/Südtirol;ITH10
021112;Verano;L745;Bolzano/Bozen;BZ;Trentino-Alto Adige/Südtirol;ITH10
021113;Villabassa;L915;Bolzano/Bozen;BZ;Trentino-Alto Adige/Südtirol;ITH10
021114;Villandro;L971;Bolzano/Bozen;BZ;Trentino-Alto Adige/Südtirol;ITH10
021115;Vipiteno;M067;Bolzano/Bozen;BZ;Trentino-Alto Adige/Südtirol;ITH10
021116;Velturno;L724;Bolzano/Bozen;BZ;Trentino-Alto Adige/Südtirol;ITH10
021117;La Valle;E491;Bolzano/Bozen;BZ;Trentino-Alto Adige/Südtirol;ITH10
021118;Senale-San Felice;I603;Bolzano/Bozen;BZ;Trentino-Alto Adige/Südtirol;ITH10
022001;Ala;A116;Trento;TN;Trentino-Alto Adige/Südtirol;ITH20
022002;Albiano;A158;Trento;TN;Trentino-Alto Adige/Südtirol;ITH20
022003;Aldeno;A178;Trento;TN;Trentino-Alto Adige/Südtirol;ITH20
022005;Andalo;A274;Trento;TN;Trentino-Alto Adige/Südtirol;ITH20
022006;Arco;A372;Trento;TN;Trentino-Alto Adige/Südtirol;ITH20
022007;Avio;A520;Trento;TN;Trentino-Alto Adige/Südtirol;ITH20
022009;Baselga di Pinè;A694;Trento;TN;Trentino-Alto Adige/Südtirol;ITH20
022011;Bedollo;A730;Trento;TN;Trentino-Alto Adige/Südtirol;ITH20
022013;Besenello;A821;Trento;TN;Trentino-Alto Adige/Südtirol;ITH20
022015;Bieno;A863;Trento;TN;Trentino-Alto Adige/Südtirol;ITH20
022017;Bleggio Superiore;A902;Trento;TN;Trentino-Alto Adige/Südtirol;ITH20
022018;Bocenago;A916;Trento;TN;Trentino-Alto Adige/Südtirol;ITH20
022021;Bondone;A968;Trento;TN;Trentino-Alto Adige/Südtirol;ITH20
022022;Borgo Valsugana;B006;Trento;TN;Trentino-Alto Adige/Südtirol;ITH20
022025;Brentonico;B153;Trento;TN;Trentino-Alto Adige/Südtirol;ITH20
022026;Bresimo;B158;Trento;TN;Trentino-Alto Adige/Südtirol;ITH20
022029;Caderzone Terme;B335;Trento;TN;Trentino-Alto Adige/Südtirol;ITH20
022032;Calceranica al Lago;B389;Trento;TN;Trentino-Alto Adige/Südtirol;ITH20
022033;Caldes;B400;Trento;TN;Trentino-Alto Adige/Südtirol;ITH20
022034;Caldonazzo;B404;Trento;TN;Trentino-Alto Adige/Südtirol;ITH20
022035;Calliano;B419;Trento;TN;Trentino-Alto Adige/Südtirol;ITH20
022036;Campitello di Fassa;B514;Trento;TN;Trentino-Alto Adige/Südtirol;ITH20
022037;Campodenno;B525;Trento;TN;Trentino-Alto Adige/Südtirol;ITH20
022038;Canal San Bovo;B577;Trento;TN;Trentino-Alto Adige/Südtirol;ITH20
022039;Canazei;B579;Trento;TN;Trentino-Alto Adige/Südtirol;ITH20
022040;Capriana;B697;Trento;TN;Trentino-Alto Adige/Südtirol;ITH20
022042;Carisolo;B783;Trento;TN;Trentino-Alto Adige/Südtirol;ITH20
022043;Carzano;B856;Trento;TN;Trentino-Alto Adige/Südtirol;ITH20
022045;Castel Condino;C183;Trento;TN;Trentino-Alto Adige/Südtirol;ITH20
022047;Castello-Molina di Fiemme;C189;Trento;TN;Trentino-Alto Adige/Südtirol;ITH20
022048;Castello Tesino;C194;Trento;TN;Trentino-Alto Adige/Südtirol;ITH20
022049;Castelnuovo;C216;Trento;TN;Trentino-Alto Adige/Südtirol;ITH20
022050;Cavalese;C372;Trento;TN;Trentino-Alto Adige/Südtirol;ITH20
022051;Cavareno;C380;Trento;TN;Trentino-Alto Adige/Südtirol;ITH20
022052;Cavedago;C392;Trento;TN;Trentino-Alto Adige/Südtirol;ITH20
022053;Cavedine;C393;Trento;TN;Trentino-Alto Adige/Südtirol;ITH20
022054;Cavizzana;C400;Trento;TN;Trentino-Alto Adige/Südtirol;ITH20
022058;Cimone;C700;Trento;TN;Trentino-Alto Adige/Südtirol;ITH20
022059;Cinte Tesino;C712;Trento;TN;Trentino-Alto Adige/Südtirol;ITH20
022060;Cis;C727;Trento;TN;Trentino-Alto Adige/Südtirol;ITH20
022061;Civezzano;C756;Trento;TN;Trentino-Alto Adige/Südtirol;ITH20
022062;Cles;C794;Trento;TN;Trentino-Alto Adige/Südtirol;ITH20
022064;Commezzadura;C931;Trento;TN;Trentino-Alto Adige/Südtirol;ITH20
022068;Croviana;D188;Trento;TN;Trentino-Alto Adige/Südtirol;ITH20
022071;Dambel;D246;Trento;TN;Trentino-Alto Adige/Südtirol;ITH20
022074;Denno;D273;Trento;TN;Trentino-Alto Adige/Südtirol;ITH20
022078;Drena;D365;Trento;TN;Trentino-Alto Adige/Südtirol;ITH20
022079;Dro;D371;Trento;TN;Trentino-Alto Adige/Südtirol;ITH20
022081;Fai della Paganella;D468;Trento;TN;Trentino-Alto Adige/Südtirol;ITH20
022083;Fiavè;D565;Trento;TN;Trentino-Alto Adige/Südtirol;ITH20
022085;Fierozzo;D573;Trento;TN;Trentino-Alto Adige/Südtirol;ITH20
022087;Folgaria;D651;Trento;TN;Trentino-Alto Adige/Südtirol;ITH20
022089;Fornace;D714;Trento;TN;Trentino-Alto Adige/Südtirol;ITH20
022090;Frassilongo;D775;Trento;TN;Trentino-Alto Adige/Südtirol;ITH20
022091;Garniga Terme;D928;Trento;TN;Trentino-Alto Adige/Südtirol;ITH20
022092;Giovo;E048;Trento;TN;Trentino-Alto Adige/Südtirol;ITH20
022093;Giustino;E065;Trento;TN;Trentino-Alto Adige/Südtirol;ITH20
022095;Grigno;E178;Trento;TN;Trentino-Alto Adige/Südtirol;ITH20
022097;Imer;E288;Trento;TN;Trentino-Alto Adige/Südtirol;ITH20
022098;Isera;E334;Trento;TN;Trentino-Alto Adige/Südtirol;ITH20
022102;Lavarone;E492;Trento;TN;Trentino-Alto Adige/Südtirol;ITH20
022103;Lavis;E500;Trento;TN;Trentino-Alto Adige/Südtirol;ITH20
022104;Levico Terme;E565;Trento;TN;Trentino-Alto Adige/Südtirol;ITH20
022106;Livo;E624;Trento;TN;Trentino-Alto Adige/Südtirol;ITH20
022108;Lona-Lases;E664;Trento;TN;Trentino-Alto Adige/Südtirol;ITH20
022109;Luserna;E757;Trento;TN;Trentino-Alto Adige/Südtirol;ITH20
022110;Malé;E850;Trento;TN;Trentino-Alto Adige/Südtirol;ITH20
022112;Massimeno;F045;Trento;TN;Trentino-Alto Adige/Südtirol;ITH20
022113;Mazzin;F068;Trento;TN;Trentino-Alto Adige/Südtirol;ITH20
022114;Mezzana;F168;Trento;TN;Trentino-Alto Adige/Südtirol;ITH20
022115;Mezzano;F176;Trento;TN;Trentino-Alto Adige/Südtirol;ITH20
022116;Mezzocorona;F183;Trento;TN;Trentino-Alto Adige/Südtirol;ITH20
022117;Mezzolombardo;F187;Trento;TN;Trentino-Alto Adige/Südtirol;ITH20
022118;Moena;F263;Trento;TN;Trentino-Alto Adige/Südtirol;ITH20
022120;Molveno;F307;Trento;TN;Trentino-Alto Adige/Südtirol;ITH20
022123;Mori;F728;Trento;TN;Trentino-Alto Adige/Südtirol;ITH20
022124;Nago-Torbole;F835;Trento;TN;Trentino-Alto Adige/Südtirol;ITH20
022127;Nogaredo;F920;Trento;TN;Trentino-Alto Adige/Südtirol;ITH20
022128;Nomi;F929;Trento;TN;Trentino-Alto Adige/Südtirol;ITH20
022129;Novaledo;F947;Trento;TN;Trentino-Alto Adige/Südtirol;ITH20
022130;Ospedaletto;G168;Trento;TN;Trentino-Alto Adige/Südtirol;ITH20
022131;Ossana;G173;Trento;TN;Trentino-Alto Adige/Südtirol;ITH20
022133;Palù del Fersina;G296;Trento;TN;Trentino-Alto Adige/Südtirol;ITH20
022134;Panchià;G305;Trento;TN;Trentino-Alto Adige/Südtirol;ITH20
022135;Ronzo-Chienis;M303;Trento;TN;Trentino-Alto Adige/Südtirol;ITH20
022136;Peio;G419;Trento;TN;Trentino-Alto Adige/Südtirol;ITH20
022137;Pellizzano;G428;Trento;TN;Trentino-Alto Adige/Südtirol;ITH20
022138;Pelugo;G429;Trento;TN;Trentino-Alto Adige/Südtirol;ITH20
022139;Pergine Valsugana;G452;Trento;TN;Trentino-Alto Adige/Südtirol;ITH20
022142;Pieve Tesino;G656;Trento;TN;Trentino-Alto Adige/Südtirol;ITH20
022143;Pinzolo;G681;Trento;TN;Trentino-Alto Adige/Südtirol;ITH20
022144;Pomarolo;G808;Trento;TN;Trentino-Alto Adige/Südtirol;ITH20
022147;Predazzo;H018;Trento;TN;Trentino-Alto Adige/Südtirol;ITH20
022150;Rabbi;H146;Trento;TN;Trentino-Alto Adige/Südtirol;ITH20
022153;Riva del Garda;H330;Trento;TN;Trentino-Alto Adige/Südtirol;ITH20
022155;Romeno;H517;Trento;TN;Trentino-Alto Adige/Südtirol;ITH20
022156;Roncegno Terme;H528;Trento;TN;Trentino-Alto Adige/Südtirol;ITH20
022157;Ronchi Valsugana;H532;Trento;TN;Trentino-Alto Adige/Südtirol;ITH20
022159;Ronzone;H552;Trento;TN;Trentino-Alto Adige/Südtirol;ITH20
022160;Roverè della Luna;H607;Trento;TN;Trentino-Alto Adige/Südtirol;ITH20
022161;Rovereto;H612;Trento;TN;Trentino-Alto Adige/Südtirol;ITH20
022162;Ruffrè-Mendola;H634;Trento;TN;Trentino-Alto Adige/Südtirol;ITH20
022163;Rumo;H639;Trento;TN;Trentino-Alto Adige/Südtirol;ITH20
022164;Sagron Mis;H666;Trento;TN;Trentino-Alto Adige/Südtirol;ITH20
022165;Samone;H754;Trento;TN;Trentino-Alto Adige/Südtirol;ITH20
022167;San Michele all'Adige;I042;Trento;TN;Trentino-Alto Adige/Südtirol;ITH20
022168;Sant'Orsola Terme;I354;Trento;TN;Trentino-Alto Adige/Südtirol;ITH20
022169;Sanzeno;I411;Trento;TN;Trentino-Alto Adige/Südtirol;ITH20
022170;Sarnonico;I439;Trento;TN;Trentino-Alto Adige/Südtirol;ITH20
022171;Scurelle;I554;Trento;TN;Trentino-Alto Adige/Südtirol;ITH20
022172;Segonzano;I576;Trento;TN;Trentino-Alto Adige/Südtirol;ITH20
022173;Sfruz;I714;Trento;TN;Trentino-Alto Adige/Südtirol;ITH20
022176;Soraga di Fassa;I839;Trento;TN;Trentino-Alto Adige/Südtirol;ITH20
022177;Sover;I871;Trento;TN;Trentino-Alto Adige/Südtirol;ITH20
022179;Spiazzo;I899;Trento;TN;Trentino-Alto Adige/Südtirol;ITH20
022180;Spormaggiore;I924;Trento;TN;Trentino-Alto Adige/Südtirol;ITH20
022181;Sporminore;I925;Trento;TN;Trentino-Alto Adige/Südtirol;ITH20
022182;Stenico;I949;Trento;TN;Trentino-Alto Adige/Südtirol;ITH20
022183;Storo;I964;Trento;TN;Trentino-Alto Adige/Südtirol;ITH20
022184;Strembo;I975;Trento;TN;Trentino-Alto Adige/Südtirol;ITH20
022188;Telve;L089;Trento;TN;Trentino-Alto Adige/Südtirol;ITH20
022189;Telve di Sopra;L090;Trento;TN;Trentino-Alto Adige/Südtirol;ITH20
022190;Tenna;L096;Trento;TN;Trentino-Alto Adige/Südtirol;ITH20
022191;Tenno;L097;Trento;TN;Trentino-Alto Adige/Südtirol;ITH20
022193;Terragnolo;L121;Trento;TN;Trentino-Alto Adige/Südtirol;ITH20
022195;Terzolas;L145;Trento;TN;Trentino-Alto Adige/Südtirol;ITH20
022196;Tesero;L147;Trento;TN;Trentino-Alto Adige/Südtirol;ITH20
022199;Tione di Trento;L174;Trento;TN;Trentino-Alto Adige/Südtirol;ITH20
022200;Ton;L200;Trento;TN;Trentino-Alto Adige/Südtirol;ITH20
022202;Torcegno;L211;Trento;TN;Trentino-Alto Adige/Südtirol;ITH20
022203;Trambileno;L322;Trento;TN;Trentino-Alto Adige/Südtirol;ITH20
022205;Trento;L378;Trento;TN;Trentino-Alto Adige/Südtirol;ITH20
022209;Valfloriana;L575;Trento;TN;Trentino-Alto Adige/Südtirol;ITH20
022210;Vallarsa;L588;Trento;TN;Trentino-Alto Adige/Südtirol;ITH20
022213;Vermiglio;L769;Trento;TN;Trentino-Alto Adige/Südtirol;ITH20
022216;Vignola-Falesina;L886;Trento;TN;Trentino-Alto Adige/Südtirol;ITH20
022222;Villa Lagarina;L957;Trento;TN;Trentino-Alto Adige/Südtirol;ITH20
022224;Volano;M113;Trento;TN;Trentino-Alto Adige/Südtirol;ITH20
022226;Ziano di Fiemme;M173;Trento;TN;Trentino-Alto Adige/Südtirol;ITH20
022228;Comano Terme;M314;Trento;TN;Trentino-Alto Adige/Südtirol;ITH20
022229;Ledro;M313;Trento;TN;Trentino-Alto Adige/Südtirol;ITH20
022230;Predaia;M344;Trento;TN;Trentino-Alto Adige/Südtirol;ITH20
022231;San Lorenzo Dorsino;M345;Trento;TN;Trentino-Alto Adige/Südtirol;ITH20
022232;Valdaone;M343;Trento;TN;Trentino-Alto Adige/Südtirol;ITH20
022233;Dimaro Folgarida;M366;Trento;TN;Trentino-Alto Adige/Südtirol;ITH20
022234;Pieve di Bono-Prezzo;M365;Trento;TN;Trentino-Alto Adige/Südtirol;ITH20
022235;Altavalle;M349;Trento;TN;Trentino-Alto Adige/Südtirol;ITH20
022236;Altopiano della Vigolana;M350;Trento;TN;Trentino-Alto Adige/Südtirol;ITH20
022237;Amblar-Don;M351;Trento;TN;Trentino-Alto Adige/Südtirol;ITH20
022238;Borgo Chiese;M352;Trento;TN;Trentino-Alto Adige/Südtirol;ITH20
022239;Borgo Lares;M353;Trento;TN;Trentino-Alto Adige/Südtirol;ITH20
022240;Castel Ivano;M354;Trento;TN;Trentino-Alto Adige/Südtirol;ITH20
022241;Cembra Lisignago;M355;Trento;TN;Trentino-Alto Adige/Südtirol;ITH20
022242;Contà;M356;Trento;TN;Trentino-Alto Adige/Südtirol;ITH20
022243;Madruzzo;M357;Trento;TN;Trentino-Alto Adige/Südtirol;ITH20
022244;Porte di Rendena;M358;Trento;TN;Trentino-Alto Adige/Südtirol;ITH20
022245;Primiero San Martino di Castrozza;M359;Trento;TN;Trentino-Alto Adige/Südtirol;ITH20
022246;Sella Giudicarie;M360;Trento;TN;Trentino-Alto Adige/Südtirol;ITH20
022247;Tre Ville;M361;Trento;TN;Trentino-Alto Adige/Südtirol;ITH20
022248;Vallelaghi;M362;Trento;TN;Trentino-Alto Adige/Südtirol;ITH20
022249;Ville d'Anaunia;M363;Trento;TN;Trentino-Alto Adige/Südtirol;ITH20
022250;San Giovanni di Fassa;M390;Trento;TN;Trentino-Alto Adige/Südtirol;ITH20
022251;Terre d'Adige;M407;Trento;TN;Trentino-Alto Adige/Südtirol;ITH20
022252;Borgo d'Anaunia;M429;Trento;TN;Trentino-Alto Adige/Südtirol;ITH20
022253;Novella;M430;Trento;TN;Trentino-Alto Adige/Südtirol;ITH20
022254;Ville di Fiemme;M431;Trento;TN;Trentino-Alto Adige/Südtirol;ITH20
023001;Affi;A061;Verona;VR;Veneto;ITH31
023002;Albaredo d'Adige;A137;Verona;VR;Veneto;ITH31
023003;Angiari;A292;Verona;VR;Veneto;ITH31
023004;Arcole;A374;Verona;VR;Veneto;ITH31
023005;Badia Calavena;A540;Verona;VR;Veneto;ITH31
023006;Bardolino;A650;Verona;VR;Veneto;ITH31
023007;Belfiore;A737;Verona;VR;Veneto;ITH31
023008;Bevilacqua;A837;Verona;VR;Veneto;ITH31
023009;Bonavigo;A964;Verona;VR;Veneto;ITH31
023010;Boschi Sant'Anna;B070;Verona;VR;Veneto;ITH31
023011;Bosco Chiesanuova;B073;Verona;VR;Veneto;ITH31
023012;Bovolone;B107;Verona;VR;Veneto;ITH31
023013;Brentino Belluno;B152;Verona;VR;Veneto;ITH31
023014;Brenzone sul Garda;B154;Verona;VR;Veneto;ITH31
023015;Bussolengo;B296;Verona;VR;Veneto;ITH31
023016;Buttapietra;B304;Verona;VR;Veneto;ITH31
023017;Caldiero;B402;Verona;VR;Veneto;ITH31
023018;Caprino Veronese;B709;Verona;VR;Veneto;ITH31
023019;Casaleone;B886;Verona;VR;Veneto;ITH31
023020;Castagnaro;C041;Verona;VR;Veneto;ITH31
023021;Castel d'Azzano;C078;Verona;VR;Veneto;ITH31
023022;Castelnuovo del Garda;C225;Verona;VR;Veneto;ITH31
023023;Cavaion Veronese;C370;Verona;VR;Veneto;ITH31
023024;Cazzano di Tramigna;C412;Verona;VR;Veneto;ITH31
023025;Cerea;C498;Verona;VR;Veneto;ITH31
023026;Cerro Veronese;C538;Verona;VR;Veneto;ITH31
023027;Cologna Veneta;C890;Verona;VR;Veneto;ITH31
023028;Colognola ai Colli;C897;Verona;VR;Veneto;ITH31
023029;Concamarise;C943;Verona;VR;Veneto;ITH31
023030;Costermano sul Garda;D118;Verona;VR;Veneto;ITH31
023031;Dolcè;D317;Verona;VR;Veneto;ITH31
023032;Erbè;D419;Verona;VR;Veneto;ITH31
023033;Erbezzo;D420;Verona;VR;Veneto;ITH31
023034;Ferrara di Monte Baldo;D549;Verona;VR;Veneto;ITH31
023035;Fumane;D818;Verona;VR;Veneto;ITH31
023036;Garda;D915;Verona;VR;Veneto;ITH31
023037;Gazzo Veronese;D957;Verona;VR;Veneto;ITH31
023038;Grezzana;E171;Verona;VR;Veneto;ITH31
023039;Illasi;E284;Verona;VR;Veneto;ITH31
023040;Isola della Scala;E349;Verona;VR;Veneto;ITH31
023041;Isola Rizza;E358;Verona;VR;Veneto;ITH31
023042;Lavagno;E489;Verona;VR;Veneto;ITH31
023043;Lazise;E502;Verona;VR;Veneto;ITH31
023044;Legnago;E512;Verona;VR;Veneto;ITH31
023045;Malcesine;E848;Verona;VR;Veneto;ITH31
023046;Marano di Valpolicella;E911;Verona;VR;Veneto;ITH31
023047;Mezzane di Sotto;F172;Verona;VR;Veneto;ITH31
023048;Minerbe;F218;Verona;VR;Veneto;ITH31
023049;Montecchia di Crosara;F461;Verona;VR;Veneto;ITH31
023050;Monteforte d'Alpone;F508;Verona;VR;Veneto;ITH31
023051;Mozzecane;F789;Verona;VR;Veneto;ITH31
023052;Negrar di Valpolicella;F861;Verona;VR;Veneto;ITH31
023053;Nogara;F918;Verona;VR;Veneto;ITH31
023054;Nogarole Rocca;F921;Verona;VR;Veneto;ITH31
023055;Oppeano;G080;Verona;VR;Veneto;ITH31
023056;Palù;G297;Verona;VR;Veneto;ITH31
023057;Pastrengo;G365;Verona;VR;Veneto;ITH31
023058;Pescantina;G481;Verona;VR;Veneto;ITH31
023059;Peschiera del Garda;G489;Verona;VR;Veneto;ITH31
023060;Povegliano Veronese;G945;Verona;VR;Veneto;ITH31
023061;Pressana;H048;Verona;VR;Veneto;ITH31
023062;Rivoli Veronese;H356;Verona;VR;Veneto;ITH31
023063;Roncà;H522;Verona;VR;Veneto;ITH31
023064;Ronco all'Adige;H540;Verona;VR;Veneto;ITH31
023065;Roverchiara;H606;Verona;VR;Veneto;ITH31
023066;Roveredo di Guà;H610;Verona;VR;Veneto;ITH31
023067;Roverè Veronese;H608;Verona;VR;Veneto;ITH31
023068;Salizzole;H714;Verona;VR;Veneto;ITH31
023069;San Bonifacio;H783;Verona;VR;Veneto;ITH31
023070;San Giovanni Ilarione;H916;Verona;VR;Veneto;ITH31
023071;San Giovanni Lupatoto;H924;Verona;VR;Veneto;ITH31
023072;Sanguinetto;H944;Verona;VR;Veneto;ITH31
023073;San Martino Buon Albergo;I003;Verona;VR;Veneto;ITH31
023074;San Mauro di Saline;H712;Verona;VR;Veneto;ITH31
023075;San Pietro di Morubio;I105;Verona;VR;Veneto;ITH31
023076;San Pietro in Cariano;I109;Verona;VR;Veneto;ITH31
023077;Sant'Ambrogio di Valpolicella;I259;Verona;VR;Veneto;ITH31
023078;Sant'Anna d'Alfaedo;I292;Verona;VR;Veneto;ITH31
023079;San Zeno di Montagna;I414;Verona;VR;Veneto;ITH31
023080;Selva di Progno;I594;Verona;VR;Veneto;ITH31
023081;Soave;I775;Verona;VR;Veneto;ITH31
023082;Sommacampagna;I821;Verona;VR;Veneto;ITH31
023083;Sona;I826;Verona;VR;Veneto;ITH31
023084;Sorgà;I850;Verona;VR;Veneto;ITH31
023085;Terrazzo;L136;Verona;VR;Veneto;ITH31
023086;Torri del Benaco;L287;Verona;VR;Veneto;ITH31
023087;Tregnago;L364;Verona;VR;Veneto;ITH31
023088;Trevenzuolo;L396;Verona;VR;Veneto;ITH31
023089;Valeggio sul Mincio;L567;Verona;VR;Veneto;ITH31
023090;Velo Veronese;L722;Verona;VR;Veneto;ITH31
023091;Verona;L781;Verona;VR;Veneto;ITH31
023092;Veronella;D193;Verona;VR;Veneto;ITH31
023093;Vestenanova;L810;Verona;VR;Veneto;ITH31
023094;Vigasio;L869;Verona;VR;Veneto;ITH31
023095;Villa Bartolomea;L912;Verona;VR;Veneto;ITH31
023096;Villafranca di Verona;L949;Verona;VR;Veneto;ITH31
023097;Zevio;M172;Verona;VR;Veneto;ITH31
023098;Zimella;M178;Verona;VR;Veneto;ITH31
024001;Agugliaro;A093;Vicenza;VI;Veneto;ITH32
024002;Albettone;A154;Vicenza;VI;Veneto;ITH32
024003;Alonte;A220;Vicenza;VI;Veneto;ITH32
024004;Altavilla Vicentina;A231;Vicenza;VI;Veneto;ITH32
024005;Altissimo;A236;Vicenza;VI;Veneto;ITH32
024006;Arcugnano;A377;Vicenza;VI;Veneto;ITH32
024007;Arsiero;A444;Vicenza;VI;Veneto;ITH32
024008;Arzignano;A459;Vicenza;VI;Veneto;ITH32
024009;Asiago;A465;Vicenza;VI;Veneto;ITH32
024010;Asigliano Veneto;A467;Vicenza;VI;Veneto;ITH32
024012;Bassano del Grappa;A703;Vicenza;VI;Veneto;ITH32
024013;Bolzano Vicentino;A954;Vicenza;VI;Veneto;ITH32
024014;Breganze;B132;Vicenza;VI;Veneto;ITH32
024015;Brendola;B143;Vicenza;VI;Veneto;ITH32
024016;Bressanvido;B161;Vicenza;VI;Veneto;ITH32
024017;Brogliano;B196;Vicenza;VI;Veneto;ITH32
024018;Caldogno;B403;Vicenza;VI;Veneto;ITH32
024019;Caltrano;B433;Vicenza;VI;Veneto;ITH32
024020;Calvene;B441;Vicenza;VI;Veneto;ITH32
024021;Camisano Vicentino;B485;Vicenza;VI;Veneto;ITH32
024022;Campiglia dei Berici;B511;Vicenza;VI;Veneto;ITH32
024024;Carrè;B835;Vicenza;VI;Veneto;ITH32
024025;Cartigliano;B844;Vicenza;VI;Veneto;ITH32
024026;Cassola;C037;Vicenza;VI;Veneto;ITH32
024027;Castegnero;C056;Vicenza;VI;Veneto;ITH32
024028;Castelgomberto;C119;Vicenza;VI;Veneto;ITH32
024029;Chiampo;C605;Vicenza;VI;Veneto;ITH32
024030;Chiuppano;C650;Vicenza;VI;Veneto;ITH32
024032;Cogollo del Cengio;C824;Vicenza;VI;Veneto;ITH32
024034;Cornedo Vicentino;D020;Vicenza;VI;Veneto;ITH32
024035;Costabissara;D107;Vicenza;VI;Veneto;ITH32
024036;Creazzo;D136;Vicenza;VI;Veneto;ITH32
024037;Crespadoro;D156;Vicenza;VI;Veneto;ITH32
024038;Dueville;D379;Vicenza;VI;Veneto;ITH32
024039;Enego;D407;Vicenza;VI;Veneto;ITH32
024040;Fara Vicentino;D496;Vicenza;VI;Veneto;ITH32
024041;Foza;D750;Vicenza;VI;Veneto;ITH32
024042;Gallio;D882;Vicenza;VI;Veneto;ITH32
024043;Gambellara;D897;Vicenza;VI;Veneto;ITH32
024046;Grisignano di Zocco;E184;Vicenza;VI;Veneto;ITH32
024047;Grumolo delle Abbadesse;E226;Vicenza;VI;Veneto;ITH32
024048;Isola Vicentina;E354;Vicenza;VI;Veneto;ITH32
024049;Laghi;E403;Vicenza;VI;Veneto;ITH32
024050;Lastebasse;E465;Vicenza;VI;Veneto;ITH32
024051;Longare;E671;Vicenza;VI;Veneto;ITH32
024052;Lonigo;E682;Vicenza;VI;Veneto;ITH32
024053;Lugo di Vicenza;E731;Vicenza;VI;Veneto;ITH32
024055;Malo;E864;Vicenza;VI;Veneto;ITH32
024056;Marano Vicentino;E912;Vicenza;VI;Veneto;ITH32
024057;Marostica;E970;Vicenza;VI;Veneto;ITH32
024060;Montebello Vicentino;F442;Vicenza;VI;Veneto;ITH32
024061;Montecchio Maggiore;F464;Vicenza;VI;Veneto;ITH32
024062;Montecchio Precalcino;F465;Vicenza;VI;Veneto;ITH32
024063;Monte di Malo;F486;Vicenza;VI;Veneto;ITH32
024064;Montegalda;F514;Vicenza;VI;Veneto;ITH32
024065;Montegaldella;F515;Vicenza;VI;Veneto;ITH32
024066;Monteviale;F662;Vicenza;VI;Veneto;ITH32
024067;Monticello Conte Otto;F675;Vicenza;VI;Veneto;ITH32
024068;Montorso Vicentino;F696;Vicenza;VI;Veneto;ITH32
024070;Mussolente;F829;Vicenza;VI;Veneto;ITH32
024071;Nanto;F838;Vicenza;VI;Veneto;ITH32
024072;Nogarole Vicentino;F922;Vicenza;VI;Veneto;ITH32
024073;Nove;F957;Vicenza;VI;Veneto;ITH32
024074;Noventa Vicentina;F964;Vicenza;VI;Veneto;ITH32
024075;Orgiano;G095;Vicenza;VI;Veneto;ITH32
024076;Pedemonte;G406;Vicenza;VI;Veneto;ITH32
024077;Pianezze;G560;Vicenza;VI;Veneto;ITH32
024078;Piovene Rocchette;G694;Vicenza;VI;Veneto;ITH32
024079;Pojana Maggiore;G776;Vicenza;VI;Veneto;ITH32
024080;Posina;G931;Vicenza;VI;Veneto;ITH32
024081;Pove del Grappa;G943;Vicenza;VI;Veneto;ITH32
024082;Pozzoleone;G957;Vicenza;VI;Veneto;ITH32
024083;Quinto Vicentino;H134;Vicenza;VI;Veneto;ITH32
024084;Recoaro Terme;H214;Vicenza;VI;Veneto;ITH32
024085;Roana;H361;Vicenza;VI;Veneto;ITH32
024086;Romano d'Ezzelino;H512;Vicenza;VI;Veneto;ITH32
024087;Rosà;H556;Vicenza;VI;Veneto;ITH32
024088;Rossano Veneto;H580;Vicenza;VI;Veneto;ITH32
024089;Rotzo;H594;Vicenza;VI;Veneto;ITH32
024090;Salcedo;F810;Vicenza;VI;Veneto;ITH32
024091;Sandrigo;H829;Vicenza;VI;Veneto;ITH32
024094;San Pietro Mussolino;I117;Vicenza;VI;Veneto;ITH32
024095;Santorso;I353;Vicenza;VI;Veneto;ITH32
024096;San Vito di Leguzzano;I401;Vicenza;VI;Veneto;ITH32
024097;Sarcedo;I425;Vicenza;VI;Veneto;ITH32
024098;Sarego;I430;Vicenza;VI;Veneto;ITH32
024099;Schiavon;I527;Vicenza;VI;Veneto;ITH32
024100;Schio;I531;Vicenza;VI;Veneto;ITH32
024101;Solagna;I783;Vicenza;VI;Veneto;ITH32
024102;Sossano;I867;Vicenza;VI;Veneto;ITH32
024104;Tezze sul Brenta;L156;Vicenza;VI;Veneto;ITH32
024105;Thiene;L157;Vicenza;VI;Veneto;ITH32
024106;Tonezza del Cimone;D717;Vicenza;VI;Veneto;ITH32
024107;Torrebelvicino;L248;Vicenza;VI;Veneto;ITH32
024108;Torri di Quartesolo;L297;Vicenza;VI;Veneto;ITH32
024110;Trissino;L433;Vicenza;VI;Veneto;ITH32
024111;Valdagno;L551;Vicenza;VI;Veneto;ITH32
024112;Valdastico;L554;Vicenza;VI;Veneto;ITH32
024113;Valli del Pasubio;L624;Vicenza;VI;Veneto;ITH32
024115;Velo d'Astico;L723;Vicenza;VI;Veneto;ITH32
024116;Vicenza;L840;Vicenza;VI;Veneto;ITH32
024117;Villaga;L952;Vicenza;VI;Veneto;ITH32
024118;Villaverla;M032;Vicenza;VI;Veneto;ITH32
024119;Zanè;M145;Vicenza;VI;Veneto;ITH32
024120;Zermeghedo;M170;Vicenza;VI;Veneto;ITH32
024121;Zovencedo;M194;Vicenza;VI;Veneto;ITH32
024122;Zugliano;M199;Vicenza;VI;Veneto;ITH32
024123;Val Liona;M384;Vicenza;VI;Veneto;ITH32
024124;Barbarano Mossano;M401;Vicenza;VI;Veneto;ITH32
024125;Valbrenta;M423;Vicenza;VI;Veneto;ITH32
024126;Colceresa;M426;Vicenza;VI;Veneto;ITH32
024127;Lusiana Conco;M427;Vicenza;VI;Veneto;ITH32
024128;Sovizzo;M436;Vicenza;VI;Veneto;ITH32
025001;Agordo;A083;Belluno;BL;Veneto;ITH33
025003;Alleghe;A206;Belluno;BL;Veneto;ITH33
025004;Arsiè;A443;Belluno;BL;Veneto;ITH33
025005;Auronzo di Cadore;A501;Belluno;BL;Veneto;ITH33
025006;Belluno;A757;Belluno;BL;Veneto;ITH33
025007;Borca di Cadore;A982;Belluno;BL;Veneto;ITH33
025008;Calalzo di Cadore;B375;Belluno;BL;Veneto;ITH33
025010;Cencenighe Agordino;C458;Belluno;BL;Veneto;ITH33
025011;Cesiomaggiore;C577;Belluno;BL;Veneto;ITH33
025012;Chies d'Alpago;C630;Belluno;BL;Veneto;ITH33
025013;Cibiana di Cadore;C672;Belluno;BL;Veneto;ITH33
025014;Colle Santa Lucia;C872;Belluno;BL;Veneto;ITH33
025015;Comelico Superiore;C920;Belluno;BL;Veneto;ITH33
025016;Cortina d'Ampezzo;A266;Belluno;BL;Veneto;ITH33
025017;Danta di Cadore;D247;Belluno;BL;Veneto;ITH33
025018;Domegge di Cadore;D330;Belluno;BL;Veneto;ITH33
025019;Falcade;D470;Belluno;BL;Veneto;ITH33
025021;Feltre;D530;Belluno;BL;Veneto;ITH33
025022;Fonzaso;D686;Belluno;BL;Veneto;ITH33
025023;Canale d'Agordo;B574;Belluno;BL;Veneto;ITH33
025025;Gosaldo;E113;Belluno;BL;Veneto;ITH33
025026;Lamon;E429;Belluno;BL;Veneto;ITH33
025027;La Valle Agordina;E490;Belluno;BL;Veneto;ITH33
025029;Limana;E588;Belluno;BL;Veneto;ITH33
025030;Livinallongo del Col di Lana;E622;Belluno;BL;Veneto;ITH33
025032;Lorenzago di Cadore;E687;Belluno;BL;Veneto;ITH33
025033;Lozzo di Cadore;E708;Belluno;BL;Veneto;ITH33
025035;Ospitale di Cadore;G169;Belluno;BL;Veneto;ITH33
025036;Pedavena;G404;Belluno;BL;Veneto;ITH33
025037;Perarolo di Cadore;G442;Belluno;BL;Veneto;ITH33
025039;Pieve di Cadore;G642;Belluno;BL;Veneto;ITH33
025040;Ponte nelle Alpi;B662;Belluno;BL;Veneto;ITH33
025043;Rivamonte Agordino;H327;Belluno;BL;Veneto;ITH33
025044;Rocca Pietore;H379;Belluno;BL;Veneto;ITH33
025045;San Gregorio nelle Alpi;H938;Belluno;BL;Veneto;ITH33
025046;San Nicolò di Comelico;I063;Belluno;BL;Veneto;ITH33
025047;San Pietro di Cadore;I088;Belluno;BL;Veneto;ITH33
025048;Santa Giustina;I206;Belluno;BL;Veneto;ITH33
025049;San Tomaso Agordino;I347;Belluno;BL;Veneto;ITH33
025050;Santo Stefano di Cadore;C919;Belluno;BL;Veneto;ITH33
025051;San Vito di Cadore;I392;Belluno;BL;Veneto;ITH33
025053;Sedico;I563;Belluno;BL;Veneto;ITH33
025054;Selva di Cadore;I592;Belluno;BL;Veneto;ITH33
025055;Seren del Grappa;I626;Belluno;BL;Veneto;ITH33
025056;Sospirolo;I866;Belluno;BL;Veneto;ITH33
025057;Soverzene;I876;Belluno;BL;Veneto;ITH33
025058;Sovramonte;I673;Belluno;BL;Veneto;ITH33
025059;Taibon Agordino;L030;Belluno;BL;Veneto;ITH33
025060;Tambre;L040;Belluno;BL;Veneto;ITH33
025062;Vallada Agordina;L584;Belluno;BL;Veneto;ITH33
025063;Valle di Cadore;L590;Belluno;BL;Veneto;ITH33
025065;Vigo di Cadore;L890;Belluno;BL;Veneto;ITH33
025066;Vodo Cadore;M108;Belluno;BL;Veneto;ITH33
025067;Voltago Agordino;M124;Belluno;BL;Veneto;ITH33
025069;Zoppè di Cadore;M189;Belluno;BL;Veneto;ITH33
025071;Longarone;M342;Belluno;BL;Veneto;ITH33
025072;Alpago;M375;Belluno;BL;Veneto;ITH33
025073;Val di Zoldo;M374;Belluno;BL;Veneto;ITH33
025074;Borgo Valbelluna;M421;Belluno;BL;Veneto;ITH33
025075;Setteville;M437;Belluno;BL;Veneto;ITH33
026001;Altivole;A237;Treviso;TV;Veneto;ITH34
026002;Arcade;A360;Treviso;TV;Veneto;ITH34
026003;Asolo;A471;Treviso;TV;Veneto;ITH34
026004;Borso del Grappa;B061;Treviso;TV;Veneto;ITH34
026005;Breda di Piave;B128;Treviso;TV;Veneto;ITH34
026006;Caerano di San Marco;B349;Treviso;TV;Veneto;ITH34
026007;Cappella Maggiore;B678;Treviso;TV;Veneto;ITH34
026008;Carbonera;B744;Treviso;TV;Veneto;ITH34
026009;Casale sul Sile;B879;Treviso;TV;Veneto;ITH34
026010;Casier;B965;Treviso;TV;Veneto;ITH34
026011;Castelcucco;C073;Treviso;TV;Veneto;ITH34
026012;Castelfranco Veneto;C111;Treviso;TV;Veneto;ITH34
026013;Castello di Godego;C190;Treviso;TV;Veneto;ITH34
026014;Cavaso del Tomba;C384;Treviso;TV;Veneto;ITH34
026015;Cessalto;C580;Treviso;TV;Veneto;ITH34
026016;Chiarano;C614;Treviso;TV;Veneto;ITH34
026017;Cimadolmo;C689;Treviso;TV;Veneto;ITH34
026018;Cison di Valmarino;C735;Treviso;TV;Veneto;ITH34
026019;Codognè;C815;Treviso;TV;Veneto;ITH34
026020;Colle Umberto;C848;Treviso;TV;Veneto;ITH34
026021;Conegliano;C957;Treviso;TV;Veneto;ITH34
026022;Cordignano;C992;Treviso;TV;Veneto;ITH34
026023;Cornuda;D030;Treviso;TV;Veneto;ITH34
026025;Crocetta del Montello;C670;Treviso;TV;Veneto;ITH34
026026;Farra di Soligo;D505;Treviso;TV;Veneto;ITH34
026027;Follina;D654;Treviso;TV;Veneto;ITH34
026028;Fontanelle;D674;Treviso;TV;Veneto;ITH34
026029;Fonte;D680;Treviso;TV;Veneto;ITH34
026030;Fregona;D794;Treviso;TV;Veneto;ITH34
026031;Gaiarine;D854;Treviso;TV;Veneto;ITH34
026032;Giavera del Montello;E021;Treviso;TV;Veneto;ITH34
026033;Godega di Sant'Urbano;E071;Treviso;TV;Veneto;ITH34
026034;Gorgo al Monticano;E092;Treviso;TV;Veneto;ITH34
026035;Istrana;E373;Treviso;TV;Veneto;ITH34
026036;Loria;E692;Treviso;TV;Veneto;ITH34
026037;Mansuè;E893;Treviso;TV;Veneto;ITH34
026038;Mareno di Piave;E940;Treviso;TV;Veneto;ITH34
026039;Maser;F009;Treviso;TV;Veneto;ITH34
026040;Maserada sul Piave;F012;Treviso;TV;Veneto;ITH34
026041;Meduna di Livenza;F088;Treviso;TV;Veneto;ITH34
026042;Miane;F190;Treviso;TV;Veneto;ITH34
026043;Mogliano Veneto;F269;Treviso;TV;Veneto;ITH34
026044;Monastier di Treviso;F332;Treviso;TV;Veneto;ITH34
026045;Monfumo;F360;Treviso;TV;Veneto;ITH34
026046;Montebelluna;F443;Treviso;TV;Veneto;ITH34
026047;Morgano;F725;Treviso;TV;Veneto;ITH34
026048;Moriago della Battaglia;F729;Treviso;TV;Veneto;ITH34
026049;Motta di Livenza;F770;Treviso;TV;Veneto;ITH34
026050;Nervesa della Battaglia;F872;Treviso;TV;Veneto;ITH34
026051;Oderzo;F999;Treviso;TV;Veneto;ITH34
026052;Ormelle;G115;Treviso;TV;Veneto;ITH34
026053;Orsago;G123;Treviso;TV;Veneto;ITH34
026055;Paese;G229;Treviso;TV;Veneto;ITH34
026056;Pederobba;G408;Treviso;TV;Veneto;ITH34
026057;Pieve di Soligo;G645;Treviso;TV;Veneto;ITH34
026058;Ponte di Piave;G846;Treviso;TV;Veneto;ITH34
026059;Ponzano Veneto;G875;Treviso;TV;Veneto;ITH34
026060;Portobuffolè;G909;Treviso;TV;Veneto;ITH34
026061;Possagno;G933;Treviso;TV;Veneto;ITH34
026062;Povegliano;G944;Treviso;TV;Veneto;ITH34
026063;Preganziol;H022;Treviso;TV;Veneto;ITH34
026064;Quinto di Treviso;H131;Treviso;TV;Veneto;ITH34
026065;Refrontolo;H220;Treviso;TV;Veneto;ITH34
026066;Resana;H238;Treviso;TV;Veneto;ITH34
026067;Revine Lago;H253;Treviso;TV;Veneto;ITH34
026068;Riese Pio X;H280;Treviso;TV;Veneto;ITH34
026069;Roncade;H523;Treviso;TV;Veneto;ITH34
026070;Salgareda;H706;Treviso;TV;Veneto;ITH34
026071;San Biagio di Callalta;H781;Treviso;TV;Veneto;ITH34
026072;San Fior;H843;Treviso;TV;Veneto;ITH34
026073;San Pietro di Feletto;I103;Treviso;TV;Veneto;ITH34
026074;San Polo di Piave;I124;Treviso;TV;Veneto;ITH34
026075;Santa Lucia di Piave;I221;Treviso;TV;Veneto;ITH34
026076;San Vendemiano;I382;Treviso;TV;Veneto;ITH34
026077;San Zenone degli Ezzelini;I417;Treviso;TV;Veneto;ITH34
026078;Sarmede;I435;Treviso;TV;Veneto;ITH34
026079;Segusino;I578;Treviso;TV;Veneto;ITH34
026080;Sernaglia della Battaglia;I635;Treviso;TV;Veneto;ITH34
026081;Silea;F116;Treviso;TV;Veneto;ITH34
026082;Spresiano;I927;Treviso;TV;Veneto;ITH34
026083;Susegana;L014;Treviso;TV;Veneto;ITH34
026084;Tarzo;L058;Treviso;TV;Veneto;ITH34
026085;Trevignano;L402;Treviso;TV;Veneto;ITH34
026086;Treviso;L407;Treviso;TV;Veneto;ITH34
026087;Valdobbiadene;L565;Treviso;TV;Veneto;ITH34
026088;Vazzola;L700;Treviso;TV;Veneto;ITH34
026089;Vedelago;L706;Treviso;TV;Veneto;ITH34
026090;Vidor;L856;Treviso;TV;Veneto;ITH34
026091;Villorba;M048;Treviso;TV;Veneto;ITH34
026092;Vittorio Veneto;M089;Treviso;TV;Veneto;ITH34
026093;Volpago del Montello;M118;Treviso;TV;Veneto;ITH34
026094;Zenson di Piave;M163;Treviso;TV;Veneto;ITH34
026095;Zero Branco;M171;Treviso;TV;Veneto;ITH34
026096;Pieve del Grappa;M422;Treviso;TV;Veneto;ITH34
027001;Annone Veneto;A302;Venezia;VE;Veneto;ITH35
027002;Campagna Lupia;B493;Venezia;VE;Veneto;ITH35
027003;Campolongo Maggiore;B546;Venezia;VE;Veneto;ITH35
027004;Camponogara;B554;Venezia;VE;Veneto;ITH35
027005;Caorle;B642;Venezia;VE;Veneto;ITH35
027006;Cavarzere;C383;Venezia;VE;Veneto;ITH35
027007;Ceggia;C422;Venezia;VE;Veneto;ITH35
027008;Chioggia;C638;Venezia;VE;Veneto;ITH35
027009;Cinto Caomaggiore;C714;Venezia;VE;Veneto;ITH35
027010;Cona;C938;Venezia;VE;Veneto;ITH35
027011;Concordia Sagittaria;C950;Venezia;VE;Veneto;ITH35
027012;Dolo;D325;Venezia;VE;Veneto;ITH35
027013;Eraclea;D415;Venezia;VE;Veneto;ITH35
027014;Fiesso d'Artico;D578;Venezia;VE;Veneto;ITH35
027015;Fossalta di Piave;D740;Venezia;VE;Veneto;ITH35
027016;Fossalta di Portogruaro;D741;Venezia;VE;Veneto;ITH35
027017;Fossò;D748;Venezia;VE;Veneto;ITH35
027018;Gruaro;E215;Venezia;VE;Veneto;ITH35
027019;Jesolo;C388;Venezia;VE;Veneto;ITH35
027020;Marcon;E936;Venezia;VE;Veneto;ITH35
027021;Martellago;E980;Venezia;VE;Veneto;ITH35
027022;Meolo;F130;Venezia;VE;Veneto;ITH35
027023;Mira;F229;Venezia;VE;Veneto;ITH35
027024;Mirano;F241;Venezia;VE;Veneto;ITH35
027025;Musile di Piave;F826;Venezia;VE;Veneto;ITH35
027026;Noale;F904;Venezia;VE;Veneto;ITH35
027027;Noventa di Piave;F963;Venezia;VE;Veneto;ITH35
027028;Pianiga;G565;Venezia;VE;Veneto;ITH35
027029;Portogruaro;G914;Venezia;VE;Veneto;ITH35
027030;Pramaggiore;G981;Venezia;VE;Veneto;ITH35
027031;Quarto d'Altino;H117;Venezia;VE;Veneto;ITH35
027032;Salzano;H735;Venezia;VE;Veneto;ITH35
027033;San Donà di Piave;H823;Venezia;VE;Veneto;ITH35
027034;San Michele al Tagliamento;I040;Venezia;VE;Veneto;ITH35
027035;Santa Maria di Sala;I242;Venezia;VE;Veneto;ITH35
027036;San Stino di Livenza;I373;Venezia;VE;Veneto;ITH35
027037;Scorzè;I551;Venezia;VE;Veneto;ITH35
027038;Spinea;I908;Venezia;VE;Veneto;ITH35
027039;Stra;I965;Venezia;VE;Veneto;ITH35
027040;Teglio Veneto;L085;Venezia;VE;Veneto;ITH35
027041;Torre di Mosto;L267;Venezia;VE;Veneto;ITH35
027042;Venezia;L736;Venezia;VE;Veneto;ITH35
027043;Vigonovo;L899;Venezia;VE;Veneto;ITH35
027044;Cavallino-Treporti;M308;Venezia;VE;Veneto;ITH35
028001;Abano Terme;A001;Padova;PD;Veneto;ITH36
028002;Agna;A075;Padova;PD;Veneto;ITH36
028003;Albignasego;A161;Padova;PD;Veneto;ITH36
028004;Anguillara Veneta;A296;Padova;PD;Veneto;ITH36
028005;Arquà Petrarca;A434;Padova;PD;Veneto;ITH36
028006;Arre;A438;Padova;PD;Veneto;ITH36
028007;Arzergrande;A458;Padova;PD;Veneto;ITH36
028008;Bagnoli di Sopra;A568;Padova;PD;Veneto;ITH36
028009;Baone;A613;Padova;PD;Veneto;ITH36
028010;Barbona;A637;Padova;PD;Veneto;ITH36
028011;Battaglia Terme;A714;Padova;PD;Veneto;ITH36
028012;Boara Pisani;A906;Padova;PD;Veneto;ITH36
028013;Borgoricco;B031;Padova;PD;Veneto;ITH36
028014;Bovolenta;B106;Padova;PD;Veneto;ITH36
028015;Brugine;B213;Padova;PD;Veneto;ITH36
028016;Cadoneghe;B345;Padova;PD;Veneto;ITH36
028017;Campodarsego;B524;Padova;PD;Veneto;ITH36
028018;Campodoro;B531;Padova;PD;Veneto;ITH36
028019;Camposampiero;B563;Padova;PD;Veneto;ITH36
028020;Campo San Martino;B564;Padova;PD;Veneto;ITH36
028021;Candiana;B589;Padova;PD;Veneto;ITH36
028023;Carmignano di Brenta;B795;Padova;PD;Veneto;ITH36
028026;Cartura;B848;Padova;PD;Veneto;ITH36
028027;Casale di Scodosia;B877;Padova;PD;Veneto;ITH36
028028;Casalserugo;B912;Padova;PD;Veneto;ITH36
028029;Castelbaldo;C057;Padova;PD;Veneto;ITH36
028030;Cervarese Santa Croce;C544;Padova;PD;Veneto;ITH36
028031;Cinto Euganeo;C713;Padova;PD;Veneto;ITH36
028032;Cittadella;C743;Padova;PD;Veneto;ITH36
028033;Codevigo;C812;Padova;PD;Veneto;ITH36
028034;Conselve;C964;Padova;PD;Veneto;ITH36
028035;Correzzola;D040;Padova;PD;Veneto;ITH36
028036;Curtarolo;D226;Padova;PD;Veneto;ITH36
028037;Este;D442;Padova;PD;Veneto;ITH36
028038;Fontaniva;D679;Padova;PD;Veneto;ITH36
028039;Galliera Veneta;D879;Padova;PD;Veneto;ITH36
028040;Galzignano Terme;D889;Padova;PD;Veneto;ITH36
028041;Gazzo;D956;Padova;PD;Veneto;ITH36
028042;Grantorto;E145;Padova;PD;Veneto;ITH36
028043;Granze;E146;Padova;PD;Veneto;ITH36
028044;Legnaro;E515;Padova;PD;Veneto;ITH36
028045;Limena;E592;Padova;PD;Veneto;ITH36
028046;Loreggia;E684;Padova;PD;Veneto;ITH36
028047;Lozzo Atestino;E709;Padova;PD;Veneto;ITH36
028048;Maserà di Padova;F011;Padova;PD;Veneto;ITH36
028049;Masi;F013;Padova;PD;Veneto;ITH36
028050;Massanzago;F033;Padova;PD;Veneto;ITH36
028052;Megliadino San Vitale;F092;Padova;PD;Veneto;ITH36
028053;Merlara;F148;Padova;PD;Veneto;ITH36
028054;Mestrino;F161;Padova;PD;Veneto;ITH36
028055;Monselice;F382;Padova;PD;Veneto;ITH36
028056;Montagnana;F394;Padova;PD;Veneto;ITH36
028057;Montegrotto Terme;F529;Padova;PD;Veneto;ITH36
028058;Noventa Padovana;F962;Padova;PD;Veneto;ITH36
028059;Ospedaletto Euganeo;G167;Padova;PD;Veneto;ITH36
028060;Padova;G224;Padova;PD;Veneto;ITH36
028061;Pernumia;G461;Padova;PD;Veneto;ITH36
028062;Piacenza d'Adige;G534;Padova;PD;Veneto;ITH36
028063;Piazzola sul Brenta;G587;Padova;PD;Veneto;ITH36
028064;Piombino Dese;G688;Padova;PD;Veneto;ITH36
028065;Piove di Sacco;G693;Padova;PD;Veneto;ITH36
028066;Polverara;G802;Padova;PD;Veneto;ITH36
028067;Ponso;G823;Padova;PD;Veneto;ITH36
028068;Pontelongo;G850;Padova;PD;Veneto;ITH36
028069;Ponte San Nicolò;G855;Padova;PD;Veneto;ITH36
028070;Pozzonovo;G963;Padova;PD;Veneto;ITH36
028071;Rovolon;H622;Padova;PD;Veneto;ITH36
028072;Rubano;H625;Padova;PD;Veneto;ITH36
028073;Saccolongo;H655;Padova;PD;Veneto;ITH36
028075;San Giorgio delle Pertiche;H893;Padova;PD;Veneto;ITH36
028076;San Giorgio in Bosco;H897;Padova;PD;Veneto;ITH36
028077;San Martino di Lupari;I008;Padova;PD;Veneto;ITH36
028078;San Pietro in Gu;I107;Padova;PD;Veneto;ITH36
028079;San Pietro Viminario;I120;Padova;PD;Veneto;ITH36
028080;Santa Giustina in Colle;I207;Padova;PD;Veneto;ITH36
028082;Sant'Angelo di Piove di Sacco;I275;Padova;PD;Veneto;ITH36
028083;Sant'Elena;I319;Padova;PD;Veneto;ITH36
028084;Sant'Urbano;I375;Padova;PD;Veneto;ITH36
028085;Saonara;I418;Padova;PD;Veneto;ITH36
028086;Selvazzano Dentro;I595;Padova;PD;Veneto;ITH36
028087;Solesino;I799;Padova;PD;Veneto;ITH36
028088;Stanghella;I938;Padova;PD;Veneto;ITH36
028089;Teolo;L100;Padova;PD;Veneto;ITH36
028090;Terrassa Padovana;L132;Padova;PD;Veneto;ITH36
028091;Tombolo;L199;Padova;PD;Veneto;ITH36
028092;Torreglia;L270;Padova;PD;Veneto;ITH36
028093;Trebaseleghe;L349;Padova;PD;Veneto;ITH36
028094;Tribano;L414;Padova;PD;Veneto;ITH36
028095;Urbana;L497;Padova;PD;Veneto;ITH36
028096;Veggiano;L710;Padova;PD;Veneto;ITH36
028097;Vescovana;L805;Padova;PD;Veneto;ITH36
028099;Vigodarzere;L892;Padova;PD;Veneto;ITH36
028100;Vigonza;L900;Padova;PD;Veneto;ITH36
028101;Villa del Conte;L934;Padova;PD;Veneto;ITH36
028102;Villa Estense;L937;Padova;PD;Veneto;ITH36
028103;Villafranca Padovana;L947;Padova;PD;Veneto;ITH36
028104;Villanova di Camposampiero;L979;Padova;PD;Veneto;ITH36
028105;Vo';M103;Padova;PD;Veneto;ITH36
028106;Due Carrare;M300;Padova;PD;Veneto;ITH36
028107;Borgo Veneto;M402;Padova;PD;Veneto;ITH36
028108;Santa Caterina d'Este;M438;Padova;PD;Veneto;ITH36
029001;Adria;A059;Rovigo;RO;Veneto;ITH37
029002;Ariano nel Polesine;A400;Rovigo;RO;Veneto;ITH37
029003;Arquà Polesine;A435;Rovigo;RO;Veneto;ITH37
029004;Badia Polesine;A539;Rovigo;RO;Veneto;ITH37
029005;Bagnolo di Po;A574;Rovigo;RO;Veneto;ITH37
029006;Bergantino;A795;Rovigo;RO;Veneto;ITH37
029007;Bosaro;B069;Rovigo;RO;Veneto;ITH37
029008;Calto;B432;Rovigo;RO;Veneto;ITH37
029009;Canaro;B578;Rovigo;RO;Veneto;ITH37
029010;Canda;B582;Rovigo;RO;Veneto;ITH37
029011;Castelguglielmo;C122;Rovigo;RO;Veneto;ITH37
029012;Castelmassa;C207;Rovigo;RO;Veneto;ITH37
029013;Castelnovo Bariano;C215;Rovigo;RO;Veneto;ITH37
029014;Ceneselli;C461;Rovigo;RO;Veneto;ITH37
029015;Ceregnano;C500;Rovigo;RO;Veneto;ITH37
029017;Corbola;C987;Rovigo;RO;Veneto;ITH37
029018;Costa di Rovigo;D105;Rovigo;RO;Veneto;ITH37
029019;Crespino;D161;Rovigo;RO;Veneto;ITH37
029021;Ficarolo;D568;Rovigo;RO;Veneto;ITH37
029022;Fiesso Umbertiano;D577;Rovigo;RO;Veneto;ITH37
029023;Frassinelle Polesine;D776;Rovigo;RO;Veneto;ITH37
029024;Fratta Polesine;D788;Rovigo;RO;Veneto;ITH37
029025;Gaiba;D855;Rovigo;RO;Veneto;ITH37
029026;Gavello;D942;Rovigo;RO;Veneto;ITH37
029027;Giacciano con Baruchella;E008;Rovigo;RO;Veneto;ITH37
029028;Guarda Veneta;E240;Rovigo;RO;Veneto;ITH37
029029;Lendinara;E522;Rovigo;RO;Veneto;ITH37
029030;Loreo;E689;Rovigo;RO;Veneto;ITH37
029031;Lusia;E761;Rovigo;RO;Veneto;ITH37
029032;Melara;F095;Rovigo;RO;Veneto;ITH37
029033;Occhiobello;F994;Rovigo;RO;Veneto;ITH37
029034;Papozze;G323;Rovigo;RO;Veneto;ITH37
029035;Pettorazza Grimani;G525;Rovigo;RO;Veneto;ITH37
029036;Pincara;G673;Rovigo;RO;Veneto;ITH37
029037;Polesella;G782;Rovigo;RO;Veneto;ITH37
029038;Pontecchio Polesine;G836;Rovigo;RO;Veneto;ITH37
029039;Porto Tolle;G923;Rovigo;RO;Veneto;ITH37
029040;Rosolina;H573;Rovigo;RO;Veneto;ITH37
029041;Rovigo;H620;Rovigo;RO;Veneto;ITH37
029042;Salara;H689;Rovigo;RO;Veneto;ITH37
029043;San Bellino;H768;Rovigo;RO;Veneto;ITH37
029044;San Martino di Venezze;H996;Rovigo;RO;Veneto;ITH37
029045;Stienta;I953;Rovigo;RO;Veneto;ITH37
029046;Taglio di Po;L026;Rovigo;RO;Veneto;ITH37
029047;Trecenta;L359;Rovigo;RO;Veneto;ITH37
029048;Villadose;L939;Rovigo;RO;Veneto;ITH37
029049;Villamarzana;L967;Rovigo;RO;Veneto;ITH37
029050;Villanova del Ghebbo;L985;Rovigo;RO;Veneto;ITH37
029051;Villanova Marchesana;L988;Rovigo;RO;Veneto;ITH37
029052;Porto Viro;G926;Rovigo;RO;Veneto;ITH37
030001;Aiello del Friuli;A103;Udine;UD;Friuli-Venezia Giulia;ITH42
030002;Amaro;A254;Udine;UD;Friuli-Venezia Giulia;ITH42
030003;Ampezzo;A267;Udine;UD;Friuli-Venezia Giulia;ITH42
030004;Aquileia;A346;Udine;UD;Friuli-Venezia Giulia;ITH42
030005;Arta Terme;A447;Udine;UD;Friuli-Venezia Giulia;ITH42
030006;Artegna;A448;Udine;UD;Friuli-Venezia Giulia;ITH42
030007;Attimis;A491;Udine;UD;Friuli-Venezia Giulia;ITH42
030008;Bagnaria Arsa;A553;Udine;UD;Friuli-Venezia Giulia;ITH42
030009;Basiliano;A700;Udine;UD;Friuli-Venezia Giulia;ITH42
030010;Bertiolo;A810;Udine;UD;Friuli-Venezia Giulia;ITH42
030011;Bicinicco;A855;Udine;UD;Friuli-Venezia Giulia;ITH42
030012;Bordano;A983;Udine;UD;Friuli-Venezia Giulia;ITH42
030013;Buja;B259;Udine;UD;Friuli-Venezia Giulia;ITH42
030014;Buttrio;B309;Udine;UD;Friuli-Venezia Giulia;ITH42
030015;Camino al Tagliamento;B483;Udine;UD;Friuli-Venezia Giulia;ITH42
030016;Campoformido;B536;Udine;UD;Friuli-Venezia Giulia;ITH42
030018;Carlino;B788;Udine;UD;Friuli-Venezia Giulia;ITH42
030019;Cassacco;B994;Udine;UD;Friuli-Venezia Giulia;ITH42
030020;Castions di Strada;C327;Udine;UD;Friuli-Venezia Giulia;ITH42
030021;Cavazzo Carnico;C389;Udine;UD;Friuli-Venezia Giulia;ITH42
030022;Cercivento;C494;Udine;UD;Friuli-Venezia Giulia;ITH42
030023;Cervignano del Friuli;C556;Udine;UD;Friuli-Venezia Giulia;ITH42
030024;Chiopris-Viscone;C641;Udine;UD;Friuli-Venezia Giulia;ITH42
030025;Chiusaforte;C656;Udine;UD;Friuli-Venezia Giulia;ITH42
030026;Cividale del Friuli;C758;Udine;UD;Friuli-Venezia Giulia;ITH42
030027;Codroipo;C817;Udine;UD;Friuli-Venezia Giulia;ITH42
030028;Colloredo di Monte Albano;C885;Udine;UD;Friuli-Venezia Giulia;ITH42
030029;Comeglians;C918;Udine;UD;Friuli-Venezia Giulia;ITH42
030030;Corno di Rosazzo;D027;Udine;UD;Friuli-Venezia Giulia;ITH42
030031;Coseano;D085;Udine;UD;Friuli-Venezia Giulia;ITH42
030032;Dignano;D300;Udine;UD;Friuli-Venezia Giulia;ITH42
030033;Dogna;D316;Udine;UD;Friuli-Venezia Giulia;ITH42
030034;Drenchia;D366;Udine;UD;Friuli-Venezia Giulia;ITH42
030035;Enemonzo;D408;Udine;UD;Friuli-Venezia Giulia;ITH42
030036;Faedis;D455;Udine;UD;Friuli-Venezia Giulia;ITH42
030037;Fagagna;D461;Udine;UD;Friuli-Venezia Giulia;ITH42
030039;Flaibano;D630;Udine;UD;Friuli-Venezia Giulia;ITH42
030040;Forni Avoltri;D718;Udine;UD;Friuli-Venezia Giulia;ITH42
030041;Forni di Sopra;D719;Udine;UD;Friuli-Venezia Giulia;ITH42
030042;Forni di Sotto;D720;Udine;UD;Friuli-Venezia Giulia;ITH42
030043;Gemona del Friuli;D962;Udine;UD;Friuli-Venezia Giulia;ITH42
030044;Gonars;E083;Udine;UD;Friuli-Venezia Giulia;ITH42
030045;Grimacco;E179;Udine;UD;Friuli-Venezia Giulia;ITH42
030046;Latisana;E473;Udine;UD;Friuli-Venezia Giulia;ITH42
030047;Lauco;E476;Udine;UD;Friuli-Venezia Giulia;ITH42
030048;Lestizza;E553;Udine;UD;Friuli-Venezia Giulia;ITH42
030049;Lignano Sabbiadoro;E584;Udine;UD;Friuli-Venezia Giulia;ITH42
030051;Lusevera;E760;Udine;UD;Friuli-Venezia Giulia;ITH42
030052;Magnano in Riviera;E820;Udine;UD;Friuli-Venezia Giulia;ITH42
030053;Majano;E833;Udine;UD;Friuli-Venezia Giulia;ITH42
030054;Malborghetto Valbruna;E847;Udine;UD;Friuli-Venezia Giulia;ITH42
030055;Manzano;E899;Udine;UD;Friuli-Venezia Giulia;ITH42
030056;Marano Lagunare;E910;Udine;UD;Friuli-Venezia Giulia;ITH42
030057;Martignacco;E982;Udine;UD;Friuli-Venezia Giulia;ITH42
030058;Mereto di Tomba;F144;Udine;UD;Friuli-Venezia Giulia;ITH42
030059;Moggio Udinese;F266;Udine;UD;Friuli-Venezia Giulia;ITH42
030060;Moimacco;F275;Udine;UD;Friuli-Venezia Giulia;ITH42
030061;Montenars;F574;Udine;UD;Friuli-Venezia Giulia;ITH42
030062;Mortegliano;F756;Udine;UD;Friuli-Venezia Giulia;ITH42
030063;Moruzzo;F760;Udine;UD;Friuli-Venezia Giulia;ITH42
030064;Muzzana del Turgnano;F832;Udine;UD;Friuli-Venezia Giulia;ITH42
030065;Nimis;F898;Udine;UD;Friuli-Venezia Giulia;ITH42
030066;Osoppo;G163;Udine;UD;Friuli-Venezia Giulia;ITH42
030067;Ovaro;G198;Udine;UD;Friuli-Venezia Giulia;ITH42
030068;Pagnacco;G238;Udine;UD;Friuli-Venezia Giulia;ITH42
030069;Palazzolo dello Stella;G268;Udine;UD;Friuli-Venezia Giulia;ITH42
030070;Palmanova;G284;Udine;UD;Friuli-Venezia Giulia;ITH42
030071;Paluzza;G300;Udine;UD;Friuli-Venezia Giulia;ITH42
030072;Pasian di Prato;G352;Udine;UD;Friuli-Venezia Giulia;ITH42
030073;Paularo;G381;Udine;UD;Friuli-Venezia Giulia;ITH42
030074;Pavia di Udine;G389;Udine;UD;Friuli-Venezia Giulia;ITH42
030075;Pocenia;G743;Udine;UD;Friuli-Venezia Giulia;ITH42
030076;Pontebba;G831;Udine;UD;Friuli-Venezia Giulia;ITH42
030077;Porpetto;G891;Udine;UD;Friuli-Venezia Giulia;ITH42
030078;Povoletto;G949;Udine;UD;Friuli-Venezia Giulia;ITH42
030079;Pozzuolo del Friuli;G966;Udine;UD;Friuli-Venezia Giulia;ITH42
030080;Pradamano;G969;Udine;UD;Friuli-Venezia Giulia;ITH42
030081;Prato Carnico;H002;Udine;UD;Friuli-Venezia Giulia;ITH42
030082;Precenicco;H014;Udine;UD;Friuli-Venezia Giulia;ITH42
030083;Premariacco;H029;Udine;UD;Friuli-Venezia Giulia;ITH42
030084;Preone;H038;Udine;UD;Friuli-Venezia Giulia;ITH42
030085;Prepotto;H040;Udine;UD;Friuli-Venezia Giulia;ITH42
030086;Pulfero;H089;Udine;UD;Friuli-Venezia Giulia;ITH42
030087;Ragogna;H161;Udine;UD;Friuli-Venezia Giulia;ITH42
030088;Ravascletto;H196;Udine;UD;Friuli-Venezia Giulia;ITH42
030089;Raveo;H200;Udine;UD;Friuli-Venezia Giulia;ITH42
030090;Reana del Rojale;H206;Udine;UD;Friuli-Venezia Giulia;ITH42
030091;Remanzacco;H229;Udine;UD;Friuli-Venezia Giulia;ITH42
030092;Resia;H242;Udine;UD;Friuli-Venezia Giulia;ITH42
030093;Resiutta;H244;Udine;UD;Friuli-Venezia Giulia;ITH42
030094;Rigolato;H289;Udine;UD;Friuli-Venezia Giulia;ITH42
030095;Rive d'Arcano;H347;Udine;UD;Friuli-Venezia Giulia;ITH42
030097;Ronchis;H533;Udine;UD;Friuli-Venezia Giulia;ITH42
030098;Ruda;H629;Udine;UD;Friuli-Venezia Giulia;ITH42
030099;San Daniele del Friuli;H816;Udine;UD;Friuli-Venezia Giulia;ITH42
030100;San Giorgio di Nogaro;H895;Udine;UD;Friuli-Venezia Giulia;ITH42
030101;San Giovanni al Natisone;H906;Udine;UD;Friuli-Venezia Giulia;ITH42
030102;San Leonardo;H951;Udine;UD;Friuli-Venezia Giulia;ITH42
030103;San Pietro al Natisone;I092;Udine;UD;Friuli-Venezia Giulia;ITH42
030104;Santa Maria la Longa;I248;Udine;UD;Friuli-Venezia Giulia;ITH42
030105;San Vito al Torre;I404;Udine;UD;Friuli-Venezia Giulia;ITH42
030106;San Vito di Fagagna;I405;Udine;UD;Friuli-Venezia Giulia;ITH42
030107;Sauris;I464;Udine;UD;Friuli-Venezia Giulia;ITH42
030108;Savogna;I478;Udine;UD;Friuli-Venezia Giulia;ITH42
030109;Sedegliano;I562;Udine;UD;Friuli-Venezia Giulia;ITH42
030110;Socchieve;I777;Udine;UD;Friuli-Venezia Giulia;ITH42
030111;Stregna;I974;Udine;UD;Friuli-Venezia Giulia;ITH42
030112;Sutrio;L018;Udine;UD;Friuli-Venezia Giulia;ITH42
030113;Taipana;G736;Udine;UD;Friuli-Venezia Giulia;ITH42
030114;Talmassons;L039;Udine;UD;Friuli-Venezia Giulia;ITH42
030116;Tarcento;L050;Udine;UD;Friuli-Venezia Giulia;ITH42
030117;Tarvisio;L057;Udine;UD;Friuli-Venezia Giulia;ITH42
030118;Tavagnacco;L065;Udine;UD;Friuli-Venezia Giulia;ITH42
030120;Terzo d'Aquileia;L144;Udine;UD;Friuli-Venezia Giulia;ITH42
030121;Tolmezzo;L195;Udine;UD;Friuli-Venezia Giulia;ITH42
030122;Torreano;L246;Udine;UD;Friuli-Venezia Giulia;ITH42
030123;Torviscosa;L309;Udine;UD;Friuli-Venezia Giulia;ITH42
030124;Trasaghis;L335;Udine;UD;Friuli-Venezia Giulia;ITH42
030126;Treppo Grande;L382;Udine;UD;Friuli-Venezia Giulia;ITH42
030127;Tricesimo;L421;Udine;UD;Friuli-Venezia Giulia;ITH42
030128;Trivignano Udinese;L438;Udine;UD;Friuli-Venezia Giulia;ITH42
030129;Udine;L483;Udine;UD;Friuli-Venezia Giulia;ITH42
030130;Varmo;L686;Udine;UD;Friuli-Venezia Giulia;ITH42
030131;Venzone;L743;Udine;UD;Friuli-Venezia Giulia;ITH42
030132;Verzegnis;L801;Udine;UD;Friuli-Venezia Giulia;ITH42
030133;Villa Santina;L909;Udine;UD;Friuli-Venezia Giulia;ITH42
030135;Visco;M073;Udine;UD;Friuli-Venezia Giulia;ITH42
030136;Zuglio;M200;Udine;UD;Friuli-Venezia Giulia;ITH42
030137;Forgaria nel Friuli;D700;Udine;UD;Friuli-Venezia Giulia;ITH42
030138;Campolongo Tapogliano;M311;Udine;UD;Friuli-Venezia Giulia;ITH42
030188;Rivignano Teor;M317;Udine;UD;Friuli-Venezia Giulia;ITH42
030189;Sappada;I421;Udine;UD;Friuli-Venezia Giulia;ITH42
030190;Fiumicello Villa Vicentina;M400;Udine;UD;Friuli-Venezia Giulia;ITH42
030191;Treppo Ligosullo;M399;Udine;UD;Friuli-Venezia Giulia;ITH42
031001;Capriva del Friuli;B712;Gorizia;GO;Friuli-Venezia Giulia;ITH43
031002;Cormons;D014;Gorizia;GO;Friuli-Venezia Giulia;ITH43
031003;Doberdò del Lago;D312;Gorizia;GO;Friuli-Venezia Giulia;ITH43
031004;Dolegna del Collio;D321;Gorizia;GO;Friuli-Venezia Giulia;ITH43
031005;Farra d'Isonzo;D504;Gorizia;GO;Friuli-Venezia Giulia;ITH43
031006;Fogliano Redipuglia;D645;Gorizia;GO;Friuli-Venezia Giulia;ITH43
031007;Gorizia;E098;Gorizia;GO;Friuli-Venezia Giulia;ITH43
031008;Gradisca d'Isonzo;E124;Gorizia;GO;Friuli-Venezia Giulia;ITH43
031009;Grado;E125;Gorizia;GO;Friuli-Venezia Giulia;ITH43
031010;Mariano del Friuli;E952;Gorizia;GO;Friuli-Venezia Giulia;ITH43
031011;Medea;F081;Gorizia;GO;Friuli-Venezia Giulia;ITH43
031012;Monfalcone;F356;Gorizia;GO;Friuli-Venezia Giulia;ITH43
031013;Moraro;F710;Gorizia;GO;Friuli-Venezia Giulia;ITH43
031014;Mossa;F767;Gorizia;GO;Friuli-Venezia Giulia;ITH43
031015;Romans d'Isonzo;H514;Gorizia;GO;Friuli-Venezia Giulia;ITH43
031016;Ronchi dei Legionari;H531;Gorizia;GO;Friuli-Venezia Giulia;ITH43
031017;Sagrado;H665;Gorizia;GO;Friuli-Venezia Giulia;ITH43
031018;San Canzian d'Isonzo;H787;Gorizia;GO;Friuli-Venezia Giulia;ITH43
031019;San Floriano del Collio;H845;Gorizia;GO;Friuli-Venezia Giulia;ITH43
031020;San Lorenzo Isontino;H964;Gorizia;GO;Friuli-Venezia Giulia;ITH43
031021;San Pier d'Isonzo;I082;Gorizia;GO;Friuli-Venezia Giulia;ITH43
031022;Savogna d'Isonzo;I479;Gorizia;GO;Friuli-Venezia Giulia;ITH43
031023;Staranzano;I939;Gorizia;GO;Friuli-Venezia Giulia;ITH43
031024;Turriaco;L474;Gorizia;GO;Friuli-Venezia Giulia;ITH43
031025;Villesse;M043;Gorizia;GO;Friuli-Venezia Giulia;ITH43
032001;Duino Aurisina;D383;Trieste;TS;Friuli-Venezia Giulia;ITH44
032002;Monrupino;F378;Trieste;TS;Friuli-Venezia Giulia;ITH44
032003;Muggia;F795;Trieste;TS;Friuli-Venezia Giulia;ITH44
032004;San Dorligo della Valle;D324;Trieste;TS;Friuli-Venezia Giulia;ITH44
032005;Sgonico;I715;Trieste;TS;Friuli-Venezia Giulia;ITH44
032006;Trieste;L424;Trieste;TS;Friuli-Venezia Giulia;ITH44
033001;Agazzano;A067;Piacenza;PC;Emilia-Romagna;ITH51
033002;Alseno;A223;Piacenza;PC;Emilia-Romagna;ITH51
033003;Besenzone;A823;Piacenza;PC;Emilia-Romagna;ITH51
033004;Bettola;A831;Piacenza;PC;Emilia-Romagna;ITH51
033005;Bobbio;A909;Piacenza;PC;Emilia-Romagna;ITH51
033006;Borgonovo Val Tidone;B025;Piacenza;PC;Emilia-Romagna;ITH51
033007;Cadeo;B332;Piacenza;PC;Emilia-Romagna;ITH51
033008;Calendasco;B405;Piacenza;PC;Emilia-Romagna;ITH51
033010;Caorso;B643;Piacenza;PC;Emilia-Romagna;ITH51
033011;Carpaneto Piacentino;B812;Piacenza;PC;Emilia-Romagna;ITH51
033012;Castell'Arquato;C145;Piacenza;PC;Emilia-Romagna;ITH51
033013;Castel San Giovanni;C261;Piacenza;PC;Emilia-Romagna;ITH51
033014;Castelvetro Piacentino;C288;Piacenza;PC;Emilia-Romagna;ITH51
033015;Cerignale;C513;Piacenza;PC;Emilia-Romagna;ITH51
033016;Coli;C838;Piacenza;PC;Emilia-Romagna;ITH51
033017;Corte Brugnatella;D054;Piacenza;PC;Emilia-Romagna;ITH51
033018;Cortemaggiore;D061;Piacenza;PC;Emilia-Romagna;ITH51
033019;Farini;D502;Piacenza;PC;Emilia-Romagna;ITH51
033020;Ferriere;D555;Piacenza;PC;Emilia-Romagna;ITH51
033021;Fiorenzuola d'Arda;D611;Piacenza;PC;Emilia-Romagna;ITH51
033022;Gazzola;D958;Piacenza;PC;Emilia-Romagna;ITH51
033023;Gossolengo;E114;Piacenza;PC;Emilia-Romagna;ITH51
033024;Gragnano Trebbiense;E132;Piacenza;PC;Emilia-Romagna;ITH51
033025;Gropparello;E196;Piacenza;PC;Emilia-Romagna;ITH51
033026;Lugagnano Val d'Arda;E726;Piacenza;PC;Emilia-Romagna;ITH51
033027;Monticelli d'Ongina;F671;Piacenza;PC;Emilia-Romagna;ITH51
033028;Morfasso;F724;Piacenza;PC;Emilia-Romagna;ITH51
033030;Ottone;G195;Piacenza;PC;Emilia-Romagna;ITH51
033032;Piacenza;G535;Piacenza;PC;Emilia-Romagna;ITH51
033033;Pianello Val Tidone;G557;Piacenza;PC;Emilia-Romagna;ITH51
033034;Piozzano;G696;Piacenza;PC;Emilia-Romagna;ITH51
033035;Podenzano;G747;Piacenza;PC;Emilia-Romagna;ITH51
033036;Ponte dell'Olio;G842;Piacenza;PC;Emilia-Romagna;ITH51
033037;Pontenure;G852;Piacenza;PC;Emilia-Romagna;ITH51
033038;Rivergaro;H350;Piacenza;PC;Emilia-Romagna;ITH51
033039;Rottofreno;H593;Piacenza;PC;Emilia-Romagna;ITH51
033040;San Giorgio Piacentino;H887;Piacenza;PC;Emilia-Romagna;ITH51
033041;San Pietro in Cerro;G788;Piacenza;PC;Emilia-Romagna;ITH51
033042;Sarmato;I434;Piacenza;PC;Emilia-Romagna;ITH51
033043;Travo;L348;Piacenza;PC;Emilia-Romagna;ITH51
033044;Vernasca;L772;Piacenza;PC;Emilia-Romagna;ITH51
033045;Vigolzone;L897;Piacenza;PC;Emilia-Romagna;ITH51
033046;Villanova sull'Arda;L980;Piacenza;PC;Emilia-Romagna;ITH51
033047;Zerba;M165;Piacenza;PC;Emilia-Romagna;ITH51
033048;Ziano Piacentino;L848;Piacenza;PC;Emilia-Romagna;ITH51
033049;Alta Val Tidone;M386;Piacenza;PC;Emilia-Romagna;ITH51
034001;Albareto;A138;Parma;PR;Emilia-Romagna;ITH52
034002;Bardi;A646;Parma;PR;Emilia-Romagna;ITH52
034003;Bedonia;A731;Parma;PR;Emilia-Romagna;ITH52
034004;Berceto;A788;Parma;PR;Emilia-Romagna;ITH52
034005;Bore;A987;Parma;PR;Emilia-Romagna;ITH52
034006;Borgo Val di Taro;B042;Parma;PR;Emilia-Romagna;ITH52
034007;Busseto;B293;Parma;PR;Emilia-Romagna;ITH52
034008;Calestano;B408;Parma;PR;Emilia-Romagna;ITH52
034009;Collecchio;C852;Parma;PR;Emilia-Romagna;ITH52
034010;Colorno;C904;Parma;PR;Emilia-Romagna;ITH52
034011;Compiano;C934;Parma;PR;Emilia-Romagna;ITH52
034012;Corniglio;D026;Parma;PR;Emilia-Romagna;ITH52
034013;Felino;D526;Parma;PR;Emilia-Romagna;ITH52
034014;Fidenza;B034;Parma;PR;Emilia-Romagna;ITH52
034015;Fontanellato;D673;Parma;PR;Emilia-Romagna;ITH52
034016;Fontevivo;D685;Parma;PR;Emilia-Romagna;ITH52
034017;Fornovo di Taro;D728;Parma;PR;Emilia-Romagna;ITH52
034018;Langhirano;E438;Parma;PR;Emilia-Romagna;ITH52
034019;Lesignano de' Bagni;E547;Parma;PR;Emilia-Romagna;ITH52
034020;Medesano;F082;Parma;PR;Emilia-Romagna;ITH52
034022;Monchio delle Corti;F340;Parma;PR;Emilia-Romagna;ITH52
034023;Montechiarugolo;F473;Parma;PR;Emilia-Romagna;ITH52
034024;Neviano degli Arduini;F882;Parma;PR;Emilia-Romagna;ITH52
034025;Noceto;F914;Parma;PR;Emilia-Romagna;ITH52
034026;Palanzano;G255;Parma;PR;Emilia-Romagna;ITH52
034027;Parma;G337;Parma;PR;Emilia-Romagna;ITH52
034028;Pellegrino Parmense;G424;Parma;PR;Emilia-Romagna;ITH52
034030;Roccabianca;H384;Parma;PR;Emilia-Romagna;ITH52
034031;Sala Baganza;H682;Parma;PR;Emilia-Romagna;ITH52
034032;Salsomaggiore Terme;H720;Parma;PR;Emilia-Romagna;ITH52
034033;San Secondo Parmense;I153;Parma;PR;Emilia-Romagna;ITH52
034035;Solignano;I803;Parma;PR;Emilia-Romagna;ITH52
034036;Soragna;I840;Parma;PR;Emilia-Romagna;ITH52
034038;Terenzo;E548;Parma;PR;Emilia-Romagna;ITH52
034039;Tizzano Val Parma;L183;Parma;PR;Emilia-Romagna;ITH52
034040;Tornolo;L229;Parma;PR;Emilia-Romagna;ITH52
034041;Torrile;L299;Parma;PR;Emilia-Romagna;ITH52
034042;Traversetolo;L346;Parma;PR;Emilia-Romagna;ITH52
034044;Valmozzola;L641;Parma;PR;Emilia-Romagna;ITH52
034045;Varano de' Melegari;L672;Parma;PR;Emilia-Romagna;ITH52
034046;Varsi;L689;Parma;PR;Emilia-Romagna;ITH52
034049;Sissa Trecasali;M325;Parma;PR;Emilia-Romagna;ITH52
034050;Polesine Zibello;M367;Parma;PR;Emilia-Romagna;ITH52
034051;Sorbolo Mezzani;M411;Parma;PR;Emilia-Romagna;ITH52
035001;Albinea;A162;Reggio nell'Emilia;RE;Emilia-Romagna;ITH53
035002;Bagnolo in Piano;A573;Reggio nell'Emilia;RE;Emilia-Romagna;ITH53
035003;Baiso;A586;Reggio nell'Emilia;RE;Emilia-Romagna;ITH53
035004;Bibbiano;A850;Reggio nell'Emilia;RE;Emilia-Romagna;ITH53
035005;Boretto;A988;Reggio nell'Emilia;RE;Emilia-Romagna;ITH53
035006;Brescello;B156;Reggio nell'Emilia;RE;Emilia-Romagna;ITH53
035008;Cadelbosco di Sopra;B328;Reggio nell'Emilia;RE;Emilia-Romagna;ITH53
035009;Campagnola Emilia;B499;Reggio nell'Emilia;RE;Emilia-Romagna;ITH53
035010;Campegine;B502;Reggio nell'Emilia;RE;Emilia-Romagna;ITH53
035011;Carpineti;B825;Reggio nell'Emilia;RE;Emilia-Romagna;ITH53
035012;Casalgrande;B893;Reggio nell'Emilia;RE;Emilia-Romagna;ITH53
035013;Casina;B967;Reggio nell'Emilia;RE;Emilia-Romagna;ITH53
035014;Castellarano;C141;Reggio nell'Emilia;RE;Emilia-Romagna;ITH53
035015;Castelnovo di Sotto;C218;Reggio nell'Emilia;RE;Emilia-Romagna;ITH53
035016;Castelnovo ne' Monti;C219;Reggio nell'Emilia;RE;Emilia-Romagna;ITH53
035017;Cavriago;C405;Reggio nell'Emilia;RE;Emilia-Romagna;ITH53
035018;Canossa;C669;Reggio nell'Emilia;RE;Emilia-Romagna;ITH53
035020;Correggio;D037;Reggio nell'Emilia;RE;Emilia-Romagna;ITH53
035021;Fabbrico;D450;Reggio nell'Emilia;RE;Emilia-Romagna;ITH53
035022;Gattatico;D934;Reggio nell'Emilia;RE;Emilia-Romagna;ITH53
035023;Gualtieri;E232;Reggio nell'Emilia;RE;Emilia-Romagna;ITH53
035024;Guastalla;E253;Reggio nell'Emilia;RE;Emilia-Romagna;ITH53
035026;Luzzara;E772;Reggio nell'Emilia;RE;Emilia-Romagna;ITH53
035027;Montecchio Emilia;F463;Reggio nell'Emilia;RE;Emilia-Romagna;ITH53
035028;Novellara;F960;Reggio nell'Emilia;RE;Emilia-Romagna;ITH53
035029;Poviglio;G947;Reggio nell'Emilia;RE;Emilia-Romagna;ITH53
035030;Quattro Castella;H122;Reggio nell'Emilia;RE;Emilia-Romagna;ITH53
035032;Reggiolo;H225;Reggio nell'Emilia;RE;Emilia-Romagna;ITH53
035033;Reggio nell'Emilia;H223;Reggio nell'Emilia;RE;Emilia-Romagna;ITH53
035034;Rio Saliceto;H298;Reggio nell'Emilia;RE;Emilia-Romagna;ITH53
035035;Rolo;H500;Reggio nell'Emilia;RE;Emilia-Romagna;ITH53
035036;Rubiera;H628;Reggio nell'Emilia;RE;Emilia-Romagna;ITH53
035037;San Martino in Rio;I011;Reggio nell'Emilia;RE;Emilia-Romagna;ITH53
035038;San Polo d'Enza;I123;Reggio nell'Emilia;RE;Emilia-Romagna;ITH53
035039;Sant'Ilario d'Enza;I342;Reggio nell'Emilia;RE;Emilia-Romagna;ITH53
035040;Scandiano;I496;Reggio nell'Emilia;RE;Emilia-Romagna;ITH53
035041;Toano;L184;Reggio nell'Emilia;RE;Emilia-Romagna;ITH53
035042;Vetto;L815;Reggio nell'Emilia;RE;Emilia-Romagna;ITH53
035043;Vezzano sul Crostolo;L820;Reggio nell'Emilia;RE;Emilia-Romagna;ITH53
035044;Viano;L831;Reggio nell'Emilia;RE;Emilia-Romagna;ITH53
035045;Villa Minozzo;L969;Reggio nell'Emilia;RE;Emilia-Romagna;ITH53
035046;Ventasso;M364;Reggio nell'Emilia;RE;Emilia-Romagna;ITH53
036001;Bastiglia;A713;Modena;MO;Emilia-Romagna;ITH54
036002;Bomporto;A959;Modena;MO;Emilia-Romagna;ITH54
036003;Campogalliano;B539;Modena;MO;Emilia-Romagna;ITH54
036004;Camposanto;B566;Modena;MO;Emilia-Romagna;ITH54
036005;Carpi;B819;Modena;MO;Emilia-Romagna;ITH54
036006;Castelfranco Emilia;C107;Modena;MO;Emilia-Romagna;ITH54
036007;Castelnuovo Rangone;C242;Modena;MO;Emilia-Romagna;ITH54
036008;Castelvetro di Modena;C287;Modena;MO;Emilia-Romagna;ITH54
036009;Cavezzo;C398;Modena;MO;Emilia-Romagna;ITH54
036010;Concordia sulla Secchia;C951;Modena;MO;Emilia-Romagna;ITH54
036011;Fanano;D486;Modena;MO;Emilia-Romagna;ITH54
036012;Finale Emilia;D599;Modena;MO;Emilia-Romagna;ITH54
036013;Fiorano Modenese;D607;Modena;MO;Emilia-Romagna;ITH54
036014;Fiumalbo;D617;Modena;MO;Emilia-Romagna;ITH54
036015;Formigine;D711;Modena;MO;Emilia-Romagna;ITH54
036016;Frassinoro;D783;Modena;MO;Emilia-Romagna;ITH54
036017;Guiglia;E264;Modena;MO;Emilia-Romagna;ITH54
036018;Lama Mocogno;E426;Modena;MO;Emilia-Romagna;ITH54
036019;Maranello;E904;Modena;MO;Emilia-Romagna;ITH54
036020;Marano sul Panaro;E905;Modena;MO;Emilia-Romagna;ITH54
036021;Medolla;F087;Modena;MO;Emilia-Romagna;ITH54
036022;Mirandola;F240;Modena;MO;Emilia-Romagna;ITH54
036023;Modena;F257;Modena;MO;Emilia-Romagna;ITH54
036024;Montecreto;F484;Modena;MO;Emilia-Romagna;ITH54
036025;Montefiorino;F503;Modena;MO;Emilia-Romagna;ITH54
036026;Montese;F642;Modena;MO;Emilia-Romagna;ITH54
036027;Nonantola;F930;Modena;MO;Emilia-Romagna;ITH54
036028;Novi di Modena;F966;Modena;MO;Emilia-Romagna;ITH54
036029;Palagano;G250;Modena;MO;Emilia-Romagna;ITH54
036030;Pavullo nel Frignano;G393;Modena;MO;Emilia-Romagna;ITH54
036031;Pievepelago;G649;Modena;MO;Emilia-Romagna;ITH54
036032;Polinago;G789;Modena;MO;Emilia-Romagna;ITH54
036033;Prignano sulla Secchia;H061;Modena;MO;Emilia-Romagna;ITH54
036034;Ravarino;H195;Modena;MO;Emilia-Romagna;ITH54
036035;Riolunato;H303;Modena;MO;Emilia-Romagna;ITH54
036036;San Cesario sul Panaro;H794;Modena;MO;Emilia-Romagna;ITH54
036037;San Felice sul Panaro;H835;Modena;MO;Emilia-Romagna;ITH54
036038;San Possidonio;I128;Modena;MO;Emilia-Romagna;ITH54
036039;San Prospero;I133;Modena;MO;Emilia-Romagna;ITH54
036040;Sassuolo;I462;Modena;MO;Emilia-Romagna;ITH54
036041;Savignano sul Panaro;I473;Modena;MO;Emilia-Romagna;ITH54
036042;Serramazzoni;F357;Modena;MO;Emilia-Romagna;ITH54
036043;Sestola;I689;Modena;MO;Emilia-Romagna;ITH54
036044;Soliera;I802;Modena;MO;Emilia-Romagna;ITH54
036045;Spilamberto;I903;Modena;MO;Emilia-Romagna;ITH54
036046;Vignola;L885;Modena;MO;Emilia-Romagna;ITH54
036047;Zocca;M183;Modena;MO;Emilia-Romagna;ITH54
037001;Anzola dell'Emilia;A324;Bologna;BO;Emilia-Romagna;ITH55
037002;Argelato;A392;Bologna;BO;Emilia-Romagna;ITH55
037003;Baricella;A665;Bologna;BO;Emilia-Romagna;ITH55
037005;Bentivoglio;A785;Bologna;BO;Emilia-Romagna;ITH55
037006;Bologna;A944;Bologna;BO;Emilia-Romagna;ITH55
037007;Borgo Tossignano;B044;Bologna;BO;Emilia-Romagna;ITH55
037008;Budrio;B249;Bologna;BO;Emilia-Romagna;ITH55
037009;Calderara di Reno;B399;Bologna;BO;Emilia-Romagna;ITH55
037010;Camugnano;B572;Bologna;BO;Emilia-Romagna;ITH55
037011;Casalecchio di Reno;B880;Bologna;BO;Emilia-Romagna;ITH55
037012;Casalfiumanese;B892;Bologna;BO;Emilia-Romagna;ITH55
037013;Castel d'Aiano;C075;Bologna;BO;Emilia-Romagna;ITH55
037014;Castel del Rio;C086;Bologna;BO;Emilia-Romagna;ITH55
037015;Castel di Casio;B969;Bologna;BO;Emilia-Romagna;ITH55
037016;Castel Guelfo di Bologna;C121;Bologna;BO;Emilia-Romagna;ITH55
037017;Castello d'Argile;C185;Bologna;BO;Emilia-Romagna;ITH55
037019;Castel Maggiore;C204;Bologna;BO;Emilia-Romagna;ITH55
037020;Castel San Pietro Terme;C265;Bologna;BO;Emilia-Romagna;ITH55
037021;Castenaso;C292;Bologna;BO;Emilia-Romagna;ITH55
037022;Castiglione dei Pepoli;C296;Bologna;BO;Emilia-Romagna;ITH55
037024;Crevalcore;D166;Bologna;BO;Emilia-Romagna;ITH55
037025;Dozza;D360;Bologna;BO;Emilia-Romagna;ITH55
037026;Fontanelice;D668;Bologna;BO;Emilia-Romagna;ITH55
037027;Gaggio Montano;D847;Bologna;BO;Emilia-Romagna;ITH55
037028;Galliera;D878;Bologna;BO;Emilia-Romagna;ITH55
037030;Granarolo dell'Emilia;E136;Bologna;BO;Emilia-Romagna;ITH55
037031;Grizzana Morandi;E187;Bologna;BO;Emilia-Romagna;ITH55
037032;Imola;E289;Bologna;BO;Emilia-Romagna;ITH55
037033;Lizzano in Belvedere;A771;Bologna;BO;Emilia-Romagna;ITH55
037034;Loiano;E655;Bologna;BO;Emilia-Romagna;ITH55
037035;Malalbergo;E844;Bologna;BO;Emilia-Romagna;ITH55
037036;Marzabotto;B689;Bologna;BO;Emilia-Romagna;ITH55
037037;Medicina;F083;Bologna;BO;Emilia-Romagna;ITH55
037038;Minerbio;F219;Bologna;BO;Emilia-Romagna;ITH55
037039;Molinella;F288;Bologna;BO;Emilia-Romagna;ITH55
037040;Monghidoro;F363;Bologna;BO;Emilia-Romagna;ITH55
037041;Monterenzio;F597;Bologna;BO;Emilia-Romagna;ITH55
037042;Monte San Pietro;F627;Bologna;BO;Emilia-Romagna;ITH55
037044;Monzuno;F706;Bologna;BO;Emilia-Romagna;ITH55
037045;Mordano;F718;Bologna;BO;Emilia-Romagna;ITH55
037046;Ozzano dell'Emilia;G205;Bologna;BO;Emilia-Romagna;ITH55
037047;Pianoro;G570;Bologna;BO;Emilia-Romagna;ITH55
037048;Pieve di Cento;G643;Bologna;BO;Emilia-Romagna;ITH55
037050;Sala Bolognese;H678;Bologna;BO;Emilia-Romagna;ITH55
037051;San Benedetto Val di Sambro;G566;Bologna;BO;Emilia-Romagna;ITH55
037052;San Giorgio di Piano;H896;Bologna;BO;Emilia-Romagna;ITH55
037053;San Giovanni in Persiceto;G467;Bologna;BO;Emilia-Romagna;ITH55
037054;San Lazzaro di Savena;H945;Bologna;BO;Emilia-Romagna;ITH55
037055;San Pietro in Casale;I110;Bologna;BO;Emilia-Romagna;ITH55
037056;Sant'Agata Bolognese;I191;Bologna;BO;Emilia-Romagna;ITH55
037057;Sasso Marconi;G972;Bologna;BO;Emilia-Romagna;ITH55
037059;Vergato;L762;Bologna;BO;Emilia-Romagna;ITH55
037060;Zola Predosa;M185;Bologna;BO;Emilia-Romagna;ITH55
037061;Valsamoggia;M320;Bologna;BO;Emilia-Romagna;ITH55
037062;Alto Reno Terme;M369;Bologna;BO;Emilia-Romagna;ITH55
038001;Argenta;A393;Ferrara;FE;Emilia-Romagna;ITH56
038003;Bondeno;A965;Ferrara;FE;Emilia-Romagna;ITH56
038004;Cento;C469;Ferrara;FE;Emilia-Romagna;ITH56
038005;Codigoro;C814;Ferrara;FE;Emilia-Romagna;ITH56
038006;Comacchio;C912;Ferrara;FE;Emilia-Romagna;ITH56
038007;Copparo;C980;Ferrara;FE;Emilia-Romagna;ITH56
038008;Ferrara;D548;Ferrara;FE;Emilia-Romagna;ITH56
038010;Jolanda di Savoia;E320;Ferrara;FE;Emilia-Romagna;ITH56
038011;Lagosanto;E410;Ferrara;FE;Emilia-Romagna;ITH56
038012;Masi Torello;F016;Ferrara;FE;Emilia-Romagna;ITH56
038014;Mesola;F156;Ferrara;FE;Emilia-Romagna;ITH56
038017;Ostellato;G184;Ferrara;FE;Emilia-Romagna;ITH56
038018;Poggio Renatico;G768;Ferrara;FE;Emilia-Romagna;ITH56
038019;Portomaggiore;G916;Ferrara;FE;Emilia-Romagna;ITH56
038022;Vigarano Mainarda;L868;Ferrara;FE;Emilia-Romagna;ITH56
038023;Voghiera;M110;Ferrara;FE;Emilia-Romagna;ITH56
038025;Goro;E107;Ferrara;FE;Emilia-Romagna;ITH56
038027;Fiscaglia;M323;Ferrara;FE;Emilia-Romagna;ITH56
038028;Terre del Reno;M381;Ferrara;FE;Emilia-Romagna;ITH56
038029;Riva del Po;M410;Ferrara;FE;Emilia-Romagna;ITH56
038030;Tresignana;M409;Ferrara;FE;Emilia-Romagna;ITH56
039001;Alfonsine;A191;Ravenna;RA;Emilia-Romagna;ITH57
039002;Bagnacavallo;A547;Ravenna;RA;Emilia-Romagna;ITH57
039003;Bagnara di Romagna;A551;Ravenna;RA;Emilia-Romagna;ITH57
039004;Brisighella;B188;Ravenna;RA;Emilia-Romagna;ITH57
039005;Casola Valsenio;B982;Ravenna;RA;Emilia-Romagna;ITH57
039006;Castel Bolognese;C065;Ravenna;RA;Emilia-Romagna;ITH57
039007;Cervia;C553;Ravenna;RA;Emilia-Romagna;ITH57
039008;Conselice;C963;Ravenna;RA;Emilia-Romagna;ITH57
039009;Cotignola;D121;Ravenna;RA;Emilia-Romagna;ITH57
039010;Faenza;D458;Ravenna;RA;Emilia-Romagna;ITH57
039011;Fusignano;D829;Ravenna;RA;Emilia-Romagna;ITH57
039012;Lugo;E730;Ravenna;RA;Emilia-Romagna;ITH57
039013;Massa Lombarda;F029;Ravenna;RA;Emilia-Romagna;ITH57
039014;Ravenna;H199;Ravenna;RA;Emilia-Romagna;ITH57
039015;Riolo Terme;H302;Ravenna;RA;Emilia-Romagna;ITH57
039016;Russi;H642;Ravenna;RA;Emilia-Romagna;ITH57
039017;Sant'Agata sul Santerno;I196;Ravenna;RA;Emilia-Romagna;ITH57
039018;Solarolo;I787;Ravenna;RA;Emilia-Romagna;ITH57
040001;Bagno di Romagna;A565;Forlì-Cesena;FC;Emilia-Romagna;ITH58
040003;Bertinoro;A809;Forlì-Cesena;FC;Emilia-Romagna;ITH58
040004;Borghi;B001;Forlì-Cesena;FC;Emilia-Romagna;ITH58
040005;Castrocaro Terme e Terra del Sole;C339;Forlì-Cesena;FC;Emilia-Romagna;ITH58
040007;Cesena;C573;Forlì-Cesena;FC;Emilia-Romagna;ITH58
040008;Cesenatico;C574;Forlì-Cesena;FC;Emilia-Romagna;ITH58
040009;Civitella di Romagna;C777;Forlì-Cesena;FC;Emilia-Romagna;ITH58
040011;Dovadola;D357;Forlì-Cesena;FC;Emilia-Romagna;ITH58
040012;Forlì;D704;Forlì-Cesena;FC;Emilia-Romagna;ITH58
040013;Forlimpopoli;D705;Forlì-Cesena;FC;Emilia-Romagna;ITH58
040014;Galeata;D867;Forlì-Cesena;FC;Emilia-Romagna;ITH58
040015;Gambettola;D899;Forlì-Cesena;FC;Emilia-Romagna;ITH58
040016;Gatteo;D935;Forlì-Cesena;FC;Emilia-Romagna;ITH58
040018;Longiano;E675;Forlì-Cesena;FC;Emilia-Romagna;ITH58
040019;Meldola;F097;Forlì-Cesena;FC;Emilia-Romagna;ITH58
040020;Mercato Saraceno;F139;Forlì-Cesena;FC;Emilia-Romagna;ITH58
040022;Modigliana;F259;Forlì-Cesena;FC;Emilia-Romagna;ITH58
040028;Montiano;F668;Forlì-Cesena;FC;Emilia-Romagna;ITH58
040031;Portico e San Benedetto;G904;Forlì-Cesena;FC;Emilia-Romagna;ITH58
040032;Predappio;H017;Forlì-Cesena;FC;Emilia-Romagna;ITH58
040033;Premilcuore;H034;Forlì-Cesena;FC;Emilia-Romagna;ITH58
040036;Rocca San Casciano;H437;Forlì-Cesena;FC;Emilia-Romagna;ITH58
040037;Roncofreddo;H542;Forlì-Cesena;FC;Emilia-Romagna;ITH58
040041;San Mauro Pascoli;I027;Forlì-Cesena;FC;Emilia-Romagna;ITH58
040043;Santa Sofia;I310;Forlì-Cesena;FC;Emilia-Romagna;ITH58
040044;Sarsina;I444;Forlì-Cesena;FC;Emilia-Romagna;ITH58
040045;Savignano sul Rubicone;I472;Forlì-Cesena;FC;Emilia-Romagna;ITH58
040046;Sogliano al Rubicone;I779;Forlì-Cesena;FC;Emilia-Romagna;ITH58
040049;Tredozio;L361;Forlì-Cesena;FC;Emilia-Romagna;ITH58
040050;Verghereto;L764;Forlì-Cesena;FC;Emilia-Romagna;ITH58
041001;Acqualagna;A035;Pesaro e Urbino;PU;Marche;ITI31
041002;Apecchio;A327;Pesaro e Urbino;PU;Marche;ITI31
041005;Belforte all'Isauro;A740;Pesaro e Urbino;PU;Marche;ITI31
041006;Borgo Pace;B026;Pesaro e Urbino;PU;Marche;ITI31
041007;Cagli;B352;Pesaro e Urbino;PU;Marche;ITI31
041008;Cantiano;B636;Pesaro e Urbino;PU;Marche;ITI31
041009;Carpegna;B816;Pesaro e Urbino;PU;Marche;ITI31
041010;Cartoceto;B846;Pesaro e Urbino;PU;Marche;ITI31
041013;Fano;D488;Pesaro e Urbino;PU;Marche;ITI31
041014;Fermignano;D541;Pesaro e Urbino;PU;Marche;ITI31
041015;Fossombrone;D749;Pesaro e Urbino;PU;Marche;ITI31
041016;Fratte Rosa;D791;Pesaro e Urbino;PU;Marche;ITI31
041017;Frontino;D807;Pesaro e Urbino;PU;Marche;ITI31
041018;Frontone;D808;Pesaro e Urbino;PU;Marche;ITI31
041019;Gabicce Mare;D836;Pesaro e Urbino;PU;Marche;ITI31
041020;Gradara;E122;Pesaro e Urbino;PU;Marche;ITI31
041021;Isola del Piano;E351;Pesaro e Urbino;PU;Marche;ITI31
041022;Lunano;E743;Pesaro e Urbino;PU;Marche;ITI31
041023;Macerata Feltria;E785;Pesaro e Urbino;PU;Marche;ITI31
041025;Mercatello sul Metauro;F135;Pesaro e Urbino;PU;Marche;ITI31
041026;Mercatino Conca;F136;Pesaro e Urbino;PU;Marche;ITI31
041027;Mombaroccio;F310;Pesaro e Urbino;PU;Marche;ITI31
041028;Mondavio;F347;Pesaro e Urbino;PU;Marche;ITI31
041029;Mondolfo;F348;Pesaro e Urbino;PU;Marche;ITI31
041030;Montecalvo in Foglia;F450;Pesaro e Urbino;PU;Marche;ITI31
041031;Monte Cerignone;F467;Pesaro e Urbino;PU;Marche;ITI31
041034;Montefelcino;F497;Pesaro e Urbino;PU;Marche;ITI31
041035;Monte Grimano Terme;F524;Pesaro e Urbino;PU;Marche;ITI31
041036;Montelabbate;F533;Pesaro e Urbino;PU;Marche;ITI31
041038;Monte Porzio;F589;Pesaro e Urbino;PU;Marche;ITI31
041041;Peglio;G416;Pesaro e Urbino;PU;Marche;ITI31
041043;Pergola;G453;Pesaro e Urbino;PU;Marche;ITI31
041044;Pesaro;G479;Pesaro e Urbino;PU;Marche;ITI31
041045;Petriano;G514;Pesaro e Urbino;PU;Marche;ITI31
041047;Piandimeleto;G551;Pesaro e Urbino;PU;Marche;ITI31
041048;Pietrarubbia;G627;Pesaro e Urbino;PU;Marche;ITI31
041049;Piobbico;G682;Pesaro e Urbino;PU;Marche;ITI31
041051;San Costanzo;H809;Pesaro e Urbino;PU;Marche;ITI31
041054;San Lorenzo in Campo;H958;Pesaro e Urbino;PU;Marche;ITI31
041057;Sant'Angelo in Vado;I287;Pesaro e Urbino;PU;Marche;ITI31
041058;Sant'Ippolito;I344;Pesaro e Urbino;PU;Marche;ITI31
041061;Serra Sant'Abbondio;I654;Pesaro e Urbino;PU;Marche;ITI31
041064;Tavoleto;L078;Pesaro e Urbino;PU;Marche;ITI31
041065;Tavullia;L081;Pesaro e Urbino;PU;Marche;ITI31
041066;Urbania;L498;Pesaro e Urbino;PU;Marche;ITI31
041067;Urbino;L500;Pesaro e Urbino;PU;Marche;ITI31
041068;Vallefoglia;M331;Pesaro e Urbino;PU;Marche;ITI31
041069;Colli al Metauro;M380;Pesaro e Urbino;PU;Marche;ITI31
041070;Terre Roveresche;M379;Pesaro e Urbino;PU;Marche;ITI31
041071;Sassocorvaro Auditore;M413;Pesaro e Urbino;PU;Marche;ITI31
042001;Agugliano;A092;Ancona;AN;Marche;ITI32
042002;Ancona;A271;Ancona;AN;Marche;ITI32
042003;Arcevia;A366;Ancona;AN;Marche;ITI32
042004;Barbara;A626;Ancona;AN;Marche;ITI32
042005;Belvedere Ostrense;A769;Ancona;AN;Marche;ITI32
042006;Camerano;B468;Ancona;AN;Marche;ITI32
042007;Camerata Picena;B470;Ancona;AN;Marche;ITI32
042008;Castelbellino;C060;Ancona;AN;Marche;ITI32
042010;Castelfidardo;C100;Ancona;AN;Marche;ITI32
042011;Castelleone di Suasa;C152;Ancona;AN;Marche;ITI32
042012;Castelplanio;C248;Ancona;AN;Marche;ITI32
042013;Cerreto d'Esi;C524;Ancona;AN;Marche;ITI32
042014;Chiaravalle;C615;Ancona;AN;Marche;ITI32
042015;Corinaldo;D007;Ancona;AN;Marche;ITI32
042016;Cupramontana;D211;Ancona;AN;Marche;ITI32
042017;Fabriano;D451;Ancona;AN;Marche;ITI32
042018;Falconara Marittima;D472;Ancona;AN;Marche;ITI32
042019;Filottrano;D597;Ancona;AN;Marche;ITI32
042020;Genga;D965;Ancona;AN;Marche;ITI32
042021;Jesi;E388;Ancona;AN;Marche;ITI32
042022;Loreto;E690;Ancona;AN;Marche;ITI32
042023;Maiolati Spontini;E837;Ancona;AN;Marche;ITI32
042024;Mergo;F145;Ancona;AN;Marche;ITI32
042025;Monsano;F381;Ancona;AN;Marche;ITI32
042026;Montecarotto;F453;Ancona;AN;Marche;ITI32
042027;Montemarciano;F560;Ancona;AN;Marche;ITI32
042029;Monte Roberto;F600;Ancona;AN;Marche;ITI32
042030;Monte San Vito;F634;Ancona;AN;Marche;ITI32
042031;Morro d'Alba;F745;Ancona;AN;Marche;ITI32
042032;Numana;F978;Ancona;AN;Marche;ITI32
042033;Offagna;G003;Ancona;AN;Marche;ITI32
042034;Osimo;G157;Ancona;AN;Marche;ITI32
042035;Ostra;F401;Ancona;AN;Marche;ITI32
042036;Ostra Vetere;F581;Ancona;AN;Marche;ITI32
042037;Poggio San Marcello;G771;Ancona;AN;Marche;ITI32
042038;Polverigi;G803;Ancona;AN;Marche;ITI32
042040;Rosora;H575;Ancona;AN;Marche;ITI32
042041;San Marcello;H979;Ancona;AN;Marche;ITI32
042042;San Paolo di Jesi;I071;Ancona;AN;Marche;ITI32
042043;Santa Maria Nuova;I251;Ancona;AN;Marche;ITI32
042044;Sassoferrato;I461;Ancona;AN;Marche;ITI32
042045;Senigallia;I608;Ancona;AN;Marche;ITI32
042046;Serra de' Conti;I643;Ancona;AN;Marche;ITI32
042047;Serra San Quirico;I653;Ancona;AN;Marche;ITI32
042048;Sirolo;I758;Ancona;AN;Marche;ITI32
042049;Staffolo;I932;Ancona;AN;Marche;ITI32
042050;Trecastelli;M318;Ancona;AN;Marche;ITI32
043002;Apiro;A329;Macerata;MC;Marche;ITI33
043003;Appignano;A334;Macerata;MC;Marche;ITI33
043004;Belforte del Chienti;A739;Macerata;MC;Marche;ITI33
043005;Bolognola;A947;Macerata;MC;Marche;ITI33
043006;Caldarola;B398;Macerata;MC;Marche;ITI33
043007;Camerino;B474;Macerata;MC;Marche;ITI33
043008;Camporotondo di Fiastrone;B562;Macerata;MC;Marche;ITI33
043009;Castelraimondo;C251;Macerata;MC;Marche;ITI33
043010;Castelsantangelo sul Nera;C267;Macerata;MC;Marche;ITI33
043011;Cessapalombo;C582;Macerata;MC;Marche;ITI33
043012;Cingoli;C704;Macerata;MC;Marche;ITI33
043013;Civitanova Marche;C770;Macerata;MC;Marche;ITI33
043014;Colmurano;C886;Macerata;MC;Marche;ITI33
043015;Corridonia;D042;Macerata;MC;Marche;ITI33
043016;Esanatoglia;D429;Macerata;MC;Marche;ITI33
043017;Fiastra;D564;Macerata;MC;Marche;ITI33
043019;Fiuminata;D628;Macerata;MC;Marche;ITI33
043020;Gagliole;D853;Macerata;MC;Marche;ITI33
043021;Gualdo;E228;Macerata;MC;Marche;ITI33
043022;Loro Piceno;E694;Macerata;MC;Marche;ITI33
043023;Macerata;E783;Macerata;MC;Marche;ITI33
043024;Matelica;F051;Macerata;MC;Marche;ITI33
043025;Mogliano;F268;Macerata;MC;Marche;ITI33
043026;Montecassiano;F454;Macerata;MC;Marche;ITI33
043027;Monte Cavallo;F460;Macerata;MC;Marche;ITI33
043028;Montecosaro;F482;Macerata;MC;Marche;ITI33
043029;Montefano;F496;Macerata;MC;Marche;ITI33
043030;Montelupone;F552;Macerata;MC;Marche;ITI33
043031;Monte San Giusto;F621;Macerata;MC;Marche;ITI33
043032;Monte San Martino;F622;Macerata;MC;Marche;ITI33
043033;Morrovalle;F749;Macerata;MC;Marche;ITI33
043034;Muccia;F793;Macerata;MC;Marche;ITI33
043035;Penna San Giovanni;G436;Macerata;MC;Marche;ITI33
043036;Petriolo;G515;Macerata;MC;Marche;ITI33
043038;Pieve Torina;G657;Macerata;MC;Marche;ITI33
043039;Pioraco;G690;Macerata;MC;Marche;ITI33
043040;Poggio San Vicino;D566;Macerata;MC;Marche;ITI33
043041;Pollenza;F567;Macerata;MC;Marche;ITI33
043042;Porto Recanati;G919;Macerata;MC;Marche;ITI33
043043;Potenza Picena;F632;Macerata;MC;Marche;ITI33
043044;Recanati;H211;Macerata;MC;Marche;ITI33
043045;Ripe San Ginesio;H323;Macerata;MC;Marche;ITI33
043046;San Ginesio;H876;Macerata;MC;Marche;ITI33
043047;San Severino Marche;I156;Macerata;MC;Marche;ITI33
043048;Sant'Angelo in Pontano;I286;Macerata;MC;Marche;ITI33
043049;Sarnano;I436;Macerata;MC;Marche;ITI33
043050;Sefro;I569;Macerata;MC;Marche;ITI33
043051;Serrapetrona;I651;Macerata;MC;Marche;ITI33
043052;Serravalle di Chienti;I661;Macerata;MC;Marche;ITI33
043053;Tolentino;L191;Macerata;MC;Marche;ITI33
043054;Treia;L366;Macerata;MC;Marche;ITI33
043055;Urbisaglia;L501;Macerata;MC;Marche;ITI33
043056;Ussita;L517;Macerata;MC;Marche;ITI33
043057;Visso;M078;Macerata;MC;Marche;ITI33
043058;Valfornace;M382;Macerata;MC;Marche;ITI33
044001;Acquasanta Terme;A044;Ascoli Piceno;AP;Marche;ITI34
044002;Acquaviva Picena;A047;Ascoli Piceno;AP;Marche;ITI34
044005;Appignano del Tronto;A335;Ascoli Piceno;AP;Marche;ITI34
044006;Arquata del Tronto;A437;Ascoli Piceno;AP;Marche;ITI34
044007;Ascoli Piceno;A462;Ascoli Piceno;AP;Marche;ITI34
044010;Carassai;B727;Ascoli Piceno;AP;Marche;ITI34
044011;Castel di Lama;C093;Ascoli Piceno;AP;Marche;ITI34
044012;Castignano;C321;Ascoli Piceno;AP;Marche;ITI34
044013;Castorano;C331;Ascoli Piceno;AP;Marche;ITI34
044014;Colli del Tronto;C877;Ascoli Piceno;AP;Marche;ITI34
044015;Comunanza;C935;Ascoli Piceno;AP;Marche;ITI34
044016;Cossignano;D096;Ascoli Piceno;AP;Marche;ITI34
044017;Cupra Marittima;D210;Ascoli Piceno;AP;Marche;ITI34
044020;Folignano;D652;Ascoli Piceno;AP;Marche;ITI34
044021;Force;D691;Ascoli Piceno;AP;Marche;ITI34
044023;Grottammare;E207;Ascoli Piceno;AP;Marche;ITI34
044027;Maltignano;E868;Ascoli Piceno;AP;Marche;ITI34
044029;Massignano;F044;Ascoli Piceno;AP;Marche;ITI34
044031;Monsampolo del Tronto;F380;Ascoli Piceno;AP;Marche;ITI34
044032;Montalto delle Marche;F415;Ascoli Piceno;AP;Marche;ITI34
044034;Montedinove;F487;Ascoli Piceno;AP;Marche;ITI34
044036;Montefiore dell'Aso;F501;Ascoli Piceno;AP;Marche;ITI34
044038;Montegallo;F516;Ascoli Piceno;AP;Marche;ITI34
044044;Montemonaco;F570;Ascoli Piceno;AP;Marche;ITI34
044045;Monteprandone;F591;Ascoli Piceno;AP;Marche;ITI34
044054;Offida;G005;Ascoli Piceno;AP;Marche;ITI34
044056;Palmiano;G289;Ascoli Piceno;AP;Marche;ITI34
044063;Ripatransone;H321;Ascoli Piceno;AP;Marche;ITI34
044064;Roccafluvione;H390;Ascoli Piceno;AP;Marche;ITI34
044065;Rotella;H588;Ascoli Piceno;AP;Marche;ITI34
044066;San Benedetto del Tronto;H769;Ascoli Piceno;AP;Marche;ITI34
044071;Spinetoli;I912;Ascoli Piceno;AP;Marche;ITI34
044073;Venarotta;L728;Ascoli Piceno;AP;Marche;ITI34
045001;Aulla;A496;Massa-Carrara;MS;Toscana;ITI11
045002;Bagnone;A576;Massa-Carrara;MS;Toscana;ITI11
045003;Carrara;B832;Massa-Carrara;MS;Toscana;ITI11
045004;Casola in Lunigiana;B979;Massa-Carrara;MS;Toscana;ITI11
045005;Comano;C914;Massa-Carrara;MS;Toscana;ITI11
045006;Filattiera;D590;Massa-Carrara;MS;Toscana;ITI11
045007;Fivizzano;D629;Massa-Carrara;MS;Toscana;ITI11
045008;Fosdinovo;D735;Massa-Carrara;MS;Toscana;ITI11
045009;Licciana Nardi;E574;Massa-Carrara;MS;Toscana;ITI11
045010;Massa;F023;Massa-Carrara;MS;Toscana;ITI11
045011;Montignoso;F679;Massa-Carrara;MS;Toscana;ITI11
045012;Mulazzo;F802;Massa-Carrara;MS;Toscana;ITI11
045013;Podenzana;G746;Massa-Carrara;MS;Toscana;ITI11
045014;Pontremoli;G870;Massa-Carrara;MS;Toscana;ITI11
045015;Tresana;L386;Massa-Carrara;MS;Toscana;ITI11
045016;Villafranca in Lunigiana;L946;Massa-Carrara;MS;Toscana;ITI11
045017;Zeri;M169;Massa-Carrara;MS;Toscana;ITI11
046001;Altopascio;A241;Lucca;LU;Toscana;ITI12
046002;Bagni di Lucca;A560;Lucca;LU;Toscana;ITI12
046003;Barga;A657;Lucca;LU;Toscana;ITI12
046004;Borgo a Mozzano;B007;Lucca;LU;Toscana;ITI12
046005;Camaiore;B455;Lucca;LU;Toscana;ITI12
046006;Camporgiano;B557;Lucca;LU;Toscana;ITI12
046007;Capannori;B648;Lucca;LU;Toscana;ITI12
046008;Careggine;B760;Lucca;LU;Toscana;ITI12
046009;Castelnuovo di Garfagnana;C236;Lucca;LU;Toscana;ITI12
046010;Castiglione di Garfagnana;C303;Lucca;LU;Toscana;ITI12
046011;Coreglia Antelminelli;C996;Lucca;LU;Toscana;ITI12
046013;Forte dei Marmi;D730;Lucca;LU;Toscana;ITI12
046014;Fosciandora;D734;Lucca;LU;Toscana;ITI12
046015;Gallicano;D874;Lucca;LU;Toscana;ITI12
046017;Lucca;E715;Lucca;LU;Toscana;ITI12
046018;Massarosa;F035;Lucca;LU;Toscana;ITI12
046019;Minucciano;F225;Lucca;LU;Toscana;ITI12
046020;Molazzana;F283;Lucca;LU;Toscana;ITI12
046021;Montecarlo;F452;Lucca;LU;Toscana;ITI12
046022;Pescaglia;G480;Lucca;LU;Toscana;ITI12
046023;Piazza al Serchio;G582;Lucca;LU;Toscana;ITI12
046024;Pietrasanta;G628;Lucca;LU;Toscana;ITI12
046025;Pieve Fosciana;G648;Lucca;LU;Toscana;ITI12
046026;Porcari;G882;Lucca;LU;Toscana;ITI12
046027;San Romano in Garfagnana;I142;Lucca;LU;Toscana;ITI12
046028;Seravezza;I622;Lucca;LU;Toscana;ITI12
046030;Stazzema;I942;Lucca;LU;Toscana;ITI12
046031;Vagli Sotto;L533;Lucca;LU;Toscana;ITI12
046033;Viareggio;L833;Lucca;LU;Toscana;ITI12
046034;Villa Basilica;L913;Lucca;LU;Toscana;ITI12
046035;Villa Collemandina;L926;Lucca;LU;Toscana;ITI12
046036;Fabbriche di Vergemoli;M319;Lucca;LU;Toscana;ITI12
046037;Sillano Giuncugnano;M347;Lucca;LU;Toscana;ITI12
047002;Agliana;A071;Pistoia;PT;Toscana;ITI13
047003;Buggiano;B251;Pistoia;PT;Toscana;ITI13
047005;Lamporecchio;E432;Pistoia;PT;Toscana;ITI13
047006;Larciano;E451;Pistoia;PT;Toscana;ITI13
047007;Marliana;E960;Pistoia;PT;Toscana;ITI13
047008;Massa e Cozzile;F025;Pistoia;PT;Toscana;ITI13
047009;Monsummano Terme;F384;Pistoia;PT;Toscana;ITI13
047010;Montale;F410;Pistoia;PT;Toscana;ITI13
047011;Montecatini-Terme;A561;Pistoia;PT;Toscana;ITI13
047012;Pescia;G491;Pistoia;PT;Toscana;ITI13
047013;Pieve a Nievole;G636;Pistoia;PT;Toscana;ITI13
047014;Pistoia;G713;Pistoia;PT;Toscana;ITI13
047016;Ponte Buggianese;G833;Pistoia;PT;Toscana;ITI13
047017;Quarrata;H109;Pistoia;PT;Toscana;ITI13
047018;Sambuca Pistoiese;H744;Pistoia;PT;Toscana;ITI13
047020;Serravalle Pistoiese;I660;Pistoia;PT;Toscana;ITI13
047021;Uzzano;L522;Pistoia;PT;Toscana;ITI13
047022;Chiesina Uzzanese;C631;Pistoia;PT;Toscana;ITI13
047023;Abetone Cutigliano;M376;Pistoia;PT;Toscana;ITI13
047024;San Marcello Piteglio;M377;Pistoia;PT;Toscana;ITI13
048001;Bagno a Ripoli;A564;Firenze;FI;Toscana;ITI14
048002;Barberino di Mugello;A632;Firenze;FI;Toscana;ITI14
048004;Borgo San Lorenzo;B036;Firenze;FI;Toscana;ITI14
048005;Calenzano;B406;Firenze;FI;Toscana;ITI14
048006;Campi Bisenzio;B507;Firenze;FI;Toscana;ITI14
048008;Capraia e Limite;B684;Firenze;FI;Toscana;ITI14
048010;Castelfiorentino;C101;Firenze;FI;Toscana;ITI14
048011;Cerreto Guidi;C529;Firenze;FI;Toscana;ITI14
048012;Certaldo;C540;Firenze;FI;Toscana;ITI14
048013;Dicomano;D299;Firenze;FI;Toscana;ITI14
048014;Empoli;D403;Firenze;FI;Toscana;ITI14
048015;Fiesole;D575;Firenze;FI;Toscana;ITI14
048017;Firenze;D612;Firenze;FI;Toscana;ITI14
048018;Firenzuola;D613;Firenze;FI;Toscana;ITI14
048019;Fucecchio;D815;Firenze;FI;Toscana;ITI14
048020;Gambassi Terme;D895;Firenze;FI;Toscana;ITI14
048021;Greve in Chianti;E169;Firenze;FI;Toscana;ITI14
048022;Impruneta;E291;Firenze;FI;Toscana;ITI14
048024;Lastra a Signa;E466;Firenze;FI;Toscana;ITI14
048025;Londa;E668;Firenze;FI;Toscana;ITI14
048026;Marradi;E971;Firenze;FI;Toscana;ITI14
048027;Montaione;F398;Firenze;FI;Toscana;ITI14
048028;Montelupo Fiorentino;F551;Firenze;FI;Toscana;ITI14
048030;Montespertoli;F648;Firenze;FI;Toscana;ITI14
048031;Palazzuolo sul Senio;G270;Firenze;FI;Toscana;ITI14
048032;Pelago;G420;Firenze;FI;Toscana;ITI14
048033;Pontassieve;G825;Firenze;FI;Toscana;ITI14
048035;Reggello;H222;Firenze;FI;Toscana;ITI14
048036;Rignano sull'Arno;H286;Firenze;FI;Toscana;ITI14
048037;Rufina;H635;Firenze;FI;Toscana;ITI14
048038;San Casciano in Val di Pesa;H791;Firenze;FI;Toscana;ITI14
048039;San Godenzo;H937;Firenze;FI;Toscana;ITI14
048041;Scandicci;B962;Firenze;FI;Toscana;ITI14
048043;Sesto Fiorentino;I684;Firenze;FI;Toscana;ITI14
048044;Signa;I728;Firenze;FI;Toscana;ITI14
048046;Vaglia;L529;Firenze;FI;Toscana;ITI14
048049;Vicchio;L838;Firenze;FI;Toscana;ITI14
048050;Vinci;M059;Firenze;FI;Toscana;ITI14
048052;Figline e Incisa Valdarno;M321;Firenze;FI;Toscana;ITI14
048053;Scarperia e San Piero;M326;Firenze;FI;Toscana;ITI14
048054;Barberino Tavarnelle;M408;Firenze;FI;Toscana;ITI14
049001;Bibbona;A852;Livorno;LI;Toscana;ITI16
049002;Campiglia Marittima;B509;Livorno;LI;Toscana;ITI16
049003;Campo nell'Elba;B553;Livorno;LI;Toscana;ITI16
049004;Capoliveri;B669;Livorno;LI;Toscana;ITI16
049005;Capraia Isola;B685;Livorno;LI;Toscana;ITI16
049006;Castagneto Carducci;C044;Livorno;LI;Toscana;ITI16
049007;Cecina;C415;Livorno;LI;Toscana;ITI16
049008;Collesalvetti;C869;Livorno;LI;Toscana;ITI16
049009;Livorno;E625;Livorno;LI;Toscana;ITI16
049010;Marciana;E930;Livorno;LI;Toscana;ITI16
049011;Marciana Marina;E931;Livorno;LI;Toscana;ITI16
049012;Piombino;G687;Livorno;LI;Toscana;ITI16
049013;Porto Azzurro;E680;Livorno;LI;Toscana;ITI16
049014;Portoferraio;G912;Livorno;LI;Toscana;ITI16
049017;Rosignano Marittimo;H570;Livorno;LI;Toscana;ITI16
049018;San Vincenzo;I390;Livorno;LI;Toscana;ITI16
049019;Sassetta;I454;Livorno;LI;Toscana;ITI16
049020;Suvereto;L019;Livorno;LI;Toscana;ITI16
049021;Rio;M391;Livorno;LI;Toscana;ITI16
050001;Bientina;A864;Pisa;PI;Toscana;ITI17
050002;Buti;B303;Pisa;PI;Toscana;ITI17
050003;Calci;B390;Pisa;PI;Toscana;ITI17
050004;Calcinaia;B392;Pisa;PI;Toscana;ITI17
050005;Capannoli;B647;Pisa;PI;Toscana;ITI17
050006;Casale Marittimo;B878;Pisa;PI;Toscana;ITI17
050008;Cascina;B950;Pisa;PI;Toscana;ITI17
050009;Castelfranco di Sotto;C113;Pisa;PI;Toscana;ITI17
050010;Castellina Marittima;C174;Pisa;PI;Toscana;ITI17
050011;Castelnuovo di Val di Cecina;C244;Pisa;PI;Toscana;ITI17
050012;Chianni;C609;Pisa;PI;Toscana;ITI17
050014;Fauglia;D510;Pisa;PI;Toscana;ITI17
050015;Guardistallo;E250;Pisa;PI;Toscana;ITI17
050016;Lajatico;E413;Pisa;PI;Toscana;ITI17
050019;Montecatini Val di Cecina;F458;Pisa;PI;Toscana;ITI17
050020;Montescudaio;F640;Pisa;PI;Toscana;ITI17
050021;Monteverdi Marittimo;F661;Pisa;PI;Toscana;ITI17
050022;Montopoli in Val d'Arno;F686;Pisa;PI;Toscana;ITI17
050023;Orciano Pisano;G090;Pisa;PI;Toscana;ITI17
050024;Palaia;G254;Pisa;PI;Toscana;ITI17
050025;Peccioli;G395;Pisa;PI;Toscana;ITI17
050026;Pisa;G702;Pisa;PI;Toscana;ITI17
050027;Pomarance;G804;Pisa;PI;Toscana;ITI17
050028;Ponsacco;G822;Pisa;PI;Toscana;ITI17
050029;Pontedera;G843;Pisa;PI;Toscana;ITI17
050030;Riparbella;H319;Pisa;PI;Toscana;ITI17
050031;San Giuliano Terme;A562;Pisa;PI;Toscana;ITI17
050032;San Miniato;I046;Pisa;PI;Toscana;ITI17
050033;Santa Croce sull'Arno;I177;Pisa;PI;Toscana;ITI17
050034;Santa Luce;I217;Pisa;PI;Toscana;ITI17
050035;Santa Maria a Monte;I232;Pisa;PI;Toscana;ITI17
050036;Terricciola;L138;Pisa;PI;Toscana;ITI17
050037;Vecchiano;L702;Pisa;PI;Toscana;ITI17
050038;Vicopisano;L850;Pisa;PI;Toscana;ITI17
050039;Volterra;M126;Pisa;PI;Toscana;ITI17
050040;Casciana Terme Lari;M327;Pisa;PI;Toscana;ITI17
050041;Crespina Lorenzana;M328;Pisa;PI;Toscana;ITI17
051001;Anghiari;A291;Arezzo;AR;Toscana;ITI18
051002;Arezzo;A390;Arezzo;AR;Toscana;ITI18
051003;Badia Tedalda;A541;Arezzo;AR;Toscana;ITI18
051004;Bibbiena;A851;Arezzo;AR;Toscana;ITI18
051005;Bucine;B243;Arezzo;AR;Toscana;ITI18
051006;Capolona;B670;Arezzo;AR;Toscana;ITI18
051007;Caprese Michelangelo;B693;Arezzo;AR;Toscana;ITI18
051008;Castel Focognano;C102;Arezzo;AR;Toscana;ITI18
051010;Castel San Niccolò;C263;Arezzo;AR;Toscana;ITI18
051011;Castiglion Fibocchi;C318;Arezzo;AR;Toscana;ITI18
051012;Castiglion Fiorentino;C319;Arezzo;AR;Toscana;ITI18
051013;Cavriglia;C407;Arezzo;AR;Toscana;ITI18
051014;Chitignano;C648;Arezzo;AR;Toscana;ITI18
051015;Chiusi della Verna;C663;Arezzo;AR;Toscana;ITI18
051016;Civitella in Val di Chiana;C774;Arezzo;AR;Toscana;ITI18
051017;Cortona;D077;Arezzo;AR;Toscana;ITI18
051018;Foiano della Chiana;D649;Arezzo;AR;Toscana;ITI18
051020;Loro Ciuffenna;E693;Arezzo;AR;Toscana;ITI18
051021;Lucignano;E718;Arezzo;AR;Toscana;ITI18
051022;Marciano della Chiana;E933;Arezzo;AR;Toscana;ITI18
051023;Montemignaio;F565;Arezzo;AR;Toscana;ITI18
051024;Monterchi;F594;Arezzo;AR;Toscana;ITI18
051025;Monte San Savino;F628;Arezzo;AR;Toscana;ITI18
051026;Montevarchi;F656;Arezzo;AR;Toscana;ITI18
051027;Ortignano Raggiolo;G139;Arezzo;AR;Toscana;ITI18
051030;Pieve Santo Stefano;G653;Arezzo;AR;Toscana;ITI18
051031;Poppi;G879;Arezzo;AR;Toscana;ITI18
051033;San Giovanni Valdarno;H901;Arezzo;AR;Toscana;ITI18
051034;Sansepolcro;I155;Arezzo;AR;Toscana;ITI18
051035;Sestino;I681;Arezzo;AR;Toscana;ITI18
051037;Subbiano;I991;Arezzo;AR;Toscana;ITI18
051038;Talla;L038;Arezzo;AR;Toscana;ITI18
051039;Terranuova Bracciolini;L123;Arezzo;AR;Toscana;ITI18
051040;Castelfranco Piandiscò;M322;Arezzo;AR;Toscana;ITI18
051041;Pratovecchio Stia;M329;Arezzo;AR;Toscana;ITI18
051042;Laterina Pergine Valdarno;M392;Arezzo;AR;Toscana;ITI18
052001;Abbadia San Salvatore;A006;Siena;SI;Toscana;ITI19
052002;Asciano;A461;Siena;SI;Toscana;ITI19
052003;Buonconvento;B269;Siena;SI;Toscana;ITI19
052004;Casole d'Elsa;B984;Siena;SI;Toscana;ITI19
052005;Castellina in Chianti;C172;Siena;SI;Toscana;ITI19
052006;Castelnuovo Berardenga;C227;Siena;SI;Toscana;ITI19
052007;Castiglione d'Orcia;C313;Siena;SI;Toscana;ITI19
052008;Cetona;C587;Siena;SI;Toscana;ITI19
052009;Chianciano Terme;C608;Siena;SI;Toscana;ITI19
052010;Chiusdino;C661;Siena;SI;Toscana;ITI19
052011;Chiusi;C662;Siena;SI;Toscana;ITI19
052012;Colle di Val d'Elsa;C847;Siena;SI;Toscana;ITI19
052013;Gaiole in Chianti;D858;Siena;SI;Toscana;ITI19
052015;Montepulciano;F592;Siena;SI;Toscana;ITI19
052016;Monteriggioni;F598;Siena;SI;Toscana;ITI19
052017;Monteroni d'Arbia;F605;Siena;SI;Toscana;ITI19
052018;Monticiano;F676;Siena;SI;Toscana;ITI19
052019;Murlo;F815;Siena;SI;Toscana;ITI19
052020;Piancastagnaio;G547;Siena;SI;Toscana;ITI19
052021;Pienza;G602;Siena;SI;Toscana;ITI19
052022;Poggibonsi;G752;Siena;SI;Toscana;ITI19
052023;Radda in Chianti;H153;Siena;SI;Toscana;ITI19
052024;Radicofani;H156;Siena;SI;Toscana;ITI19
052025;Radicondoli;H157;Siena;SI;Toscana;ITI19
052026;Rapolano Terme;H185;Siena;SI;Toscana;ITI19
052027;San Casciano dei Bagni;H790;Siena;SI;Toscana;ITI19
052028;San Gimignano;H875;Siena;SI;Toscana;ITI19
052030;San Quirico d'Orcia;I135;Siena;SI;Toscana;ITI19
052031;Sarteano;I445;Siena;SI;Toscana;ITI19
052032;Siena;I726;Siena;SI;Toscana;ITI19
052033;Sinalunga;A468;Siena;SI;Toscana;ITI19
052034;Sovicille;I877;Siena;SI;Toscana;ITI19
052035;Torrita di Siena;L303;Siena;SI;Toscana;ITI19
052036;Trequanda;L384;Siena;SI;Toscana;ITI19
052037;Montalcino;M378;Siena;SI;Toscana;ITI19
053001;Arcidosso;A369;Grosseto;GR;Toscana;ITI1A
053002;Campagnatico;B497;Grosseto;GR;Toscana;ITI1A
053003;Capalbio;B646;Grosseto;GR;Toscana;ITI1A
053004;Castel del Piano;C085;Grosseto;GR;Toscana;ITI1A
053005;Castell'Azzara;C147;Grosseto;GR;Toscana;ITI1A
053006;Castiglione della Pescaia;C310;Grosseto;GR;Toscana;ITI1A
053007;Cinigiano;C705;Grosseto;GR;Toscana;ITI1A
053008;Civitella Paganico;C782;Grosseto;GR;Toscana;ITI1A
053009;Follonica;D656;Grosseto;GR;Toscana;ITI1A
053010;Gavorrano;D948;Grosseto;GR;Toscana;ITI1A
053011;Grosseto;E202;Grosseto;GR;Toscana;ITI1A
053012;Isola del Giglio;E348;Grosseto;GR;Toscana;ITI1A
053013;Magliano in Toscana;E810;Grosseto;GR;Toscana;ITI1A
053014;Manciano;E875;Grosseto;GR;Toscana;ITI1A
053015;Massa Marittima;F032;Grosseto;GR;Toscana;ITI1A
053016;Monte Argentario;F437;Grosseto;GR;Toscana;ITI1A
053017;Montieri;F677;Grosseto;GR;Toscana;ITI1A
053018;Orbetello;G088;Grosseto;GR;Toscana;ITI1A
053019;Pitigliano;G716;Grosseto;GR;Toscana;ITI1A
053020;Roccalbegna;H417;Grosseto;GR;Toscana;ITI1A
053021;Roccastrada;H449;Grosseto;GR;Toscana;ITI1A
053022;Santa Fiora;I187;Grosseto;GR;Toscana;ITI1A
053023;Scansano;I504;Grosseto;GR;Toscana;ITI1A
053024;Scarlino;I510;Grosseto;GR;Toscana;ITI1A
053025;Seggiano;I571;Grosseto;GR;Toscana;ITI1A
053026;Sorano;I841;Grosseto;GR;Toscana;ITI1A
053027;Monterotondo Marittimo;F612;Grosseto;GR;Toscana;ITI1A
053028;Semproniano;I601;Grosseto;GR;Toscana;ITI1A
054001;Assisi;A475;Perugia;PG;Umbria;ITI21
054002;Bastia Umbra;A710;Perugia;PG;Umbria;ITI21
054003;Bettona;A832;Perugia;PG;Umbria;ITI21
054004;Bevagna;A835;Perugia;PG;Umbria;ITI21
054005;Campello sul Clitunno;B504;Perugia;PG;Umbria;ITI21
054006;Cannara;B609;Perugia;PG;Umbria;ITI21
054007;Cascia;B948;Perugia;PG;Umbria;ITI21
054008;Castel Ritaldi;C252;Perugia;PG;Umbria;ITI21
054009;Castiglione del Lago;C309;Perugia;PG;Umbria;ITI21
054010;Cerreto di Spoleto;C527;Perugia;PG;Umbria;ITI21
054011;Citerna;C742;Perugia;PG;Umbria;ITI21
054012;Città della Pieve;C744;Perugia;PG;Umbria;ITI21
054013;Città di Castello;C745;Perugia;PG;Umbria;ITI21
054014;Collazzone;C845;Perugia;PG;Umbria;ITI21
054015;Corciano;C990;Perugia;PG;Umbria;ITI21
054016;Costacciaro;D108;Perugia;PG;Umbria;ITI21
054017;Deruta;D279;Perugia;PG;Umbria;ITI21
054018;Foligno;D653;Perugia;PG;Umbria;ITI21
054019;Fossato di Vico;D745;Perugia;PG;Umbria;ITI21
054020;Fratta Todina;D787;Perugia;PG;Umbria;ITI21
054021;Giano dell'Umbria;E012;Perugia;PG;Umbria;ITI21
054022;Gualdo Cattaneo;E229;Perugia;PG;Umbria;ITI21
054023;Gualdo Tadino;E230;Perugia;PG;Umbria;ITI21
054024;Gubbio;E256;Perugia;PG;Umbria;ITI21
054025;Lisciano Niccone;E613;Perugia;PG;Umbria;ITI21
054026;Magione;E805;Perugia;PG;Umbria;ITI21
054027;Marsciano;E975;Perugia;PG;Umbria;ITI21
054028;Massa Martana;F024;Perugia;PG;Umbria;ITI21
054029;Monte Castello di Vibio;F456;Perugia;PG;Umbria;ITI21
054030;Montefalco;F492;Perugia;PG;Umbria;ITI21
054031;Monteleone di Spoleto;F540;Perugia;PG;Umbria;ITI21
054032;Monte Santa Maria Tiberina;F629;Perugia;PG;Umbria;ITI21
054033;Montone;F685;Perugia;PG;Umbria;ITI21
054034;Nocera Umbra;F911;Perugia;PG;Umbria;ITI21
054035;Norcia;F935;Perugia;PG;Umbria;ITI21
054036;Paciano;G212;Perugia;PG;Umbria;ITI21
054037;Panicale;G308;Perugia;PG;Umbria;ITI21
054038;Passignano sul Trasimeno;G359;Perugia;PG;Umbria;ITI21
054039;Perugia;G478;Perugia;PG;Umbria;ITI21
054040;Piegaro;G601;Perugia;PG;Umbria;ITI21
054041;Pietralunga;G618;Perugia;PG;Umbria;ITI21
054042;Poggiodomo;G758;Perugia;PG;Umbria;ITI21
054043;Preci;H015;Perugia;PG;Umbria;ITI21
054044;San Giustino;H935;Perugia;PG;Umbria;ITI21
054045;Sant'Anatolia di Narco;I263;Perugia;PG;Umbria;ITI21
054046;Scheggia e Pascelupo;I522;Perugia;PG;Umbria;ITI21
054047;Scheggino;I523;Perugia;PG;Umbria;ITI21
054048;Sellano;I585;Perugia;PG;Umbria;ITI21
054049;Sigillo;I727;Perugia;PG;Umbria;ITI21
054050;Spello;I888;Perugia;PG;Umbria;ITI21
054051;Spoleto;I921;Perugia;PG;Umbria;ITI21
054052;Todi;L188;Perugia;PG;Umbria;ITI21
054053;Torgiano;L216;Perugia;PG;Umbria;ITI21
054054;Trevi;L397;Perugia;PG;Umbria;ITI21
054055;Tuoro sul Trasimeno;L466;Perugia;PG;Umbria;ITI21
054056;Umbertide;D786;Perugia;PG;Umbria;ITI21
054057;Valfabbrica;L573;Perugia;PG;Umbria;ITI21
054058;Vallo di Nera;L627;Perugia;PG;Umbria;ITI21
054059;Valtopina;L653;Perugia;PG;Umbria;ITI21
055001;Acquasparta;A045;Terni;TR;Umbria;ITI22
055002;Allerona;A207;Terni;TR;Umbria;ITI22
055003;Alviano;A242;Terni;TR;Umbria;ITI22
055004;Amelia;A262;Terni;TR;Umbria;ITI22
055005;Arrone;A439;Terni;TR;Umbria;ITI22
055006;Attigliano;A490;Terni;TR;Umbria;ITI22
055007;Baschi;A691;Terni;TR;Umbria;ITI22
055008;Calvi dell'Umbria;B446;Terni;TR;Umbria;ITI22
055009;Castel Giorgio;C117;Terni;TR;Umbria;ITI22
055010;Castel Viscardo;C289;Terni;TR;Umbria;ITI22
055011;Fabro;D454;Terni;TR;Umbria;ITI22
055012;Ferentillo;D538;Terni;TR;Umbria;ITI22
055013;Ficulle;D570;Terni;TR;Umbria;ITI22
055014;Giove;E045;Terni;TR;Umbria;ITI22
055015;Guardea;E241;Terni;TR;Umbria;ITI22
055016;Lugnano in Teverina;E729;Terni;TR;Umbria;ITI22
055017;Montecastrilli;F457;Terni;TR;Umbria;ITI22
055018;Montecchio;F462;Terni;TR;Umbria;ITI22
055019;Montefranco;F510;Terni;TR;Umbria;ITI22
055020;Montegabbione;F513;Terni;TR;Umbria;ITI22
055021;Monteleone d'Orvieto;F543;Terni;TR;Umbria;ITI22
055022;Narni;F844;Terni;TR;Umbria;ITI22
055023;Orvieto;G148;Terni;TR;Umbria;ITI22
055024;Otricoli;G189;Terni;TR;Umbria;ITI22
055025;Parrano;G344;Terni;TR;Umbria;ITI22
055026;Penna in Teverina;G432;Terni;TR;Umbria;ITI22
055027;Polino;G790;Terni;TR;Umbria;ITI22
055028;Porano;G881;Terni;TR;Umbria;ITI22
055029;San Gemini;H857;Terni;TR;Umbria;ITI22
055030;San Venanzo;I381;Terni;TR;Umbria;ITI22
055031;Stroncone;I981;Terni;TR;Umbria;ITI22
055032;Terni;L117;Terni;TR;Umbria;ITI22
055033;Avigliano Umbro;M258;Terni;TR;Umbria;ITI22
056001;Acquapendente;A040;Viterbo;VT;Lazio;ITI41
056002;Arlena di Castro;A412;Viterbo;VT;Lazio;ITI41
056003;Bagnoregio;A577;Viterbo;VT;Lazio;ITI41
056004;Barbarano Romano;A628;Viterbo;VT;Lazio;ITI41
056005;Bassano Romano;A704;Viterbo;VT;Lazio;ITI41
056006;Bassano in Teverina;A706;Viterbo;VT;Lazio;ITI41
056007;Blera;A857;Viterbo;VT;Lazio;ITI41
056008;Bolsena;A949;Viterbo;VT;Lazio;ITI41
056009;Bomarzo;A955;Viterbo;VT;Lazio;ITI41
056010;Calcata;B388;Viterbo;VT;Lazio;ITI41
056011;Canepina;B597;Viterbo;VT;Lazio;ITI41
056012;Canino;B604;Viterbo;VT;Lazio;ITI41
056013;Capodimonte;B663;Viterbo;VT;Lazio;ITI41
056014;Capranica;B688;Viterbo;VT;Lazio;ITI41
056015;Caprarola;B691;Viterbo;VT;Lazio;ITI41
056016;Carbognano;B735;Viterbo;VT;Lazio;ITI41
056017;Castel Sant'Elia;C269;Viterbo;VT;Lazio;ITI41
056018;Castiglione in Teverina;C315;Viterbo;VT;Lazio;ITI41
056019;Celleno;C446;Viterbo;VT;Lazio;ITI41
056020;Cellere;C447;Viterbo;VT;Lazio;ITI41
056021;Civita Castellana;C765;Viterbo;VT;Lazio;ITI41
056022;Civitella d'Agliano;C780;Viterbo;VT;Lazio;ITI41
056023;Corchiano;C988;Viterbo;VT;Lazio;ITI41
056024;Fabrica di Roma;D452;Viterbo;VT;Lazio;ITI41
056025;Faleria;D475;Viterbo;VT;Lazio;ITI41
056026;Farnese;D503;Viterbo;VT;Lazio;ITI41
056027;Gallese;D870;Viterbo;VT;Lazio;ITI41
056028;Gradoli;E126;Viterbo;VT;Lazio;ITI41
056029;Graffignano;E128;Viterbo;VT;Lazio;ITI41
056030;Grotte di Castro;E210;Viterbo;VT;Lazio;ITI41
056031;Ischia di Castro;E330;Viterbo;VT;Lazio;ITI41
056032;Latera;E467;Viterbo;VT;Lazio;ITI41
056033;Lubriano;E713;Viterbo;VT;Lazio;ITI41
056034;Marta;E978;Viterbo;VT;Lazio;ITI41
056035;Montalto di Castro;F419;Viterbo;VT;Lazio;ITI41
056036;Montefiascone;F499;Viterbo;VT;Lazio;ITI41
056037;Monte Romano;F603;Viterbo;VT;Lazio;ITI41
056038;Monterosi;F606;Viterbo;VT;Lazio;ITI41
056039;Nepi;F868;Viterbo;VT;Lazio;ITI41
056040;Onano;G065;Viterbo;VT;Lazio;ITI41
056041;Oriolo Romano;G111;Viterbo;VT;Lazio;ITI41
056042;Orte;G135;Viterbo;VT;Lazio;ITI41
056043;Piansano;G571;Viterbo;VT;Lazio;ITI41
056044;Proceno;H071;Viterbo;VT;Lazio;ITI41
056045;Ronciglione;H534;Viterbo;VT;Lazio;ITI41
056046;Villa San Giovanni in Tuscia;H913;Viterbo;VT;Lazio;ITI41
056047;San Lorenzo Nuovo;H969;Viterbo;VT;Lazio;ITI41
056048;Soriano nel Cimino;I855;Viterbo;VT;Lazio;ITI41
056049;Sutri;L017;Viterbo;VT;Lazio;ITI41
056050;Tarquinia;D024;Viterbo;VT;Lazio;ITI41
056051;Tessennano;L150;Viterbo;VT;Lazio;ITI41
056052;Tuscania;L310;Viterbo;VT;Lazio;ITI41
056053;Valentano;L569;Viterbo;VT;Lazio;ITI41
056054;Vallerano;L612;Viterbo;VT;Lazio;ITI41
056055;Vasanello;A701;Viterbo;VT;Lazio;ITI41
056056;Vejano;L713;Viterbo;VT;Lazio;ITI41
056057;Vetralla;L814;Viterbo;VT;Lazio;ITI41
056058;Vignanello;L882;Viterbo;VT;Lazio;ITI41
056059;Viterbo;M082;Viterbo;VT;Lazio;ITI41
056060;Vitorchiano;M086;Viterbo;VT;Lazio;ITI41
057001;Accumoli;A019;Rieti;RI;Lazio;ITI42
057002;Amatrice;A258;Rieti;RI;Lazio;ITI42
057003;Antrodoco;A315;Rieti;RI;Lazio;ITI42
057004;Ascrea;A464;Rieti;RI;Lazio;ITI42
057005;Belmonte in Sabina;A765;Rieti;RI;Lazio;ITI42
057006;Borbona;A981;Rieti;RI;Lazio;ITI42
057007;Borgorose;B008;Rieti;RI;Lazio;ITI42
057008;Borgo Velino;A996;Rieti;RI;Lazio;ITI42
057009;Cantalice;B627;Rieti;RI;Lazio;ITI42
057010;Cantalupo in Sabina;B631;Rieti;RI;Lazio;ITI42
057011;Casaprota;B934;Rieti;RI;Lazio;ITI42
057012;Casperia;A472;Rieti;RI;Lazio;ITI42
057013;Castel di Tora;C098;Rieti;RI;Lazio;ITI42
057014;Castelnuovo di Farfa;C224;Rieti;RI;Lazio;ITI42
057015;Castel Sant'Angelo;C268;Rieti;RI;Lazio;ITI42
057016;Cittaducale;C746;Rieti;RI;Lazio;ITI42
057017;Cittareale;C749;Rieti;RI;Lazio;ITI42
057018;Collalto Sabino;C841;Rieti;RI;Lazio;ITI42
057019;Colle di Tora;C857;Rieti;RI;Lazio;ITI42
057020;Collegiove;C859;Rieti;RI;Lazio;ITI42
057021;Collevecchio;C876;Rieti;RI;Lazio;ITI42
057022;Colli sul Velino;C880;Rieti;RI;Lazio;ITI42
057023;Concerviano;C946;Rieti;RI;Lazio;ITI42
057024;Configni;C959;Rieti;RI;Lazio;ITI42
057025;Contigliano;C969;Rieti;RI;Lazio;ITI42
057026;Cottanello;D124;Rieti;RI;Lazio;ITI42
057027;Fara in Sabina;D493;Rieti;RI;Lazio;ITI42
057028;Fiamignano;D560;Rieti;RI;Lazio;ITI42
057029;Forano;D689;Rieti;RI;Lazio;ITI42
057030;Frasso Sabino;D785;Rieti;RI;Lazio;ITI42
057031;Greccio;E160;Rieti;RI;Lazio;ITI42
057032;Labro;E393;Rieti;RI;Lazio;ITI42
057033;Leonessa;E535;Rieti;RI;Lazio;ITI42
057034;Longone Sabino;E681;Rieti;RI;Lazio;ITI42
057035;Magliano Sabina;E812;Rieti;RI;Lazio;ITI42
057036;Marcetelli;E927;Rieti;RI;Lazio;ITI42
057037;Micigliano;F193;Rieti;RI;Lazio;ITI42
057038;Mompeo;F319;Rieti;RI;Lazio;ITI42
057039;Montasola;F430;Rieti;RI;Lazio;ITI42
057040;Montebuono;F446;Rieti;RI;Lazio;ITI42
057041;Monteleone Sabino;F541;Rieti;RI;Lazio;ITI42
057042;Montenero Sabino;F579;Rieti;RI;Lazio;ITI42
057043;Monte San Giovanni in Sabina;F619;Rieti;RI;Lazio;ITI42
057044;Montopoli di Sabina;F687;Rieti;RI;Lazio;ITI42
057045;Morro Reatino;F746;Rieti;RI;Lazio;ITI42
057046;Nespolo;F876;Rieti;RI;Lazio;ITI42
057047;Orvinio;B595;Rieti;RI;Lazio;ITI42
057048;Paganico Sabino;G232;Rieti;RI;Lazio;ITI42
057049;Pescorocchiano;G498;Rieti;RI;Lazio;ITI42
057050;Petrella Salto;G513;Rieti;RI;Lazio;ITI42
057051;Poggio Bustone;G756;Rieti;RI;Lazio;ITI42
057052;Poggio Catino;G757;Rieti;RI;Lazio;ITI42
057053;Poggio Mirteto;G763;Rieti;RI;Lazio;ITI42
057054;Poggio Moiano;G764;Rieti;RI;Lazio;ITI42
057055;Poggio Nativo;G765;Rieti;RI;Lazio;ITI42
057056;Poggio San Lorenzo;G770;Rieti;RI;Lazio;ITI42
057057;Posta;G934;Rieti;RI;Lazio;ITI42
057058;Pozzaglia Sabina;G951;Rieti;RI;Lazio;ITI42
057059;Rieti;H282;Rieti;RI;Lazio;ITI42
057060;Rivodutri;H354;Rieti;RI;Lazio;ITI42
057061;Roccantica;H427;Rieti;RI;Lazio;ITI42
057062;Rocca Sinibalda;H446;Rieti;RI;Lazio;ITI42
057063;Salisano;H713;Rieti;RI;Lazio;ITI42
057064;Scandriglia;I499;Rieti;RI;Lazio;ITI42
057065;Selci;I581;Rieti;RI;Lazio;ITI42
057066;Stimigliano;I959;Rieti;RI;Lazio;ITI42
057067;Tarano;L046;Rieti;RI;Lazio;ITI42
057068;Toffia;L189;Rieti;RI;Lazio;ITI42
057069;Torricella in Sabina;L293;Rieti;RI;Lazio;ITI42
057070;Torri in Sabina;L286;Rieti;RI;Lazio;ITI42
057071;Turania;G507;Rieti;RI;Lazio;ITI42
057072;Vacone;L525;Rieti;RI;Lazio;ITI42
057073;Varco Sabino;L676;Rieti;RI;Lazio;ITI42
058001;Affile;A062;Roma;RM;Lazio;ITI43
058002;Agosta;A084;Roma;RM;Lazio;ITI43
058003;Albano Laziale;A132;Roma;RM;Lazio;ITI43
058004;Allumiere;A210;Roma;RM;Lazio;ITI43
058005;Anguillara Sabazia;A297;Roma;RM;Lazio;ITI43
058006;Anticoli Corrado;A309;Roma;RM;Lazio;ITI43
058007;Anzio;A323;Roma;RM;Lazio;ITI43
058008;Arcinazzo Romano;A370;Roma;RM;Lazio;ITI43
058009;Ariccia;A401;Roma;RM;Lazio;ITI43
058010;Arsoli;A446;Roma;RM;Lazio;ITI43
058011;Artena;A449;Roma;RM;Lazio;ITI43
058012;Bellegra;A749;Roma;RM;Lazio;ITI43
058013;Bracciano;B114;Roma;RM;Lazio;ITI43
058014;Camerata Nuova;B472;Roma;RM;Lazio;ITI43
058015;Campagnano di Roma;B496;Roma;RM;Lazio;ITI43
058016;Canale Monterano;B576;Roma;RM;Lazio;ITI43
058017;Canterano;B635;Roma;RM;Lazio;ITI43
058018;Capena;B649;Roma;RM;Lazio;ITI43
058019;Capranica Prenestina;B687;Roma;RM;Lazio;ITI43
058020;Carpineto Romano;B828;Roma;RM;Lazio;ITI43
058021;Casape;B932;Roma;RM;Lazio;ITI43
058022;Castel Gandolfo;C116;Roma;RM;Lazio;ITI43
058023;Castel Madama;C203;Roma;RM;Lazio;ITI43
058024;Castelnuovo di Porto;C237;Roma;RM;Lazio;ITI43
058025;Castel San Pietro Romano;C266;Roma;RM;Lazio;ITI43
058026;Cave;C390;Roma;RM;Lazio;ITI43
058027;Cerreto Laziale;C518;Roma;RM;Lazio;ITI43
058028;Cervara di Roma;C543;Roma;RM;Lazio;ITI43
058029;Cerveteri;C552;Roma;RM;Lazio;ITI43
058030;Ciciliano;C677;Roma;RM;Lazio;ITI43
058031;Cineto Romano;C702;Roma;RM;Lazio;ITI43
058032;Civitavecchia;C773;Roma;RM;Lazio;ITI43
058033;Civitella San Paolo;C784;Roma;RM;Lazio;ITI43
058034;Colleferro;C858;Roma;RM;Lazio;ITI43
058035;Colonna;C900;Roma;RM;Lazio;ITI43
058036;Fiano Romano;D561;Roma;RM;Lazio;ITI43
058037;Filacciano;D586;Roma;RM;Lazio;ITI43
058038;Formello;D707;Roma;RM;Lazio;ITI43
058039;Frascati;D773;Roma;RM;Lazio;ITI43
058040;Gallicano nel Lazio;D875;Roma;RM;Lazio;ITI43
058041;Gavignano;D945;Roma;RM;Lazio;ITI43
058042;Genazzano;D964;Roma;RM;Lazio;ITI43
058043;Genzano di Roma;D972;Roma;RM;Lazio;ITI43
058044;Gerano;D978;Roma;RM;Lazio;ITI43
058045;Gorga;E091;Roma;RM;Lazio;ITI43
058046;Grottaferrata;E204;Roma;RM;Lazio;ITI43
058047;Guidonia Montecelio;E263;Roma;RM;Lazio;ITI43
058048;Jenne;E382;Roma;RM;Lazio;ITI43
058049;Labico;E392;Roma;RM;Lazio;ITI43
058050;Lanuvio;C767;Roma;RM;Lazio;ITI43
058051;Licenza;E576;Roma;RM;Lazio;ITI43
058052;Magliano Romano;E813;Roma;RM;Lazio;ITI43
058053;Mandela;B632;Roma;RM;Lazio;ITI43
058054;Manziana;E900;Roma;RM;Lazio;ITI43
058055;Marano Equo;E908;Roma;RM;Lazio;ITI43
058056;Marcellina;E924;Roma;RM;Lazio;ITI43
058057;Marino;E958;Roma;RM;Lazio;ITI43
058058;Mazzano Romano;F064;Roma;RM;Lazio;ITI43
058059;Mentana;F127;Roma;RM;Lazio;ITI43
058060;Monte Compatri;F477;Roma;RM;Lazio;ITI43
058061;Monteflavio;F504;Roma;RM;Lazio;ITI43
058062;Montelanico;F534;Roma;RM;Lazio;ITI43
058063;Montelibretti;F545;Roma;RM;Lazio;ITI43
058064;Monte Porzio Catone;F590;Roma;RM;Lazio;ITI43
058065;Monterotondo;F611;Roma;RM;Lazio;ITI43
058066;Montorio Romano;F692;Roma;RM;Lazio;ITI43
058067;Moricone;F730;Roma;RM;Lazio;ITI43
058068;Morlupo;F734;Roma;RM;Lazio;ITI43
058069;Nazzano;F857;Roma;RM;Lazio;ITI43
058070;Nemi;F865;Roma;RM;Lazio;ITI43
058071;Nerola;F871;Roma;RM;Lazio;ITI43
058072;Nettuno;F880;Roma;RM;Lazio;ITI43
058073;Olevano Romano;G022;Roma;RM;Lazio;ITI43
058074;Palestrina;G274;Roma;RM;Lazio;ITI43
058075;Palombara Sabina;G293;Roma;RM;Lazio;ITI43
058076;Percile;G444;Roma;RM;Lazio;ITI43
058077;Pisoniano;G704;Roma;RM;Lazio;ITI43
058078;Poli;G784;Roma;RM;Lazio;ITI43
058079;Pomezia;G811;Roma;RM;Lazio;ITI43
058080;Ponzano Romano;G874;Roma;RM;Lazio;ITI43
058081;Riano;H267;Roma;RM;Lazio;ITI43
058082;Rignano Flaminio;H288;Roma;RM;Lazio;ITI43
058083;Riofreddo;H300;Roma;RM;Lazio;ITI43
058084;Rocca Canterano;H387;Roma;RM;Lazio;ITI43
058085;Rocca di Cave;H401;Roma;RM;Lazio;ITI43
058086;Rocca di Papa;H404;Roma;RM;Lazio;ITI43
058087;Roccagiovine;H411;Roma;RM;Lazio;ITI43
058088;Rocca Priora;H432;Roma;RM;Lazio;ITI43
058089;Rocca Santo Stefano;H441;Roma;RM;Lazio;ITI43
058090;Roiate;H494;Roma;RM;Lazio;ITI43
058091;Roma;H501;Roma;RM;Lazio;ITI43
058092;Roviano;H618;Roma;RM;Lazio;ITI43
058093;Sacrofano;H658;Roma;RM;Lazio;ITI43
058094;Sambuci;H745;Roma;RM;Lazio;ITI43
058095;San Gregorio da Sassola;H942;Roma;RM;Lazio;ITI43
058096;San Polo dei Cavalieri;I125;Roma;RM;Lazio;ITI43
058097;Santa Marinella;I255;Roma;RM;Lazio;ITI43
058098;Sant'Angelo Romano;I284;Roma;RM;Lazio;ITI43
058099;Sant'Oreste;I352;Roma;RM;Lazio;ITI43
058100;San Vito Romano;I400;Roma;RM;Lazio;ITI43
058101;Saracinesco;I424;Roma;RM;Lazio;ITI43
058102;Segni;I573;Roma;RM;Lazio;ITI43
058103;Subiaco;I992;Roma;RM;Lazio;ITI43
058104;Tivoli;L182;Roma;RM;Lazio;ITI43
058105;Tolfa;L192;Roma;RM;Lazio;ITI43
058106;Torrita Tiberina;L302;Roma;RM;Lazio;ITI43
058107;Trevignano Romano;L401;Roma;RM;Lazio;ITI43
058108;Vallepietra;L611;Roma;RM;Lazio;ITI43
058109;Vallinfreda;L625;Roma;RM;Lazio;ITI43
058110;Valmontone;L639;Roma;RM;Lazio;ITI43
058111;Velletri;L719;Roma;RM;Lazio;ITI43
058112;Vicovaro;L851;Roma;RM;Lazio;ITI43
058113;Vivaro Romano;M095;Roma;RM;Lazio;ITI43
058114;Zagarolo;M141;Roma;RM;Lazio;ITI43
058115;Lariano;M207;Roma;RM;Lazio;ITI43
058116;Ladispoli;M212;Roma;RM;Lazio;ITI43
058117;Ardea;M213;Roma;RM;Lazio;ITI43
058118;Ciampino;M272;Roma;RM;Lazio;ITI43
058119;San Cesareo;M295;Roma;RM;Lazio;ITI43
058120;Fiumicino;M297;Roma;RM;Lazio;ITI43
058122;Fonte Nuova;M309;Roma;RM;Lazio;ITI43
059001;Aprilia;A341;Latina;LT;Lazio;ITI44
059002;Bassiano;A707;Latina;LT;Lazio;ITI44
059003;Campodimele;B527;Latina;LT;Lazio;ITI44
059004;Castelforte;C104;Latina;LT;Lazio;ITI44
059005;Cisterna di Latina;C740;Latina;LT;Lazio;ITI44
059006;Cori;D003;Latina;LT;Lazio;ITI44
059007;Fondi;D662;Latina;LT;Lazio;ITI44
059008;Formia;D708;Latina;LT;Lazio;ITI44
059009;Gaeta;D843;Latina;LT;Lazio;ITI44
059010;Itri;E375;Latina;LT;Lazio;ITI44
059011;Latina;E472;Latina;LT;Lazio;ITI44
059012;Lenola;E527;Latina;LT;Lazio;ITI44
059013;Maenza;E798;Latina;LT;Lazio;ITI44
059014;Minturno;F224;Latina;LT;Lazio;ITI44
059015;Monte San Biagio;F616;Latina;LT;Lazio;ITI44
059016;Norma;F937;Latina;LT;Lazio;ITI44
059017;Pontinia;G865;Latina;LT;Lazio;ITI44
059018;Ponza;G871;Latina;LT;Lazio;ITI44
059019;Priverno;G698;Latina;LT;Lazio;ITI44
059020;Prossedi;H076;Latina;LT;Lazio;ITI44
059021;Roccagorga;H413;Latina;LT;Lazio;ITI44
059022;Rocca Massima;H421;Latina;LT;Lazio;ITI44
059023;Roccasecca dei Volsci;H444;Latina;LT;Lazio;ITI44
059024;Sabaudia;H647;Latina;LT;Lazio;ITI44
059025;San Felice Circeo;H836;Latina;LT;Lazio;ITI44
059026;Santi Cosma e Damiano;I339;Latina;LT;Lazio;ITI44
059027;Sermoneta;I634;Latina;LT;Lazio;ITI44
059028;Sezze;I712;Latina;LT;Lazio;ITI44
059029;Sonnino;I832;Latina;LT;Lazio;ITI44
059030;Sperlonga;I892;Latina;LT;Lazio;ITI44
059031;Spigno Saturnia;I902;Latina;LT;Lazio;ITI44
059032;Terracina;L120;Latina;LT;Lazio;ITI44
059033;Ventotene;L742;Latina;LT;Lazio;ITI44
060001;Acquafondata;A032;Frosinone;FR;Lazio;ITI45
060002;Acuto;A054;Frosinone;FR;Lazio;ITI45
060003;Alatri;A123;Frosinone;FR;Lazio;ITI45
060004;Alvito;A244;Frosinone;FR;Lazio;ITI45
060005;Amaseno;A256;Frosinone;FR;Lazio;ITI45
060006;Anagni;A269;Frosinone;FR;Lazio;ITI45
060007;Aquino;A348;Frosinone;FR;Lazio;ITI45
060008;Arce;A363;Frosinone;FR;Lazio;ITI45
060009;Arnara;A421;Frosinone;FR;Lazio;ITI45
060010;Arpino;A433;Frosinone;FR;Lazio;ITI45
060011;Atina;A486;Frosinone;FR;Lazio;ITI45
060012;Ausonia;A502;Frosinone;FR;Lazio;ITI45
060013;Belmonte Castello;A763;Frosinone;FR;Lazio;ITI45
060014;Boville Ernica;A720;Frosinone;FR;Lazio;ITI45
060015;Broccostella;B195;Frosinone;FR;Lazio;ITI45
060016;Campoli Appennino;B543;Frosinone;FR;Lazio;ITI45
060017;Casalattico;B862;Frosinone;FR;Lazio;ITI45
060018;Casalvieri;B919;Frosinone;FR;Lazio;ITI45
060019;Cassino;C034;Frosinone;FR;Lazio;ITI45
060020;Castelliri;C177;Frosinone;FR;Lazio;ITI45
060021;Castelnuovo Parano;C223;Frosinone;FR;Lazio;ITI45
060022;Castrocielo;C340;Frosinone;FR;Lazio;ITI45
060023;Castro dei Volsci;C338;Frosinone;FR;Lazio;ITI45
060024;Ceccano;C413;Frosinone;FR;Lazio;ITI45
060025;Ceprano;C479;Frosinone;FR;Lazio;ITI45
060026;Cervaro;C545;Frosinone;FR;Lazio;ITI45
060027;Colfelice;C836;Frosinone;FR;Lazio;ITI45
060028;Collepardo;C864;Frosinone;FR;Lazio;ITI45
060029;Colle San Magno;C870;Frosinone;FR;Lazio;ITI45
060030;Coreno Ausonio;C998;Frosinone;FR;Lazio;ITI45
060031;Esperia;D440;Frosinone;FR;Lazio;ITI45
060032;Falvaterra;D483;Frosinone;FR;Lazio;ITI45
060033;Ferentino;D539;Frosinone;FR;Lazio;ITI45
060034;Filettino;D591;Frosinone;FR;Lazio;ITI45
060035;Fiuggi;A310;Frosinone;FR;Lazio;ITI45
060036;Fontana Liri;D667;Frosinone;FR;Lazio;ITI45
060037;Fontechiari;D682;Frosinone;FR;Lazio;ITI45
060038;Frosinone;D810;Frosinone;FR;Lazio;ITI45
060039;Fumone;D819;Frosinone;FR;Lazio;ITI45
060040;Gallinaro;D881;Frosinone;FR;Lazio;ITI45
060041;Giuliano di Roma;E057;Frosinone;FR;Lazio;ITI45
060042;Guarcino;E236;Frosinone;FR;Lazio;ITI45
060043;Isola del Liri;E340;Frosinone;FR;Lazio;ITI45
060044;Monte San Giovanni Campano;F620;Frosinone;FR;Lazio;ITI45
060045;Morolo;F740;Frosinone;FR;Lazio;ITI45
060046;Paliano;G276;Frosinone;FR;Lazio;ITI45
060047;Pastena;G362;Frosinone;FR;Lazio;ITI45
060048;Patrica;G374;Frosinone;FR;Lazio;ITI45
060049;Pescosolido;G500;Frosinone;FR;Lazio;ITI45
060050;Picinisco;G591;Frosinone;FR;Lazio;ITI45
060051;Pico;G592;Frosinone;FR;Lazio;ITI45
060052;Piedimonte San Germano;G598;Frosinone;FR;Lazio;ITI45
060053;Piglio;G659;Frosinone;FR;Lazio;ITI45
060054;Pignataro Interamna;G662;Frosinone;FR;Lazio;ITI45
060055;Pofi;G749;Frosinone;FR;Lazio;ITI45
060056;Pontecorvo;G838;Frosinone;FR;Lazio;ITI45
060057;Posta Fibreno;G935;Frosinone;FR;Lazio;ITI45
060058;Ripi;H324;Frosinone;FR;Lazio;ITI45
060059;Rocca d'Arce;H393;Frosinone;FR;Lazio;ITI45
060060;Roccasecca;H443;Frosinone;FR;Lazio;ITI45
060061;San Biagio Saracinisco;H779;Frosinone;FR;Lazio;ITI45
060062;San Donato Val di Comino;H824;Frosinone;FR;Lazio;ITI45
060063;San Giorgio a Liri;H880;Frosinone;FR;Lazio;ITI45
060064;San Giovanni Incarico;H917;Frosinone;FR;Lazio;ITI45
060065;Sant'Ambrogio sul Garigliano;I256;Frosinone;FR;Lazio;ITI45
060066;Sant'Andrea del Garigliano;I265;Frosinone;FR;Lazio;ITI45
060067;Sant'Apollinare;I302;Frosinone;FR;Lazio;ITI45
060068;Sant'Elia Fiumerapido;I321;Frosinone;FR;Lazio;ITI45
060069;Santopadre;I351;Frosinone;FR;Lazio;ITI45
060070;San Vittore del Lazio;I408;Frosinone;FR;Lazio;ITI45
060071;Serrone;I669;Frosinone;FR;Lazio;ITI45
060072;Settefrati;I697;Frosinone;FR;Lazio;ITI45
060073;Sgurgola;I716;Frosinone;FR;Lazio;ITI45
060074;Sora;I838;Frosinone;FR;Lazio;ITI45
060075;Strangolagalli;I973;Frosinone;FR;Lazio;ITI45
060076;Supino;L009;Frosinone;FR;Lazio;ITI45
060077;Terelle;L105;Frosinone;FR;Lazio;ITI45
060078;Torre Cajetani;L243;Frosinone;FR;Lazio;ITI45
060079;Torrice;L290;Frosinone;FR;Lazio;ITI45
060080;Trevi nel Lazio;L398;Frosinone;FR;Lazio;ITI45
060081;Trivigliano;L437;Frosinone;FR;Lazio;ITI45
060082;Vallecorsa;L598;Frosinone;FR;Lazio;ITI45
060083;Vallemaio;L605;Frosinone;FR;Lazio;ITI45
060084;Vallerotonda;L614;Frosinone;FR;Lazio;ITI45
060085;Veroli;L780;Frosinone;FR;Lazio;ITI45
060086;Vicalvi;L836;Frosinone;FR;Lazio;ITI45
060087;Vico nel Lazio;L843;Frosinone;FR;Lazio;ITI45
060088;Villa Latina;A081;Frosinone;FR;Lazio;ITI45
060089;Villa Santa Lucia;L905;Frosinone;FR;Lazio;ITI45
060090;Villa Santo Stefano;I364;Frosinone;FR;Lazio;ITI45
060091;Viticuso;M083;Frosinone;FR;Lazio;ITI45
061001;Ailano;A106;Caserta;CE;Campania;ITF31
061002;Alife;A200;Caserta;CE;Campania;ITF31
061003;Alvignano;A243;Caserta;CE;Campania;ITF31
061004;Arienzo;A403;Caserta;CE;Campania;ITF31
061005;Aversa;A512;Caserta;CE;Campania;ITF31
061006;Baia e Latina;A579;Caserta;CE;Campania;ITF31
061007;Bellona;A755;Caserta;CE;Campania;ITF31
061008;Caianello;B361;Caserta;CE;Campania;ITF31
061009;Caiazzo;B362;Caserta;CE;Campania;ITF31
061010;Calvi Risorta;B445;Caserta;CE;Campania;ITF31
061011;Camigliano;B477;Caserta;CE;Campania;ITF31
061012;Cancello ed Arnone;B581;Caserta;CE;Campania;ITF31
061013;Capodrise;B667;Caserta;CE;Campania;ITF31
061014;Capriati a Volturno;B704;Caserta;CE;Campania;ITF31
061015;Capua;B715;Caserta;CE;Campania;ITF31
061016;Carinaro;B779;Caserta;CE;Campania;ITF31
061017;Carinola;B781;Caserta;CE;Campania;ITF31
061018;Casagiove;B860;Caserta;CE;Campania;ITF31
061019;Casal di Principe;B872;Caserta;CE;Campania;ITF31
061020;Casaluce;B916;Caserta;CE;Campania;ITF31
061021;Casapulla;B935;Caserta;CE;Campania;ITF31
061022;Caserta;B963;Caserta;CE;Campania;ITF31
061023;Castel Campagnano;B494;Caserta;CE;Campania;ITF31
061024;Castel di Sasso;C097;Caserta;CE;Campania;ITF31
061025;Castello del Matese;C178;Caserta;CE;Campania;ITF31
061026;Castel Morrone;C211;Caserta;CE;Campania;ITF31
061027;Castel Volturno;C291;Caserta;CE;Campania;ITF31
061028;Cervino;C558;Caserta;CE;Campania;ITF31
061029;Cesa;C561;Caserta;CE;Campania;ITF31
061030;Ciorlano;C716;Caserta;CE;Campania;ITF31
061031;Conca della Campania;C939;Caserta;CE;Campania;ITF31
061032;Curti;D228;Caserta;CE;Campania;ITF31
061033;Dragoni;D361;Caserta;CE;Campania;ITF31
061034;Fontegreca;D683;Caserta;CE;Campania;ITF31
061035;Formicola;D709;Caserta;CE;Campania;ITF31
061036;Francolise;D769;Caserta;CE;Campania;ITF31
061037;Frignano;D799;Caserta;CE;Campania;ITF31
061038;Gallo Matese;D884;Caserta;CE;Campania;ITF31
061039;Galluccio;D886;Caserta;CE;Campania;ITF31
061040;Giano Vetusto;E011;Caserta;CE;Campania;ITF31
061041;Gioia Sannitica;E039;Caserta;CE;Campania;ITF31
061042;Grazzanise;E158;Caserta;CE;Campania;ITF31
061043;Gricignano di Aversa;E173;Caserta;CE;Campania;ITF31
061044;Letino;E554;Caserta;CE;Campania;ITF31
061045;Liberi;E570;Caserta;CE;Campania;ITF31
061046;Lusciano;E754;Caserta;CE;Campania;ITF31
061047;Macerata Campania;E784;Caserta;CE;Campania;ITF31
061048;Maddaloni;E791;Caserta;CE;Campania;ITF31
061049;Marcianise;E932;Caserta;CE;Campania;ITF31
061050;Marzano Appio;E998;Caserta;CE;Campania;ITF31
061051;Mignano Monte Lungo;F203;Caserta;CE;Campania;ITF31
061052;Mondragone;F352;Caserta;CE;Campania;ITF31
061053;Orta di Atella;G130;Caserta;CE;Campania;ITF31
061054;Parete;G333;Caserta;CE;Campania;ITF31
061055;Pastorano;G364;Caserta;CE;Campania;ITF31
061056;Piana di Monte Verna;G541;Caserta;CE;Campania;ITF31
061057;Piedimonte Matese;G596;Caserta;CE;Campania;ITF31
061058;Pietramelara;G620;Caserta;CE;Campania;ITF31
061059;Pietravairano;G630;Caserta;CE;Campania;ITF31
061060;Pignataro Maggiore;G661;Caserta;CE;Campania;ITF31
061061;Pontelatone;G849;Caserta;CE;Campania;ITF31
061062;Portico di Caserta;G903;Caserta;CE;Campania;ITF31
061063;Prata Sannita;G991;Caserta;CE;Campania;ITF31
061064;Pratella;G995;Caserta;CE;Campania;ITF31
061065;Presenzano;H045;Caserta;CE;Campania;ITF31
061066;Raviscanina;H202;Caserta;CE;Campania;ITF31
061067;Recale;H210;Caserta;CE;Campania;ITF31
061068;Riardo;H268;Caserta;CE;Campania;ITF31
061069;Rocca d'Evandro;H398;Caserta;CE;Campania;ITF31
061070;Roccamonfina;H423;Caserta;CE;Campania;ITF31
061071;Roccaromana;H436;Caserta;CE;Campania;ITF31
061072;Rocchetta e Croce;H459;Caserta;CE;Campania;ITF31
061073;Ruviano;H165;Caserta;CE;Campania;ITF31
061074;San Cipriano d'Aversa;H798;Caserta;CE;Campania;ITF31
061075;San Felice a Cancello;H834;Caserta;CE;Campania;ITF31
061076;San Gregorio Matese;H939;Caserta;CE;Campania;ITF31
061077;San Marcellino;H978;Caserta;CE;Campania;ITF31
061078;San Nicola la Strada;I056;Caserta;CE;Campania;ITF31
061079;San Pietro Infine;I113;Caserta;CE;Campania;ITF31
061080;San Potito Sannitico;I130;Caserta;CE;Campania;ITF31
061081;San Prisco;I131;Caserta;CE;Campania;ITF31
061082;Santa Maria a Vico;I233;Caserta;CE;Campania;ITF31
061083;Santa Maria Capua Vetere;I234;Caserta;CE;Campania;ITF31
061084;Santa Maria la Fossa;I247;Caserta;CE;Campania;ITF31
061085;San Tammaro;I261;Caserta;CE;Campania;ITF31
061086;Sant'Angelo d'Alife;I273;Caserta;CE;Campania;ITF31
061087;Sant'Arpino;I306;Caserta;CE;Campania;ITF31
061088;Sessa Aurunca;I676;Caserta;CE;Campania;ITF31
061089;Sparanise;I885;Caserta;CE;Campania;ITF31
061090;Succivo;I993;Caserta;CE;Campania;ITF31
061091;Teano;L083;Caserta;CE;Campania;ITF31
061092;Teverola;L155;Caserta;CE;Campania;ITF31
061093;Tora e Piccilli;L205;Caserta;CE;Campania;ITF31
061094;Trentola Ducenta;L379;Caserta;CE;Campania;ITF31
061095;Vairano Patenora;L540;Caserta;CE;Campania;ITF31
061096;Valle Agricola;L594;Caserta;CE;Campania;ITF31
061097;Valle di Maddaloni;L591;Caserta;CE;Campania;ITF31
061098;Villa di Briano;D801;Caserta;CE;Campania;ITF31
061099;Villa Literno;L844;Caserta;CE;Campania;ITF31
061100;Vitulazio;M092;Caserta;CE;Campania;ITF31
061101;Falciano del Massico;D471;Caserta;CE;Campania;ITF31
061102;Cellole;M262;Caserta;CE;Campania;ITF31
061103;Casapesenna;M260;Caserta;CE;Campania;ITF31
061104;San Marco Evangelista;F043;Caserta;CE;Campania;ITF31
062001;Airola;A110;Benevento;BN;Campania;ITF32
062002;Amorosi;A265;Benevento;BN;Campania;ITF32
062003;Apice;A328;Benevento;BN;Campania;ITF32
062004;Apollosa;A330;Benevento;BN;Campania;ITF32
062005;Arpaia;A431;Benevento;BN;Campania;ITF32
062006;Arpaise;A432;Benevento;BN;Campania;ITF32
062007;Baselice;A696;Benevento;BN;Campania;ITF32
062008;Benevento;A783;Benevento;BN;Campania;ITF32
062009;Bonea;A970;Benevento;BN;Campania;ITF32
062010;Bucciano;B239;Benevento;BN;Campania;ITF32
062011;Buonalbergo;B267;Benevento;BN;Campania;ITF32
062012;Calvi;B444;Benevento;BN;Campania;ITF32
062013;Campolattaro;B541;Benevento;BN;Campania;ITF32
062014;Campoli del Monte Taburno;B542;Benevento;BN;Campania;ITF32
062015;Casalduni;B873;Benevento;BN;Campania;ITF32
062016;Castelfranco in Miscano;C106;Benevento;BN;Campania;ITF32
062017;Castelpagano;C245;Benevento;BN;Campania;ITF32
062018;Castelpoto;C250;Benevento;BN;Campania;ITF32
062019;Castelvenere;C280;Benevento;BN;Campania;ITF32
062020;Castelvetere in Val Fortore;C284;Benevento;BN;Campania;ITF32
062021;Cautano;C359;Benevento;BN;Campania;ITF32
062022;Ceppaloni;C476;Benevento;BN;Campania;ITF32
062023;Cerreto Sannita;C525;Benevento;BN;Campania;ITF32
062024;Circello;C719;Benevento;BN;Campania;ITF32
062025;Colle Sannita;C846;Benevento;BN;Campania;ITF32
062026;Cusano Mutri;D230;Benevento;BN;Campania;ITF32
062027;Dugenta;D380;Benevento;BN;Campania;ITF32
062028;Durazzano;D386;Benevento;BN;Campania;ITF32
062029;Faicchio;D469;Benevento;BN;Campania;ITF32
062030;Foglianise;D644;Benevento;BN;Campania;ITF32
062031;Foiano di Val Fortore;D650;Benevento;BN;Campania;ITF32
062032;Forchia;D693;Benevento;BN;Campania;ITF32
062033;Fragneto l'Abate;D755;Benevento;BN;Campania;ITF32
062034;Fragneto Monforte;D756;Benevento;BN;Campania;ITF32
062035;Frasso Telesino;D784;Benevento;BN;Campania;ITF32
062036;Ginestra degli Schiavoni;E034;Benevento;BN;Campania;ITF32
062037;Guardia Sanframondi;E249;Benevento;BN;Campania;ITF32
062038;Limatola;E589;Benevento;BN;Campania;ITF32
062039;Melizzano;F113;Benevento;BN;Campania;ITF32
062040;Moiano;F274;Benevento;BN;Campania;ITF32
062041;Molinara;F287;Benevento;BN;Campania;ITF32
062042;Montefalcone di Val Fortore;F494;Benevento;BN;Campania;ITF32
062043;Montesarchio;F636;Benevento;BN;Campania;ITF32
062044;Morcone;F717;Benevento;BN;Campania;ITF32
062045;Paduli;G227;Benevento;BN;Campania;ITF32
062046;Pago Veiano;G243;Benevento;BN;Campania;ITF32
062047;Pannarano;G311;Benevento;BN;Campania;ITF32
062048;Paolisi;G318;Benevento;BN;Campania;ITF32
062049;Paupisi;G386;Benevento;BN;Campania;ITF32
062050;Pesco Sannita;G494;Benevento;BN;Campania;ITF32
062051;Pietraroja;G626;Benevento;BN;Campania;ITF32
062052;Pietrelcina;G631;Benevento;BN;Campania;ITF32
062053;Ponte;G827;Benevento;BN;Campania;ITF32
062054;Pontelandolfo;G848;Benevento;BN;Campania;ITF32
062055;Puglianello;H087;Benevento;BN;Campania;ITF32
062056;Reino;H227;Benevento;BN;Campania;ITF32
062057;San Bartolomeo in Galdo;H764;Benevento;BN;Campania;ITF32
062058;San Giorgio del Sannio;H894;Benevento;BN;Campania;ITF32
062059;San Giorgio La Molara;H898;Benevento;BN;Campania;ITF32
062060;San Leucio del Sannio;H953;Benevento;BN;Campania;ITF32
062061;San Lorenzello;H955;Benevento;BN;Campania;ITF32
062062;San Lorenzo Maggiore;H967;Benevento;BN;Campania;ITF32
062063;San Lupo;H973;Benevento;BN;Campania;ITF32
062064;San Marco dei Cavoti;H984;Benevento;BN;Campania;ITF32
062065;San Martino Sannita;I002;Benevento;BN;Campania;ITF32
062066;San Nazzaro;I049;Benevento;BN;Campania;ITF32
062067;San Nicola Manfredi;I062;Benevento;BN;Campania;ITF32
062068;San Salvatore Telesino;I145;Benevento;BN;Campania;ITF32
062069;Santa Croce del Sannio;I179;Benevento;BN;Campania;ITF32
062070;Sant'Agata de' Goti;I197;Benevento;BN;Campania;ITF32
062071;Sant'Angelo a Cupolo;I277;Benevento;BN;Campania;ITF32
062072;Sassinoro;I455;Benevento;BN;Campania;ITF32
062073;Solopaca;I809;Benevento;BN;Campania;ITF32
062074;Telese Terme;L086;Benevento;BN;Campania;ITF32
062075;Tocco Caudio;L185;Benevento;BN;Campania;ITF32
062076;Torrecuso;L254;Benevento;BN;Campania;ITF32
062077;Vitulano;M093;Benevento;BN;Campania;ITF32
062078;Sant'Arcangelo Trimonte;F557;Benevento;BN;Campania;ITF32
063001;Acerra;A024;Napoli;NA;Campania;ITF33
063002;Afragola;A064;Napoli;NA;Campania;ITF33
063003;Agerola;A068;Napoli;NA;Campania;ITF33
063004;Anacapri;A268;Napoli;NA;Campania;ITF33
063005;Arzano;A455;Napoli;NA;Campania;ITF33
063006;Bacoli;A535;Napoli;NA;Campania;ITF33
063007;Barano d'Ischia;A617;Napoli;NA;Campania;ITF33
063008;Boscoreale;B076;Napoli;NA;Campania;ITF33
063009;Boscotrecase;B077;Napoli;NA;Campania;ITF33
063010;Brusciano;B227;Napoli;NA;Campania;ITF33
063011;Caivano;B371;Napoli;NA;Campania;ITF33
063012;Calvizzano;B452;Napoli;NA;Campania;ITF33
063013;Camposano;B565;Napoli;NA;Campania;ITF33
063014;Capri;B696;Napoli;NA;Campania;ITF33
063015;Carbonara di Nola;B740;Napoli;NA;Campania;ITF33
063016;Cardito;B759;Napoli;NA;Campania;ITF33
063017;Casalnuovo di Napoli;B905;Napoli;NA;Campania;ITF33
063018;Casamarciano;B922;Napoli;NA;Campania;ITF33
063019;Casamicciola Terme;B924;Napoli;NA;Campania;ITF33
063020;Casandrino;B925;Napoli;NA;Campania;ITF33
063021;Casavatore;B946;Napoli;NA;Campania;ITF33
063022;Casola di Napoli;B980;Napoli;NA;Campania;ITF33
063023;Casoria;B990;Napoli;NA;Campania;ITF33
063024;Castellammare di Stabia;C129;Napoli;NA;Campania;ITF33
063025;Castello di Cisterna;C188;Napoli;NA;Campania;ITF33
063026;Cercola;C495;Napoli;NA;Campania;ITF33
063027;Cicciano;C675;Napoli;NA;Campania;ITF33
063028;Cimitile;C697;Napoli;NA;Campania;ITF33
063029;Comiziano;C929;Napoli;NA;Campania;ITF33
063030;Crispano;D170;Napoli;NA;Campania;ITF33
063031;Forio;D702;Napoli;NA;Campania;ITF33
063032;Frattamaggiore;D789;Napoli;NA;Campania;ITF33
063033;Frattaminore;D790;Napoli;NA;Campania;ITF33
063034;Giugliano in Campania;E054;Napoli;NA;Campania;ITF33
063035;Gragnano;E131;Napoli;NA;Campania;ITF33
063036;Grumo Nevano;E224;Napoli;NA;Campania;ITF33
063037;Ischia;E329;Napoli;NA;Campania;ITF33
063038;Lacco Ameno;E396;Napoli;NA;Campania;ITF33
063039;Lettere;E557;Napoli;NA;Campania;ITF33
063040;Liveri;E620;Napoli;NA;Campania;ITF33
063041;Marano di Napoli;E906;Napoli;NA;Campania;ITF33
063042;Mariglianella;E954;Napoli;NA;Campania;ITF33
063043;Marigliano;E955;Napoli;NA;Campania;ITF33
063044;Massa Lubrense;F030;Napoli;NA;Campania;ITF33
063045;Melito di Napoli;F111;Napoli;NA;Campania;ITF33
063046;Meta;F162;Napoli;NA;Campania;ITF33
063047;Monte di Procida;F488;Napoli;NA;Campania;ITF33
063048;Mugnano di Napoli;F799;Napoli;NA;Campania;ITF33
063049;Napoli;F839;Napoli;NA;Campania;ITF33
063050;Nola;F924;Napoli;NA;Campania;ITF33
063051;Ottaviano;G190;Napoli;NA;Campania;ITF33
063052;Palma Campania;G283;Napoli;NA;Campania;ITF33
063053;Piano di Sorrento;G568;Napoli;NA;Campania;ITF33
063054;Pimonte;G670;Napoli;NA;Campania;ITF33
063055;Poggiomarino;G762;Napoli;NA;Campania;ITF33
063056;Pollena Trocchia;G795;Napoli;NA;Campania;ITF33
063057;Pomigliano d'Arco;G812;Napoli;NA;Campania;ITF33
063058;Pompei;G813;Napoli;NA;Campania;ITF33
063059;Portici;G902;Napoli;NA;Campania;ITF33
063060;Pozzuoli;G964;Napoli;NA;Campania;ITF33
063061;Procida;H072;Napoli;NA;Campania;ITF33
063062;Qualiano;H101;Napoli;NA;Campania;ITF33
063063;Quarto;H114;Napoli;NA;Campania;ITF33
063064;Ercolano;H243;Napoli;NA;Campania;ITF33
063065;Roccarainola;H433;Napoli;NA;Campania;ITF33
063066;San Gennaro Vesuviano;H860;Napoli;NA;Campania;ITF33
063067;San Giorgio a Cremano;H892;Napoli;NA;Campania;ITF33
063068;San Giuseppe Vesuviano;H931;Napoli;NA;Campania;ITF33
063069;San Paolo Bel Sito;I073;Napoli;NA;Campania;ITF33
063070;San Sebastiano al Vesuvio;I151;Napoli;NA;Campania;ITF33
063071;Sant'Agnello;I208;Napoli;NA;Campania;ITF33
063072;Sant'Anastasia;I262;Napoli;NA;Campania;ITF33
063073;Sant'Antimo;I293;Napoli;NA;Campania;ITF33
063074;Sant'Antonio Abate;I300;Napoli;NA;Campania;ITF33
063075;San Vitaliano;I391;Napoli;NA;Campania;ITF33
063076;Saviano;I469;Napoli;NA;Campania;ITF33
063077;Scisciano;I540;Napoli;NA;Campania;ITF33
063078;Serrara Fontana;I652;Napoli;NA;Campania;ITF33
063079;Somma Vesuviana;I820;Napoli;NA;Campania;ITF33
063080;Sorrento;I862;Napoli;NA;Campania;ITF33
063081;Striano;I978;Napoli;NA;Campania;ITF33
063082;Terzigno;L142;Napoli;NA;Campania;ITF33
063083;Torre Annunziata;L245;Napoli;NA;Campania;ITF33
063084;Torre del Greco;L259;Napoli;NA;Campania;ITF33
063085;Tufino;L460;Napoli;NA;Campania;ITF33
063086;Vico Equense;L845;Napoli;NA;Campania;ITF33
063087;Villaricca;G309;Napoli;NA;Campania;ITF33
063088;Visciano;M072;Napoli;NA;Campania;ITF33
063089;Volla;M115;Napoli;NA;Campania;ITF33
063090;Santa Maria la Carità;M273;Napoli;NA;Campania;ITF33
063091;Trecase;M280;Napoli;NA;Campania;ITF33
063092;Massa di Somma;M289;Napoli;NA;Campania;ITF33
064001;Aiello del Sabato;A101;Avellino;AV;Campania;ITF34
064002;Altavilla Irpina;A228;Avellino;AV;Campania;ITF34
064003;Andretta;A284;Avellino;AV;Campania;ITF34
064004;Aquilonia;A347;Avellino;AV;Campania;ITF34
064005;Ariano Irpino;A399;Avellino;AV;Campania;ITF34
064006;Atripalda;A489;Avellino;AV;Campania;ITF34
064007;Avella;A508;Avellino;AV;Campania;ITF34
064008;Avellino;A509;Avellino;AV;Campania;ITF34
064009;Bagnoli Irpino;A566;Avellino;AV;Campania;ITF34
064010;Baiano;A580;Avellino;AV;Campania;ITF34
064011;Bisaccia;A881;Avellino;AV;Campania;ITF34
064012;Bonito;A975;Avellino;AV;Campania;ITF34
064013;Cairano;B367;Avellino;AV;Campania;ITF34
064014;Calabritto;B374;Avellino;AV;Campania;ITF34
064015;Calitri;B415;Avellino;AV;Campania;ITF34
064016;Candida;B590;Avellino;AV;Campania;ITF34
064017;Caposele;B674;Avellino;AV;Campania;ITF34
064018;Capriglia Irpina;B706;Avellino;AV;Campania;ITF34
064019;Carife;B776;Avellino;AV;Campania;ITF34
064020;Casalbore;B866;Avellino;AV;Campania;ITF34
064021;Cassano Irpino;B997;Avellino;AV;Campania;ITF34
064022;Castel Baronia;C058;Avellino;AV;Campania;ITF34
064023;Castelfranci;C105;Avellino;AV;Campania;ITF34
064024;Castelvetere sul Calore;C283;Avellino;AV;Campania;ITF34
064025;Cervinara;C557;Avellino;AV;Campania;ITF34
064026;Cesinali;C576;Avellino;AV;Campania;ITF34
064027;Chianche;C606;Avellino;AV;Campania;ITF34
064028;Chiusano di San Domenico;C659;Avellino;AV;Campania;ITF34
064029;Contrada;C971;Avellino;AV;Campania;ITF34
064030;Conza della Campania;C976;Avellino;AV;Campania;ITF34
064031;Domicella;D331;Avellino;AV;Campania;ITF34
064032;Flumeri;D638;Avellino;AV;Campania;ITF34
064033;Fontanarosa;D671;Avellino;AV;Campania;ITF34
064034;Forino;D701;Avellino;AV;Campania;ITF34
064035;Frigento;D798;Avellino;AV;Campania;ITF34
064036;Gesualdo;D998;Avellino;AV;Campania;ITF34
064037;Greci;E161;Avellino;AV;Campania;ITF34
064038;Grottaminarda;E206;Avellino;AV;Campania;ITF34
064039;Grottolella;E214;Avellino;AV;Campania;ITF34
064040;Guardia Lombardi;E245;Avellino;AV;Campania;ITF34
064041;Lacedonia;E397;Avellino;AV;Campania;ITF34
064042;Lapio;E448;Avellino;AV;Campania;ITF34
064043;Lauro;E487;Avellino;AV;Campania;ITF34
064044;Lioni;E605;Avellino;AV;Campania;ITF34
064045;Luogosano;E746;Avellino;AV;Campania;ITF34
064046;Manocalzati;E891;Avellino;AV;Campania;ITF34
064047;Marzano di Nola;E997;Avellino;AV;Campania;ITF34
064048;Melito Irpino;F110;Avellino;AV;Campania;ITF34
064049;Mercogliano;F141;Avellino;AV;Campania;ITF34
064050;Mirabella Eclano;F230;Avellino;AV;Campania;ITF34
064051;Montaguto;F397;Avellino;AV;Campania;ITF34
064052;Montecalvo Irpino;F448;Avellino;AV;Campania;ITF34
064053;Montefalcione;F491;Avellino;AV;Campania;ITF34
064054;Monteforte Irpino;F506;Avellino;AV;Campania;ITF34
064055;Montefredane;F511;Avellino;AV;Campania;ITF34
064056;Montefusco;F512;Avellino;AV;Campania;ITF34
064057;Montella;F546;Avellino;AV;Campania;ITF34
064058;Montemarano;F559;Avellino;AV;Campania;ITF34
064059;Montemiletto;F566;Avellino;AV;Campania;ITF34
064060;Monteverde;F660;Avellino;AV;Campania;ITF34
064063;Morra De Sanctis;F744;Avellino;AV;Campania;ITF34
064064;Moschiano;F762;Avellino;AV;Campania;ITF34
064065;Mugnano del Cardinale;F798;Avellino;AV;Campania;ITF34
064066;Nusco;F988;Avellino;AV;Campania;ITF34
064067;Ospedaletto d'Alpinolo;G165;Avellino;AV;Campania;ITF34
064068;Pago del Vallo di Lauro;G242;Avellino;AV;Campania;ITF34
064069;Parolise;G340;Avellino;AV;Campania;ITF34
064070;Paternopoli;G370;Avellino;AV;Campania;ITF34
064071;Petruro Irpino;G519;Avellino;AV;Campania;ITF34
064072;Pietradefusi;G611;Avellino;AV;Campania;ITF34
064073;Pietrastornina;G629;Avellino;AV;Campania;ITF34
064074;Prata di Principato Ultra;G990;Avellino;AV;Campania;ITF34
064075;Pratola Serra;H006;Avellino;AV;Campania;ITF34
064076;Quadrelle;H097;Avellino;AV;Campania;ITF34
064077;Quindici;H128;Avellino;AV;Campania;ITF34
064078;Roccabascerana;H382;Avellino;AV;Campania;ITF34
064079;Rocca San Felice;H438;Avellino;AV;Campania;ITF34
064080;Rotondi;H592;Avellino;AV;Campania;ITF34
064081;Salza Irpina;H733;Avellino;AV;Campania;ITF34
064082;San Mango sul Calore;H975;Avellino;AV;Campania;ITF34
064083;San Martino Valle Caudina;I016;Avellino;AV;Campania;ITF34
064084;San Michele di Serino;I034;Avellino;AV;Campania;ITF34
064085;San Nicola Baronia;I061;Avellino;AV;Campania;ITF34
064086;San Potito Ultra;I129;Avellino;AV;Campania;ITF34
064087;San Sossio Baronia;I163;Avellino;AV;Campania;ITF34
064088;Santa Lucia di Serino;I219;Avellino;AV;Campania;ITF34
064089;Sant'Andrea di Conza;I264;Avellino;AV;Campania;ITF34
064090;Sant'Angelo all'Esca;I279;Avellino;AV;Campania;ITF34
064091;Sant'Angelo a Scala;I280;Avellino;AV;Campania;ITF34
064092;Sant'Angelo dei Lombardi;I281;Avellino;AV;Campania;ITF34
064093;Santa Paolina;I301;Avellino;AV;Campania;ITF34
064095;Santo Stefano del Sole;I357;Avellino;AV;Campania;ITF34
064096;Savignano Irpino;I471;Avellino;AV;Campania;ITF34
064097;Scampitella;I493;Avellino;AV;Campania;ITF34
064098;Senerchia;I606;Avellino;AV;Campania;ITF34
064099;Serino;I630;Avellino;AV;Campania;ITF34
064100;Sirignano;I756;Avellino;AV;Campania;ITF34
064101;Solofra;I805;Avellino;AV;Campania;ITF34
064102;Sorbo Serpico;I843;Avellino;AV;Campania;ITF34
064103;Sperone;I893;Avellino;AV;Campania;ITF34
064104;Sturno;I990;Avellino;AV;Campania;ITF34
064105;Summonte;L004;Avellino;AV;Campania;ITF34
064106;Taurano;L061;Avellino;AV;Campania;ITF34
064107;Taurasi;L062;Avellino;AV;Campania;ITF34
064108;Teora;L102;Avellino;AV;Campania;ITF34
064109;Torella dei Lombardi;L214;Avellino;AV;Campania;ITF34
064110;Torre Le Nocelle;L272;Avellino;AV;Campania;ITF34
064111;Torrioni;L301;Avellino;AV;Campania;ITF34
064112;Trevico;L399;Avellino;AV;Campania;ITF34
064113;Tufo;L461;Avellino;AV;Campania;ITF34
064114;Vallata;L589;Avellino;AV;Campania;ITF34
064115;Vallesaccarda;L616;Avellino;AV;Campania;ITF34
064116;Venticano;L739;Avellino;AV;Campania;ITF34
064117;Villamaina;L965;Avellino;AV;Campania;ITF34
064118;Villanova del Battista;L973;Avellino;AV;Campania;ITF34
064119;Volturara Irpina;M130;Avellino;AV;Campania;ITF34
064120;Zungoli;M203;Avellino;AV;Campania;ITF34
064121;Montoro;M330;Avellino;AV;Campania;ITF34
065001;Acerno;A023;Salerno;SA;Campania;ITF35
065002;Agropoli;A091;Salerno;SA;Campania;ITF35
065003;Albanella;A128;Salerno;SA;Campania;ITF35
065004;Alfano;A186;Salerno;SA;Campania;ITF35
065005;Altavilla Silentina;A230;Salerno;SA;Campania;ITF35
065006;Amalfi;A251;Salerno;SA;Campania;ITF35
065007;Angri;A294;Salerno;SA;Campania;ITF35
065008;Aquara;A343;Salerno;SA;Campania;ITF35
065009;Ascea;A460;Salerno;SA;Campania;ITF35
065010;Atena Lucana;A484;Salerno;SA;Campania;ITF35
065011;Atrani;A487;Salerno;SA;Campania;ITF35
065012;Auletta;A495;Salerno;SA;Campania;ITF35
065013;Baronissi;A674;Salerno;SA;Campania;ITF35
065014;Battipaglia;A717;Salerno;SA;Campania;ITF35
065015;Bellosguardo;A756;Salerno;SA;Campania;ITF35
065016;Bracigliano;B115;Salerno;SA;Campania;ITF35
065017;Buccino;B242;Salerno;SA;Campania;ITF35
065018;Buonabitacolo;B266;Salerno;SA;Campania;ITF35
065019;Caggiano;B351;Salerno;SA;Campania;ITF35
065020;Calvanico;B437;Salerno;SA;Campania;ITF35
065021;Camerota;B476;Salerno;SA;Campania;ITF35
065022;Campagna;B492;Salerno;SA;Campania;ITF35
065023;Campora;B555;Salerno;SA;Campania;ITF35
065024;Cannalonga;B608;Salerno;SA;Campania;ITF35
065025;Capaccio Paestum;B644;Salerno;SA;Campania;ITF35
065026;Casalbuono;B868;Salerno;SA;Campania;ITF35
065027;Casaletto Spartano;B888;Salerno;SA;Campania;ITF35
065028;Casal Velino;B895;Salerno;SA;Campania;ITF35
065029;Caselle in Pittari;B959;Salerno;SA;Campania;ITF35
065030;Castelcivita;C069;Salerno;SA;Campania;ITF35
065031;Castellabate;C125;Salerno;SA;Campania;ITF35
065032;Castelnuovo Cilento;C231;Salerno;SA;Campania;ITF35
065033;Castelnuovo di Conza;C235;Salerno;SA;Campania;ITF35
065034;Castel San Giorgio;C259;Salerno;SA;Campania;ITF35
065035;Castel San Lorenzo;C262;Salerno;SA;Campania;ITF35
065036;Castiglione del Genovesi;C306;Salerno;SA;Campania;ITF35
065037;Cava de' Tirreni;C361;Salerno;SA;Campania;ITF35
065038;Celle di Bulgheria;C444;Salerno;SA;Campania;ITF35
065039;Centola;C470;Salerno;SA;Campania;ITF35
065040;Ceraso;C485;Salerno;SA;Campania;ITF35
065041;Cetara;C584;Salerno;SA;Campania;ITF35
065042;Cicerale;C676;Salerno;SA;Campania;ITF35
065043;Colliano;C879;Salerno;SA;Campania;ITF35
065044;Conca dei Marini;C940;Salerno;SA;Campania;ITF35
065045;Controne;C973;Salerno;SA;Campania;ITF35
065046;Contursi Terme;C974;Salerno;SA;Campania;ITF35
065047;Corbara;C984;Salerno;SA;Campania;ITF35
065048;Corleto Monforte;D011;Salerno;SA;Campania;ITF35
065049;Cuccaro Vetere;D195;Salerno;SA;Campania;ITF35
065050;Eboli;D390;Salerno;SA;Campania;ITF35
065051;Felitto;D527;Salerno;SA;Campania;ITF35
065052;Fisciano;D615;Salerno;SA;Campania;ITF35
065053;Furore;D826;Salerno;SA;Campania;ITF35
065054;Futani;D832;Salerno;SA;Campania;ITF35
065055;Giffoni Sei Casali;E026;Salerno;SA;Campania;ITF35
065056;Giffoni Valle Piana;E027;Salerno;SA;Campania;ITF35
065057;Gioi;E037;Salerno;SA;Campania;ITF35
065058;Giungano;E060;Salerno;SA;Campania;ITF35
065059;Ispani;E365;Salerno;SA;Campania;ITF35
065060;Laureana Cilento;E480;Salerno;SA;Campania;ITF35
065061;Laurino;E485;Salerno;SA;Campania;ITF35
065062;Laurito;E486;Salerno;SA;Campania;ITF35
065063;Laviano;E498;Salerno;SA;Campania;ITF35
065064;Lustra;E767;Salerno;SA;Campania;ITF35
065065;Magliano Vetere;E814;Salerno;SA;Campania;ITF35
065066;Maiori;E839;Salerno;SA;Campania;ITF35
065067;Mercato San Severino;F138;Salerno;SA;Campania;ITF35
065068;Minori;F223;Salerno;SA;Campania;ITF35
065069;Moio della Civitella;F278;Salerno;SA;Campania;ITF35
065070;Montano Antilia;F426;Salerno;SA;Campania;ITF35
065071;Montecorice;F479;Salerno;SA;Campania;ITF35
065072;Montecorvino Pugliano;F480;Salerno;SA;Campania;ITF35
065073;Montecorvino Rovella;F481;Salerno;SA;Campania;ITF35
065074;Monteforte Cilento;F507;Salerno;SA;Campania;ITF35
065075;Monte San Giacomo;F618;Salerno;SA;Campania;ITF35
065076;Montesano sulla Marcellana;F625;Salerno;SA;Campania;ITF35
065077;Morigerati;F731;Salerno;SA;Campania;ITF35
065078;Nocera Inferiore;F912;Salerno;SA;Campania;ITF35
065079;Nocera Superiore;F913;Salerno;SA;Campania;ITF35
065080;Novi Velia;F967;Salerno;SA;Campania;ITF35
065081;Ogliastro Cilento;G011;Salerno;SA;Campania;ITF35
065082;Olevano sul Tusciano;G023;Salerno;SA;Campania;ITF35
065083;Oliveto Citra;G039;Salerno;SA;Campania;ITF35
065084;Omignano;G063;Salerno;SA;Campania;ITF35
065085;Orria;G121;Salerno;SA;Campania;ITF35
065086;Ottati;G192;Salerno;SA;Campania;ITF35
065087;Padula;G226;Salerno;SA;Campania;ITF35
065088;Pagani;G230;Salerno;SA;Campania;ITF35
065089;Palomonte;G292;Salerno;SA;Campania;ITF35
065090;Pellezzano;G426;Salerno;SA;Campania;ITF35
065091;Perdifumo;G447;Salerno;SA;Campania;ITF35
065092;Perito;G455;Salerno;SA;Campania;ITF35
065093;Pertosa;G476;Salerno;SA;Campania;ITF35
065094;Petina;G509;Salerno;SA;Campania;ITF35
065095;Piaggine;G538;Salerno;SA;Campania;ITF35
065096;Pisciotta;G707;Salerno;SA;Campania;ITF35
065097;Polla;G793;Salerno;SA;Campania;ITF35
065098;Pollica;G796;Salerno;SA;Campania;ITF35
065099;Pontecagnano Faiano;G834;Salerno;SA;Campania;ITF35
065100;Positano;G932;Salerno;SA;Campania;ITF35
065101;Postiglione;G939;Salerno;SA;Campania;ITF35
065102;Praiano;G976;Salerno;SA;Campania;ITF35
065103;Prignano Cilento;H062;Salerno;SA;Campania;ITF35
065104;Ravello;H198;Salerno;SA;Campania;ITF35
065105;Ricigliano;H277;Salerno;SA;Campania;ITF35
065106;Roccadaspide;H394;Salerno;SA;Campania;ITF35
065107;Roccagloriosa;H412;Salerno;SA;Campania;ITF35
065108;Roccapiemonte;H431;Salerno;SA;Campania;ITF35
065109;Rofrano;H485;Salerno;SA;Campania;ITF35
065110;Romagnano al Monte;H503;Salerno;SA;Campania;ITF35
065111;Roscigno;H564;Salerno;SA;Campania;ITF35
065112;Rutino;H644;Salerno;SA;Campania;ITF35
065113;Sacco;H654;Salerno;SA;Campania;ITF35
065114;Sala Consilina;H683;Salerno;SA;Campania;ITF35
065115;Salento;H686;Salerno;SA;Campania;ITF35
065116;Salerno;H703;Salerno;SA;Campania;ITF35
065117;Salvitelle;H732;Salerno;SA;Campania;ITF35
065118;San Cipriano Picentino;H800;Salerno;SA;Campania;ITF35
065119;San Giovanni a Piro;H907;Salerno;SA;Campania;ITF35
065120;San Gregorio Magno;H943;Salerno;SA;Campania;ITF35
065121;San Mango Piemonte;H977;Salerno;SA;Campania;ITF35
065122;San Marzano sul Sarno;I019;Salerno;SA;Campania;ITF35
065123;San Mauro Cilento;I031;Salerno;SA;Campania;ITF35
065124;San Mauro la Bruca;I032;Salerno;SA;Campania;ITF35
065125;San Pietro al Tanagro;I089;Salerno;SA;Campania;ITF35
065126;San Rufo;I143;Salerno;SA;Campania;ITF35
065127;Santa Marina;I253;Salerno;SA;Campania;ITF35
065128;Sant'Angelo a Fasanella;I278;Salerno;SA;Campania;ITF35
065129;Sant'Arsenio;I307;Salerno;SA;Campania;ITF35
065130;Sant'Egidio del Monte Albino;I317;Salerno;SA;Campania;ITF35
065131;Santomenna;I260;Salerno;SA;Campania;ITF35
065132;San Valentino Torio;I377;Salerno;SA;Campania;ITF35
065133;Sanza;I410;Salerno;SA;Campania;ITF35
065134;Sapri;I422;Salerno;SA;Campania;ITF35
065135;Sarno;I438;Salerno;SA;Campania;ITF35
065136;Sassano;I451;Salerno;SA;Campania;ITF35
065137;Scafati;I483;Salerno;SA;Campania;ITF35
065138;Scala;I486;Salerno;SA;Campania;ITF35
065139;Serramezzana;I648;Salerno;SA;Campania;ITF35
065140;Serre;I666;Salerno;SA;Campania;ITF35
065141;Sessa Cilento;I677;Salerno;SA;Campania;ITF35
065142;Siano;I720;Salerno;SA;Campania;ITF35
065143;Sicignano degli Alburni;M253;Salerno;SA;Campania;ITF35
065144;Stella Cilento;G887;Salerno;SA;Campania;ITF35
065145;Stio;I960;Salerno;SA;Campania;ITF35
065146;Teggiano;D292;Salerno;SA;Campania;ITF35
065147;Torchiara;L212;Salerno;SA;Campania;ITF35
065148;Torraca;L233;Salerno;SA;Campania;ITF35
065149;Torre Orsaia;L274;Salerno;SA;Campania;ITF35
065150;Tortorella;L306;Salerno;SA;Campania;ITF35
065151;Tramonti;L323;Salerno;SA;Campania;ITF35
065152;Trentinara;L377;Salerno;SA;Campania;ITF35
065153;Valle dell'Angelo;G540;Salerno;SA;Campania;ITF35
065154;Vallo della Lucania;L628;Salerno;SA;Campania;ITF35
065155;Valva;L656;Salerno;SA;Campania;ITF35
065156;Vibonati;L835;Salerno;SA;Campania;ITF35
065157;Vietri sul Mare;L860;Salerno;SA;Campania;ITF35
065158;Bellizzi;M294;Salerno;SA;Campania;ITF35
066001;Acciano;A018;L'Aquila;AQ;Abruzzo;ITF11
066002;Aielli;A100;L'Aquila;AQ;Abruzzo;ITF11
066003;Alfedena;A187;L'Aquila;AQ;Abruzzo;ITF11
066004;Anversa degli Abruzzi;A318;L'Aquila;AQ;Abruzzo;ITF11
066005;Ateleta;A481;L'Aquila;AQ;Abruzzo;ITF11
066006;Avezzano;A515;L'Aquila;AQ;Abruzzo;ITF11
066007;Balsorano;A603;L'Aquila;AQ;Abruzzo;ITF11
066008;Barete;A656;L'Aquila;AQ;Abruzzo;ITF11
066009;Barisciano;A667;L'Aquila;AQ;Abruzzo;ITF11
066010;Barrea;A678;L'Aquila;AQ;Abruzzo;ITF11
066011;Bisegna;A884;L'Aquila;AQ;Abruzzo;ITF11
066012;Bugnara;B256;L'Aquila;AQ;Abruzzo;ITF11
066013;Cagnano Amiterno;B358;L'Aquila;AQ;Abruzzo;ITF11
066014;Calascio;B382;L'Aquila;AQ;Abruzzo;ITF11
066015;Campo di Giove;B526;L'Aquila;AQ;Abruzzo;ITF11
066016;Campotosto;B569;L'Aquila;AQ;Abruzzo;ITF11
066017;Canistro;B606;L'Aquila;AQ;Abruzzo;ITF11
066018;Cansano;B624;L'Aquila;AQ;Abruzzo;ITF11
066019;Capestrano;B651;L'Aquila;AQ;Abruzzo;ITF11
066020;Capistrello;B656;L'Aquila;AQ;Abruzzo;ITF11
066021;Capitignano;B658;L'Aquila;AQ;Abruzzo;ITF11
066022;Caporciano;B672;L'Aquila;AQ;Abruzzo;ITF11
066023;Cappadocia;B677;L'Aquila;AQ;Abruzzo;ITF11
066024;Carapelle Calvisio;B725;L'Aquila;AQ;Abruzzo;ITF11
066025;Carsoli;B842;L'Aquila;AQ;Abruzzo;ITF11
066026;Castel del Monte;C083;L'Aquila;AQ;Abruzzo;ITF11
066027;Castel di Ieri;C090;L'Aquila;AQ;Abruzzo;ITF11
066028;Castel di Sangro;C096;L'Aquila;AQ;Abruzzo;ITF11
066029;Castellafiume;C126;L'Aquila;AQ;Abruzzo;ITF11
066030;Castelvecchio Calvisio;C278;L'Aquila;AQ;Abruzzo;ITF11
066031;Castelvecchio Subequo;C279;L'Aquila;AQ;Abruzzo;ITF11
066032;Celano;C426;L'Aquila;AQ;Abruzzo;ITF11
066033;Cerchio;C492;L'Aquila;AQ;Abruzzo;ITF11
066034;Civita d'Antino;C766;L'Aquila;AQ;Abruzzo;ITF11
066035;Civitella Alfedena;C778;L'Aquila;AQ;Abruzzo;ITF11
066036;Civitella Roveto;C783;L'Aquila;AQ;Abruzzo;ITF11
066037;Cocullo;C811;L'Aquila;AQ;Abruzzo;ITF11
066038;Collarmele;C844;L'Aquila;AQ;Abruzzo;ITF11
066039;Collelongo;C862;L'Aquila;AQ;Abruzzo;ITF11
066040;Collepietro;C866;L'Aquila;AQ;Abruzzo;ITF11
066041;Corfinio;C999;L'Aquila;AQ;Abruzzo;ITF11
066042;Fagnano Alto;D465;L'Aquila;AQ;Abruzzo;ITF11
066043;Fontecchio;D681;L'Aquila;AQ;Abruzzo;ITF11
066044;Fossa;D736;L'Aquila;AQ;Abruzzo;ITF11
066045;Gagliano Aterno;D850;L'Aquila;AQ;Abruzzo;ITF11
066046;Gioia dei Marsi;E040;L'Aquila;AQ;Abruzzo;ITF11
066047;Goriano Sicoli;E096;L'Aquila;AQ;Abruzzo;ITF11
066048;Introdacqua;E307;L'Aquila;AQ;Abruzzo;ITF11
066049;L'Aquila;A345;L'Aquila;AQ;Abruzzo;ITF11
066050;Lecce nei Marsi;E505;L'Aquila;AQ;Abruzzo;ITF11
066051;Luco dei Marsi;E723;L'Aquila;AQ;Abruzzo;ITF11
066052;Lucoli;E724;L'Aquila;AQ;Abruzzo;ITF11
066053;Magliano de' Marsi;E811;L'Aquila;AQ;Abruzzo;ITF11
066054;Massa d'Albe;F022;L'Aquila;AQ;Abruzzo;ITF11
066055;Molina Aterno;M255;L'Aquila;AQ;Abruzzo;ITF11
066056;Montereale;F595;L'Aquila;AQ;Abruzzo;ITF11
066057;Morino;F732;L'Aquila;AQ;Abruzzo;ITF11
066058;Navelli;F852;L'Aquila;AQ;Abruzzo;ITF11
066059;Ocre;F996;L'Aquila;AQ;Abruzzo;ITF11
066060;Ofena;G002;L'Aquila;AQ;Abruzzo;ITF11
066061;Opi;G079;L'Aquila;AQ;Abruzzo;ITF11
066062;Oricola;G102;L'Aquila;AQ;Abruzzo;ITF11
066063;Ortona dei Marsi;G142;L'Aquila;AQ;Abruzzo;ITF11
066064;Ortucchio;G145;L'Aquila;AQ;Abruzzo;ITF11
066065;Ovindoli;G200;L'Aquila;AQ;Abruzzo;ITF11
066066;Pacentro;G210;L'Aquila;AQ;Abruzzo;ITF11
066067;Pereto;G449;L'Aquila;AQ;Abruzzo;ITF11
066068;Pescasseroli;G484;L'Aquila;AQ;Abruzzo;ITF11
066069;Pescina;G492;L'Aquila;AQ;Abruzzo;ITF11
066070;Pescocostanzo;G493;L'Aquila;AQ;Abruzzo;ITF11
066071;Pettorano sul Gizio;G524;L'Aquila;AQ;Abruzzo;ITF11
066072;Pizzoli;G726;L'Aquila;AQ;Abruzzo;ITF11
066073;Poggio Picenze;G766;L'Aquila;AQ;Abruzzo;ITF11
066074;Prata d'Ansidonia;G992;L'Aquila;AQ;Abruzzo;ITF11
066075;Pratola Peligna;H007;L'Aquila;AQ;Abruzzo;ITF11
066076;Prezza;H056;L'Aquila;AQ;Abruzzo;ITF11
066077;Raiano;H166;L'Aquila;AQ;Abruzzo;ITF11
066078;Rivisondoli;H353;L'Aquila;AQ;Abruzzo;ITF11
066079;Roccacasale;H389;L'Aquila;AQ;Abruzzo;ITF11
066080;Rocca di Botte;H399;L'Aquila;AQ;Abruzzo;ITF11
066081;Rocca di Cambio;H400;L'Aquila;AQ;Abruzzo;ITF11
066082;Rocca di Mezzo;H402;L'Aquila;AQ;Abruzzo;ITF11
066083;Rocca Pia;H429;L'Aquila;AQ;Abruzzo;ITF11
066084;Roccaraso;H434;L'Aquila;AQ;Abruzzo;ITF11
066085;San Benedetto dei Marsi;H772;L'Aquila;AQ;Abruzzo;ITF11
066086;San Benedetto in Perillis;H773;L'Aquila;AQ;Abruzzo;ITF11
066087;San Demetrio ne' Vestini;H819;L'Aquila;AQ;Abruzzo;ITF11
066088;San Pio delle Camere;I121;L'Aquila;AQ;Abruzzo;ITF11
066089;Sante Marie;I326;L'Aquila;AQ;Abruzzo;ITF11
066090;Sant'Eusanio Forconese;I336;L'Aquila;AQ;Abruzzo;ITF11
066091;Santo Stefano di Sessanio;I360;L'Aquila;AQ;Abruzzo;ITF11
066092;San Vincenzo Valle Roveto;I389;L'Aquila;AQ;Abruzzo;ITF11
066093;Scanno;I501;L'Aquila;AQ;Abruzzo;ITF11
066094;Scontrone;I543;L'Aquila;AQ;Abruzzo;ITF11
066095;Scoppito;I546;L'Aquila;AQ;Abruzzo;ITF11
066096;Scurcola Marsicana;I553;L'Aquila;AQ;Abruzzo;ITF11
066097;Secinaro;I558;L'Aquila;AQ;Abruzzo;ITF11
066098;Sulmona;I804;L'Aquila;AQ;Abruzzo;ITF11
066099;Tagliacozzo;L025;L'Aquila;AQ;Abruzzo;ITF11
066100;Tione degli Abruzzi;L173;L'Aquila;AQ;Abruzzo;ITF11
066101;Tornimparte;L227;L'Aquila;AQ;Abruzzo;ITF11
066102;Trasacco;L334;L'Aquila;AQ;Abruzzo;ITF11
066103;Villalago;L958;L'Aquila;AQ;Abruzzo;ITF11
066104;Villa Santa Lucia degli Abruzzi;M021;L'Aquila;AQ;Abruzzo;ITF11
066105;Villa Sant'Angelo;M023;L'Aquila;AQ;Abruzzo;ITF11
066106;Villavallelonga;M031;L'Aquila;AQ;Abruzzo;ITF11
066107;Villetta Barrea;M041;L'Aquila;AQ;Abruzzo;ITF11
066108;Vittorito;M090;L'Aquila;AQ;Abruzzo;ITF11
067001;Alba Adriatica;A125;Teramo;TE;Abruzzo;ITF12
067002;Ancarano;A270;Teramo;TE;Abruzzo;ITF12
067003;Arsita;A445;Teramo;TE;Abruzzo;ITF12
067004;Atri;A488;Teramo;TE;Abruzzo;ITF12
067005;Basciano;A692;Teramo;TE;Abruzzo;ITF12
067006;Bellante;A746;Teramo;TE;Abruzzo;ITF12
067007;Bisenti;A885;Teramo;TE;Abruzzo;ITF12
067008;Campli;B515;Teramo;TE;Abruzzo;ITF12
067009;Canzano;B640;Teramo;TE;Abruzzo;ITF12
067010;Castel Castagna;C040;Teramo;TE;Abruzzo;ITF12
067011;Castellalto;C128;Teramo;TE;Abruzzo;ITF12
067012;Castelli;C169;Teramo;TE;Abruzzo;ITF12
067013;Castiglione Messer Raimondo;C316;Teramo;TE;Abruzzo;ITF12
067014;Castilenti;C322;Teramo;TE;Abruzzo;ITF12
067015;Cellino Attanasio;C449;Teramo;TE;Abruzzo;ITF12
067016;Cermignano;C517;Teramo;TE;Abruzzo;ITF12
067017;Civitella del Tronto;C781;Teramo;TE;Abruzzo;ITF12
067018;Colledara;C311;Teramo;TE;Abruzzo;ITF12
067019;Colonnella;C901;Teramo;TE;Abruzzo;ITF12
067020;Controguerra;C972;Teramo;TE;Abruzzo;ITF12
067021;Corropoli;D043;Teramo;TE;Abruzzo;ITF12
067022;Cortino;D076;Teramo;TE;Abruzzo;ITF12
067023;Crognaleto;D179;Teramo;TE;Abruzzo;ITF12
067024;Fano Adriano;D489;Teramo;TE;Abruzzo;ITF12
067025;Giulianova;E058;Teramo;TE;Abruzzo;ITF12
067026;Isola del Gran Sasso d'Italia;E343;Teramo;TE;Abruzzo;ITF12
067027;Montefino;F500;Teramo;TE;Abruzzo;ITF12
067028;Montorio al Vomano;F690;Teramo;TE;Abruzzo;ITF12
067029;Morro d'Oro;F747;Teramo;TE;Abruzzo;ITF12
067030;Mosciano Sant'Angelo;F764;Teramo;TE;Abruzzo;ITF12
067031;Nereto;F870;Teramo;TE;Abruzzo;ITF12
067032;Notaresco;F942;Teramo;TE;Abruzzo;ITF12
067033;Penna Sant'Andrea;G437;Teramo;TE;Abruzzo;ITF12
067034;Pietracamela;G608;Teramo;TE;Abruzzo;ITF12
067035;Pineto;F831;Teramo;TE;Abruzzo;ITF12
067036;Rocca Santa Maria;H440;Teramo;TE;Abruzzo;ITF12
067037;Roseto degli Abruzzi;F585;Teramo;TE;Abruzzo;ITF12
067038;Sant'Egidio alla Vibrata;I318;Teramo;TE;Abruzzo;ITF12
067039;Sant'Omero;I348;Teramo;TE;Abruzzo;ITF12
067040;Silvi;I741;Teramo;TE;Abruzzo;ITF12
067041;Teramo;L103;Teramo;TE;Abruzzo;ITF12
067042;Torano Nuovo;L207;Teramo;TE;Abruzzo;ITF12
067043;Torricella Sicura;L295;Teramo;TE;Abruzzo;ITF12
067044;Tortoreto;L307;Teramo;TE;Abruzzo;ITF12
067045;Tossicia;L314;Teramo;TE;Abruzzo;ITF12
067046;Valle Castellana;L597;Teramo;TE;Abruzzo;ITF12
067047;Martinsicuro;E989;Teramo;TE;Abruzzo;ITF12
068001;Abbateggio;A008;Pescara;PE;Abruzzo;ITF13
068002;Alanno;A120;Pescara;PE;Abruzzo;ITF13
068003;Bolognano;A945;Pescara;PE;Abruzzo;ITF13
068004;Brittoli;B193;Pescara;PE;Abruzzo;ITF13
068005;Bussi sul Tirino;B294;Pescara;PE;Abruzzo;ITF13
068006;Cappelle sul Tavo;B681;Pescara;PE;Abruzzo;ITF13
068007;Caramanico Terme;B722;Pescara;PE;Abruzzo;ITF13
068008;Carpineto della Nora;B827;Pescara;PE;Abruzzo;ITF13
068009;Castiglione a Casauria;C308;Pescara;PE;Abruzzo;ITF13
068010;Catignano;C354;Pescara;PE;Abruzzo;ITF13
068011;Cepagatti;C474;Pescara;PE;Abruzzo;ITF13
068012;Città Sant'Angelo;C750;Pescara;PE;Abruzzo;ITF13
068013;Civitaquana;C771;Pescara;PE;Abruzzo;ITF13
068014;Civitella Casanova;C779;Pescara;PE;Abruzzo;ITF13
068015;Collecorvino;C853;Pescara;PE;Abruzzo;ITF13
068016;Corvara;D078;Pescara;PE;Abruzzo;ITF13
068017;Cugnoli;D201;Pescara;PE;Abruzzo;ITF13
068018;Elice;D394;Pescara;PE;Abruzzo;ITF13
068019;Farindola;D501;Pescara;PE;Abruzzo;ITF13
068020;Lettomanoppello;E558;Pescara;PE;Abruzzo;ITF13
068021;Loreto Aprutino;E691;Pescara;PE;Abruzzo;ITF13
068022;Manoppello;E892;Pescara;PE;Abruzzo;ITF13
068023;Montebello di Bertona;F441;Pescara;PE;Abruzzo;ITF13
068024;Montesilvano;F646;Pescara;PE;Abruzzo;ITF13
068025;Moscufo;F765;Pescara;PE;Abruzzo;ITF13
068026;Nocciano;F908;Pescara;PE;Abruzzo;ITF13
068027;Penne;G438;Pescara;PE;Abruzzo;ITF13
068028;Pescara;G482;Pescara;PE;Abruzzo;ITF13
068029;Pescosansonesco;G499;Pescara;PE;Abruzzo;ITF13
068030;Pianella;G555;Pescara;PE;Abruzzo;ITF13
068031;Picciano;G589;Pescara;PE;Abruzzo;ITF13
068032;Pietranico;G621;Pescara;PE;Abruzzo;ITF13
068033;Popoli Terme;G878;Pescara;PE;Abruzzo;ITF13
068034;Roccamorice;H425;Pescara;PE;Abruzzo;ITF13
068035;Rosciano;H562;Pescara;PE;Abruzzo;ITF13
068036;Salle;H715;Pescara;PE;Abruzzo;ITF13
068037;Sant'Eufemia a Maiella;I332;Pescara;PE;Abruzzo;ITF13
068038;San Valentino in Abruzzo Citeriore;I376;Pescara;PE;Abruzzo;ITF13
068039;Scafa;I482;Pescara;PE;Abruzzo;ITF13
068040;Serramonacesca;I649;Pescara;PE;Abruzzo;ITF13
068041;Spoltore;I922;Pescara;PE;Abruzzo;ITF13
068042;Tocco da Casauria;L186;Pescara;PE;Abruzzo;ITF13
068043;Torre de' Passeri;L263;Pescara;PE;Abruzzo;ITF13
068044;Turrivalignani;L475;Pescara;PE;Abruzzo;ITF13
068045;Vicoli;L846;Pescara;PE;Abruzzo;ITF13
068046;Villa Celiera;L922;Pescara;PE;Abruzzo;ITF13
069001;Altino;A235;Chieti;CH;Abruzzo;ITF14
069002;Archi;A367;Chieti;CH;Abruzzo;ITF14
069003;Ari;A398;Chieti;CH;Abruzzo;ITF14
069004;Arielli;A402;Chieti;CH;Abruzzo;ITF14
069005;Atessa;A485;Chieti;CH;Abruzzo;ITF14
069006;Bomba;A956;Chieti;CH;Abruzzo;ITF14
069007;Borrello;B057;Chieti;CH;Abruzzo;ITF14
069008;Bucchianico;B238;Chieti;CH;Abruzzo;ITF14
069009;Montebello sul Sangro;B268;Chieti;CH;Abruzzo;ITF14
069010;Canosa Sannita;B620;Chieti;CH;Abruzzo;ITF14
069011;Carpineto Sinello;B826;Chieti;CH;Abruzzo;ITF14
069012;Carunchio;B853;Chieti;CH;Abruzzo;ITF14
069013;Casacanditella;B859;Chieti;CH;Abruzzo;ITF14
069014;Casalanguida;B861;Chieti;CH;Abruzzo;ITF14
069015;Casalbordino;B865;Chieti;CH;Abruzzo;ITF14
069016;Casalincontrada;B896;Chieti;CH;Abruzzo;ITF14
069017;Casoli;B985;Chieti;CH;Abruzzo;ITF14
069018;Castel Frentano;C114;Chieti;CH;Abruzzo;ITF14
069019;Castelguidone;C123;Chieti;CH;Abruzzo;ITF14
069020;Castiglione Messer Marino;C298;Chieti;CH;Abruzzo;ITF14
069021;Celenza sul Trigno;C428;Chieti;CH;Abruzzo;ITF14
069022;Chieti;C632;Chieti;CH;Abruzzo;ITF14
069023;Civitaluparella;C768;Chieti;CH;Abruzzo;ITF14
069024;Civitella Messer Raimondo;C776;Chieti;CH;Abruzzo;ITF14
069025;Colledimacine;C855;Chieti;CH;Abruzzo;ITF14
069026;Colledimezzo;C856;Chieti;CH;Abruzzo;ITF14
069027;Crecchio;D137;Chieti;CH;Abruzzo;ITF14
069028;Cupello;D209;Chieti;CH;Abruzzo;ITF14
069029;Dogliola;D315;Chieti;CH;Abruzzo;ITF14
069030;Fara Filiorum Petri;D494;Chieti;CH;Abruzzo;ITF14
069031;Fara San Martino;D495;Chieti;CH;Abruzzo;ITF14
069032;Filetto;D592;Chieti;CH;Abruzzo;ITF14
069033;Fossacesia;D738;Chieti;CH;Abruzzo;ITF14
069034;Fraine;D757;Chieti;CH;Abruzzo;ITF14
069035;Francavilla al Mare;D763;Chieti;CH;Abruzzo;ITF14
069036;Fresagrandinaria;D796;Chieti;CH;Abruzzo;ITF14
069037;Frisa;D803;Chieti;CH;Abruzzo;ITF14
069038;Furci;D823;Chieti;CH;Abruzzo;ITF14
069039;Gamberale;D898;Chieti;CH;Abruzzo;ITF14
069040;Gessopalena;D996;Chieti;CH;Abruzzo;ITF14
069041;Gissi;E052;Chieti;CH;Abruzzo;ITF14
069042;Giuliano Teatino;E056;Chieti;CH;Abruzzo;ITF14
069043;Guardiagrele;E243;Chieti;CH;Abruzzo;ITF14
069044;Guilmi;E266;Chieti;CH;Abruzzo;ITF14
069045;Lama dei Peligni;E424;Chieti;CH;Abruzzo;ITF14
069046;Lanciano;E435;Chieti;CH;Abruzzo;ITF14
069047;Lentella;E531;Chieti;CH;Abruzzo;ITF14
069048;Lettopalena;E559;Chieti;CH;Abruzzo;ITF14
069049;Liscia;E611;Chieti;CH;Abruzzo;ITF14
069050;Miglianico;F196;Chieti;CH;Abruzzo;ITF14
069051;Montazzoli;F433;Chieti;CH;Abruzzo;ITF14
069052;Monteferrante;F498;Chieti;CH;Abruzzo;ITF14
069053;Montelapiano;F535;Chieti;CH;Abruzzo;ITF14
069054;Montenerodomo;F578;Chieti;CH;Abruzzo;ITF14
069055;Monteodorisio;F582;Chieti;CH;Abruzzo;ITF14
069056;Mozzagrogna;F785;Chieti;CH;Abruzzo;ITF14
069057;Orsogna;G128;Chieti;CH;Abruzzo;ITF14
069058;Ortona;G141;Chieti;CH;Abruzzo;ITF14
069059;Paglieta;G237;Chieti;CH;Abruzzo;ITF14
069060;Palena;G271;Chieti;CH;Abruzzo;ITF14
069061;Palmoli;G290;Chieti;CH;Abruzzo;ITF14
069062;Palombaro;G294;Chieti;CH;Abruzzo;ITF14
069063;Pennadomo;G434;Chieti;CH;Abruzzo;ITF14
069064;Pennapiedimonte;G435;Chieti;CH;Abruzzo;ITF14
069065;Perano;G441;Chieti;CH;Abruzzo;ITF14
069066;Pizzoferrato;G724;Chieti;CH;Abruzzo;ITF14
069067;Poggiofiorito;G760;Chieti;CH;Abruzzo;ITF14
069068;Pollutri;G799;Chieti;CH;Abruzzo;ITF14
069069;Pretoro;H052;Chieti;CH;Abruzzo;ITF14
069070;Quadri;H098;Chieti;CH;Abruzzo;ITF14
069071;Rapino;H184;Chieti;CH;Abruzzo;ITF14
069072;Ripa Teatina;H320;Chieti;CH;Abruzzo;ITF14
069073;Roccamontepiano;H424;Chieti;CH;Abruzzo;ITF14
069074;Rocca San Giovanni;H439;Chieti;CH;Abruzzo;ITF14
069075;Roccascalegna;H442;Chieti;CH;Abruzzo;ITF14
069076;Roccaspinalveti;H448;Chieti;CH;Abruzzo;ITF14
069077;Roio del Sangro;H495;Chieti;CH;Abruzzo;ITF14
069078;Rosello;H566;Chieti;CH;Abruzzo;ITF14
069079;San Buono;H784;Chieti;CH;Abruzzo;ITF14
069080;San Giovanni Lipioni;H923;Chieti;CH;Abruzzo;ITF14
069081;San Giovanni Teatino;D690;Chieti;CH;Abruzzo;ITF14
069082;San Martino sulla Marrucina;H991;Chieti;CH;Abruzzo;ITF14
069083;San Salvo;I148;Chieti;CH;Abruzzo;ITF14
069084;Santa Maria Imbaro;I244;Chieti;CH;Abruzzo;ITF14
069085;Sant'Eusanio del Sangro;I335;Chieti;CH;Abruzzo;ITF14
069086;San Vito Chietino;I394;Chieti;CH;Abruzzo;ITF14
069087;Scerni;I520;Chieti;CH;Abruzzo;ITF14
069088;Schiavi di Abruzzo;I526;Chieti;CH;Abruzzo;ITF14
069089;Taranta Peligna;L047;Chieti;CH;Abruzzo;ITF14
069090;Tollo;L194;Chieti;CH;Abruzzo;ITF14
069091;Torino di Sangro;L218;Chieti;CH;Abruzzo;ITF14
069092;Tornareccio;L224;Chieti;CH;Abruzzo;ITF14
069093;Torrebruna;L253;Chieti;CH;Abruzzo;ITF14
069094;Torrevecchia Teatina;L284;Chieti;CH;Abruzzo;ITF14
069095;Torricella Peligna;L291;Chieti;CH;Abruzzo;ITF14
069096;Treglio;L363;Chieti;CH;Abruzzo;ITF14
069097;Tufillo;L459;Chieti;CH;Abruzzo;ITF14
069098;Vacri;L526;Chieti;CH;Abruzzo;ITF14
069099;Vasto;E372;Chieti;CH;Abruzzo;ITF14
069100;Villalfonsina;L961;Chieti;CH;Abruzzo;ITF14
069101;Villamagna;L964;Chieti;CH;Abruzzo;ITF14
069102;Villa Santa Maria;M022;Chieti;CH;Abruzzo;ITF14
069103;Pietraferrazzana;G613;Chieti;CH;Abruzzo;ITF14
069104;Fallo;D480;Chieti;CH;Abruzzo;ITF14
070001;Acquaviva Collecroce;A050;Campobasso;CB;Molise;ITF22
070002;Baranello;A616;Campobasso;CB;Molise;ITF22
070003;Bojano;A930;Campobasso;CB;Molise;ITF22
070004;Bonefro;A971;Campobasso;CB;Molise;ITF22
070005;Busso;B295;Campobasso;CB;Molise;ITF22
070006;Campobasso;B519;Campobasso;CB;Molise;ITF22
070007;Campochiaro;B522;Campobasso;CB;Molise;ITF22
070008;Campodipietra;B528;Campobasso;CB;Molise;ITF22
070009;Campolieto;B544;Campobasso;CB;Molise;ITF22
070010;Campomarino;B550;Campobasso;CB;Molise;ITF22
070011;Casacalenda;B858;Campobasso;CB;Molise;ITF22
070012;Casalciprano;B871;Campobasso;CB;Molise;ITF22
070013;Castelbottaccio;C066;Campobasso;CB;Molise;ITF22
070014;Castellino del Biferno;C175;Campobasso;CB;Molise;ITF22
070015;Castelmauro;C197;Campobasso;CB;Molise;ITF22
070016;Castropignano;C346;Campobasso;CB;Molise;ITF22
070017;Cercemaggiore;C486;Campobasso;CB;Molise;ITF22
070018;Cercepiccola;C488;Campobasso;CB;Molise;ITF22
070019;Civitacampomarano;C764;Campobasso;CB;Molise;ITF22
070020;Colle d'Anchise;C854;Campobasso;CB;Molise;ITF22
070021;Colletorto;C875;Campobasso;CB;Molise;ITF22
070022;Duronia;C772;Campobasso;CB;Molise;ITF22
070023;Ferrazzano;D550;Campobasso;CB;Molise;ITF22
070024;Fossalto;D737;Campobasso;CB;Molise;ITF22
070025;Gambatesa;D896;Campobasso;CB;Molise;ITF22
070026;Gildone;E030;Campobasso;CB;Molise;ITF22
070027;Guardialfiera;E244;Campobasso;CB;Molise;ITF22
070028;Guardiaregia;E248;Campobasso;CB;Molise;ITF22
070029;Guglionesi;E259;Campobasso;CB;Molise;ITF22
070030;Jelsi;E381;Campobasso;CB;Molise;ITF22
070031;Larino;E456;Campobasso;CB;Molise;ITF22
070032;Limosano;E599;Campobasso;CB;Molise;ITF22
070033;Lucito;E722;Campobasso;CB;Molise;ITF22
070034;Lupara;E748;Campobasso;CB;Molise;ITF22
070035;Macchia Valfortore;E780;Campobasso;CB;Molise;ITF22
070036;Mafalda;E799;Campobasso;CB;Molise;ITF22
070037;Matrice;F055;Campobasso;CB;Molise;ITF22
070038;Mirabello Sannitico;F233;Campobasso;CB;Molise;ITF22
070039;Molise;F294;Campobasso;CB;Molise;ITF22
070040;Monacilioni;F322;Campobasso;CB;Molise;ITF22
070041;Montagano;F391;Campobasso;CB;Molise;ITF22
070042;Montecilfone;F475;Campobasso;CB;Molise;ITF22
070043;Montefalcone nel Sannio;F495;Campobasso;CB;Molise;ITF22
070044;Montelongo;F548;Campobasso;CB;Molise;ITF22
070045;Montemitro;F569;Campobasso;CB;Molise;ITF22
070046;Montenero di Bisaccia;F576;Campobasso;CB;Molise;ITF22
070047;Montorio nei Frentani;F689;Campobasso;CB;Molise;ITF22
070048;Morrone del Sannio;F748;Campobasso;CB;Molise;ITF22
070049;Oratino;G086;Campobasso;CB;Molise;ITF22
070050;Palata;G257;Campobasso;CB;Molise;ITF22
070051;Petacciato;G506;Campobasso;CB;Molise;ITF22
070052;Petrella Tifernina;G512;Campobasso;CB;Molise;ITF22
070053;Pietracatella;G609;Campobasso;CB;Molise;ITF22
070054;Pietracupa;G610;Campobasso;CB;Molise;ITF22
070055;Portocannone;G910;Campobasso;CB;Molise;ITF22
070056;Provvidenti;H083;Campobasso;CB;Molise;ITF22
070057;Riccia;H273;Campobasso;CB;Molise;ITF22
070058;Ripabottoni;H311;Campobasso;CB;Molise;ITF22
070059;Ripalimosani;H313;Campobasso;CB;Molise;ITF22
070060;Roccavivara;H454;Campobasso;CB;Molise;ITF22
070061;Rotello;H589;Campobasso;CB;Molise;ITF22
070062;Salcito;H693;Campobasso;CB;Molise;ITF22
070063;San Biase;H782;Campobasso;CB;Molise;ITF22
070064;San Felice del Molise;H833;Campobasso;CB;Molise;ITF22
070065;San Giacomo degli Schiavoni;H867;Campobasso;CB;Molise;ITF22
070066;San Giovanni in Galdo;H920;Campobasso;CB;Molise;ITF22
070067;San Giuliano del Sannio;H928;Campobasso;CB;Molise;ITF22
070068;San Giuliano di Puglia;H929;Campobasso;CB;Molise;ITF22
070069;San Martino in Pensilis;H990;Campobasso;CB;Molise;ITF22
070070;San Massimo;I023;Campobasso;CB;Molise;ITF22
070071;San Polo Matese;I122;Campobasso;CB;Molise;ITF22
070072;Santa Croce di Magliano;I181;Campobasso;CB;Molise;ITF22
070073;Sant'Angelo Limosano;I289;Campobasso;CB;Molise;ITF22
070074;Sant'Elia a Pianisi;I320;Campobasso;CB;Molise;ITF22
070075;Sepino;I618;Campobasso;CB;Molise;ITF22
070076;Spinete;I910;Campobasso;CB;Molise;ITF22
070077;Tavenna;L069;Campobasso;CB;Molise;ITF22
070078;Termoli;L113;Campobasso;CB;Molise;ITF22
070079;Torella del Sannio;L215;Campobasso;CB;Molise;ITF22
070080;Toro;L230;Campobasso;CB;Molise;ITF22
070081;Trivento;L435;Campobasso;CB;Molise;ITF22
070082;Tufara;L458;Campobasso;CB;Molise;ITF22
070083;Ururi;L505;Campobasso;CB;Molise;ITF22
070084;Vinchiaturo;M057;Campobasso;CB;Molise;ITF22
071001;Accadia;A015;Foggia;FG;Puglia;ITF46
071002;Alberona;A150;Foggia;FG;Puglia;ITF46
071003;Anzano di Puglia;A320;Foggia;FG;Puglia;ITF46
071004;Apricena;A339;Foggia;FG;Puglia;ITF46
071005;Ascoli Satriano;A463;Foggia;FG;Puglia;ITF46
071006;Biccari;A854;Foggia;FG;Puglia;ITF46
071007;Bovino;B104;Foggia;FG;Puglia;ITF46
071008;Cagnano Varano;B357;Foggia;FG;Puglia;ITF46
071009;Candela;B584;Foggia;FG;Puglia;ITF46
071010;Carapelle;B724;Foggia;FG;Puglia;ITF46
071011;Carlantino;B784;Foggia;FG;Puglia;ITF46
071012;Carpino;B829;Foggia;FG;Puglia;ITF46
071013;Casalnuovo Monterotaro;B904;Foggia;FG;Puglia;ITF46
071014;Casalvecchio di Puglia;B917;Foggia;FG;Puglia;ITF46
071015;Castelluccio dei Sauri;C198;Foggia;FG;Puglia;ITF46
071016;Castelluccio Valmaggiore;C202;Foggia;FG;Puglia;ITF46
071017;Castelnuovo della Daunia;C222;Foggia;FG;Puglia;ITF46
071018;Celenza Valfortore;C429;Foggia;FG;Puglia;ITF46
071019;Celle di San Vito;C442;Foggia;FG;Puglia;ITF46
071020;Cerignola;C514;Foggia;FG;Puglia;ITF46
071021;Chieuti;C633;Foggia;FG;Puglia;ITF46
071022;Deliceto;D269;Foggia;FG;Puglia;ITF46
071023;Faeto;D459;Foggia;FG;Puglia;ITF46
071024;Foggia;D643;Foggia;FG;Puglia;ITF46
071025;Ischitella;E332;Foggia;FG;Puglia;ITF46
071026;Isole Tremiti;E363;Foggia;FG;Puglia;ITF46
071027;Lesina;E549;Foggia;FG;Puglia;ITF46
071028;Lucera;E716;Foggia;FG;Puglia;ITF46
071029;Manfredonia;E885;Foggia;FG;Puglia;ITF46
071031;Mattinata;F059;Foggia;FG;Puglia;ITF46
071032;Monteleone di Puglia;F538;Foggia;FG;Puglia;ITF46
071033;Monte Sant'Angelo;F631;Foggia;FG;Puglia;ITF46
071034;Motta Montecorvino;F777;Foggia;FG;Puglia;ITF46
071035;Orsara di Puglia;G125;Foggia;FG;Puglia;ITF46
071036;Orta Nova;G131;Foggia;FG;Puglia;ITF46
071037;Panni;G312;Foggia;FG;Puglia;ITF46
071038;Peschici;G487;Foggia;FG;Puglia;ITF46
071039;Pietramontecorvino;G604;Foggia;FG;Puglia;ITF46
071040;Poggio Imperiale;G761;Foggia;FG;Puglia;ITF46
071041;Rignano Garganico;H287;Foggia;FG;Puglia;ITF46
071042;Rocchetta Sant'Antonio;H467;Foggia;FG;Puglia;ITF46
071043;Rodi Garganico;H480;Foggia;FG;Puglia;ITF46
071044;Roseto Valfortore;H568;Foggia;FG;Puglia;ITF46
071046;San Giovanni Rotondo;H926;Foggia;FG;Puglia;ITF46
071047;San Marco in Lamis;H985;Foggia;FG;Puglia;ITF46
071048;San Marco la Catola;H986;Foggia;FG;Puglia;ITF46
071049;San Nicandro Garganico;I054;Foggia;FG;Puglia;ITF46
071050;San Paolo di Civitate;I072;Foggia;FG;Puglia;ITF46
071051;San Severo;I158;Foggia;FG;Puglia;ITF46
071052;Sant'Agata di Puglia;I193;Foggia;FG;Puglia;ITF46
071053;Serracapriola;I641;Foggia;FG;Puglia;ITF46
071054;Stornara;I962;Foggia;FG;Puglia;ITF46
071055;Stornarella;I963;Foggia;FG;Puglia;ITF46
071056;Torremaggiore;L273;Foggia;FG;Puglia;ITF46
071058;Troia;L447;Foggia;FG;Puglia;ITF46
071059;Vico del Gargano;L842;Foggia;FG;Puglia;ITF46
071060;Vieste;L858;Foggia;FG;Puglia;ITF46
071061;Volturara Appula;M131;Foggia;FG;Puglia;ITF46
071062;Volturino;M132;Foggia;FG;Puglia;ITF46
071063;Ordona;M266;Foggia;FG;Puglia;ITF46
071064;Zapponeta;M267;Foggia;FG;Puglia;ITF46
072001;Acquaviva delle Fonti;A048;Bari;BA;Puglia;ITF47
072002;Adelfia;A055;Bari;BA;Puglia;ITF47
072003;Alberobello;A149;Bari;BA;Puglia;ITF47
072004;Altamura;A225;Bari;BA;Puglia;ITF47
072006;Bari;A662;Bari;BA;Puglia;ITF47
072008;Binetto;A874;Bari;BA;Puglia;ITF47
072010;Bitetto;A892;Bari;BA;Puglia;ITF47
072011;Bitonto;A893;Bari;BA;Puglia;ITF47
072012;Bitritto;A894;Bari;BA;Puglia;ITF47
072014;Capurso;B716;Bari;BA;Puglia;ITF47
072015;Casamassima;B923;Bari;BA;Puglia;ITF47
072016;Cassano delle Murge;B998;Bari;BA;Puglia;ITF47
072017;Castellana Grotte;C134;Bari;BA;Puglia;ITF47
072018;Cellamare;C436;Bari;BA;Puglia;ITF47
072019;Conversano;C975;Bari;BA;Puglia;ITF47
072020;Corato;C983;Bari;BA;Puglia;ITF47
072021;Gioia del Colle;E038;Bari;BA;Puglia;ITF47
072022;Giovinazzo;E047;Bari;BA;Puglia;ITF47
072023;Gravina in Puglia;E155;Bari;BA;Puglia;ITF47
072024;Grumo Appula;E223;Bari;BA;Puglia;ITF47
072025;Locorotondo;E645;Bari;BA;Puglia;ITF47
072027;Modugno;F262;Bari;BA;Puglia;ITF47
072028;Mola di Bari;F280;Bari;BA;Puglia;ITF47
072029;Molfetta;F284;Bari;BA;Puglia;ITF47
072030;Monopoli;F376;Bari;BA;Puglia;ITF47
072031;Noci;F915;Bari;BA;Puglia;ITF47
072032;Noicattaro;F923;Bari;BA;Puglia;ITF47
072033;Palo del Colle;G291;Bari;BA;Puglia;ITF47
072034;Poggiorsini;G769;Bari;BA;Puglia;ITF47
072035;Polignano a Mare;G787;Bari;BA;Puglia;ITF47
072036;Putignano;H096;Bari;BA;Puglia;ITF47
072037;Rutigliano;H643;Bari;BA;Puglia;ITF47
072038;Ruvo di Puglia;H645;Bari;BA;Puglia;ITF47
072039;Sammichele di Bari;H749;Bari;BA;Puglia;ITF47
072040;Sannicandro di Bari;I053;Bari;BA;Puglia;ITF47
072041;Santeramo in Colle;I330;Bari;BA;Puglia;ITF47
072043;Terlizzi;L109;Bari;BA;Puglia;ITF47
072044;Toritto;L220;Bari;BA;Puglia;ITF47
072046;Triggiano;L425;Bari;BA;Puglia;ITF47
072047;Turi;L472;Bari;BA;Puglia;ITF47
072048;Valenzano;L571;Bari;BA;Puglia;ITF47
073001;Avetrana;A514;Taranto;TA;Puglia;ITF43
073002;Carosino;B808;Taranto;TA;Puglia;ITF43
073003;Castellaneta;C136;Taranto;TA;Puglia;ITF43
073004;Crispiano;D171;Taranto;TA;Puglia;ITF43
073005;Faggiano;D463;Taranto;TA;Puglia;ITF43
073006;Fragagnano;D754;Taranto;TA;Puglia;ITF43
073007;Ginosa;E036;Taranto;TA;Puglia;ITF43
073008;Grottaglie;E205;Taranto;TA;Puglia;ITF43
073009;Laterza;E469;Taranto;TA;Puglia;ITF43
073010;Leporano;E537;Taranto;TA;Puglia;ITF43
073011;Lizzano;E630;Taranto;TA;Puglia;ITF43
073012;Manduria;E882;Taranto;TA;Puglia;ITF43
073013;Martina Franca;E986;Taranto;TA;Puglia;ITF43
073014;Maruggio;E995;Taranto;TA;Puglia;ITF43
073015;Massafra;F027;Taranto;TA;Puglia;ITF43
073016;Monteiasi;F531;Taranto;TA;Puglia;ITF43
073017;Montemesola;F563;Taranto;TA;Puglia;ITF43
073018;Monteparano;F587;Taranto;TA;Puglia;ITF43
073019;Mottola;F784;Taranto;TA;Puglia;ITF43
073020;Palagianello;G251;Taranto;TA;Puglia;ITF43
073021;Palagiano;G252;Taranto;TA;Puglia;ITF43
073022;Pulsano;H090;Taranto;TA;Puglia;ITF43
073023;Roccaforzata;H409;Taranto;TA;Puglia;ITF43
073024;San Giorgio Ionico;H882;Taranto;TA;Puglia;ITF43
073025;San Marzano di San Giuseppe;I018;Taranto;TA;Puglia;ITF43
073026;Sava;I467;Taranto;TA;Puglia;ITF43
073027;Taranto;L049;Taranto;TA;Puglia;ITF43
073028;Torricella;L294;Taranto;TA;Puglia;ITF43
073029;Statte;M298;Taranto;TA;Puglia;ITF43
074001;Brindisi;B180;Brindisi;BR;Puglia;ITF44
074002;Carovigno;B809;Brindisi;BR;Puglia;ITF44
074003;Ceglie Messapica;C424;Brindisi;BR;Puglia;ITF44
074004;Cellino San Marco;C448;Brindisi;BR;Puglia;ITF44
074005;Cisternino;C741;Brindisi;BR;Puglia;ITF44
074006;Erchie;D422;Brindisi;BR;Puglia;ITF44
074007;Fasano;D508;Brindisi;BR;Puglia;ITF44
074008;Francavilla Fontana;D761;Brindisi;BR;Puglia;ITF44
074009;Latiano;E471;Brindisi;BR;Puglia;ITF44
074010;Mesagne;F152;Brindisi;BR;Puglia;ITF44
074011;Oria;G098;Brindisi;BR;Puglia;ITF44
074012;Ostuni;G187;Brindisi;BR;Puglia;ITF44
074013;San Donaci;H822;Brindisi;BR;Puglia;ITF44
074014;San Michele Salentino;I045;Brindisi;BR;Puglia;ITF44
074015;San Pancrazio Salentino;I066;Brindisi;BR;Puglia;ITF44
074016;San Pietro Vernotico;I119;Brindisi;BR;Puglia;ITF44
074017;San Vito dei Normanni;I396;Brindisi;BR;Puglia;ITF44
074018;Torchiarolo;L213;Brindisi;BR;Puglia;ITF44
074019;Torre Santa Susanna;L280;Brindisi;BR;Puglia;ITF44
074020;Villa Castelli;L920;Brindisi;BR;Puglia;ITF44
075002;Alessano;A184;Lecce;LE;Puglia;ITF45
075003;Alezio;A185;Lecce;LE;Puglia;ITF45
075004;Alliste;A208;Lecce;LE;Puglia;ITF45
075005;Andrano;A281;Lecce;LE;Puglia;ITF45
075006;Aradeo;A350;Lecce;LE;Puglia;ITF45
075007;Arnesano;A425;Lecce;LE;Puglia;ITF45
075008;Bagnolo del Salento;A572;Lecce;LE;Puglia;ITF45
075009;Botrugno;B086;Lecce;LE;Puglia;ITF45
075010;Calimera;B413;Lecce;LE;Puglia;ITF45
075011;Campi Salentina;B506;Lecce;LE;Puglia;ITF45
075012;Cannole;B616;Lecce;LE;Puglia;ITF45
075013;Caprarica di Lecce;B690;Lecce;LE;Puglia;ITF45
075014;Carmiano;B792;Lecce;LE;Puglia;ITF45
075015;Carpignano Salentino;B822;Lecce;LE;Puglia;ITF45
075016;Casarano;B936;Lecce;LE;Puglia;ITF45
075017;Castri di Lecce;C334;Lecce;LE;Puglia;ITF45
075018;Castrignano de' Greci;C335;Lecce;LE;Puglia;ITF45
075019;Castrignano del Capo;C336;Lecce;LE;Puglia;ITF45
075020;Cavallino;C377;Lecce;LE;Puglia;ITF45
075021;Collepasso;C865;Lecce;LE;Puglia;ITF45
075022;Copertino;C978;Lecce;LE;Puglia;ITF45
075023;Corigliano d'Otranto;D006;Lecce;LE;Puglia;ITF45
075024;Corsano;D044;Lecce;LE;Puglia;ITF45
075025;Cursi;D223;Lecce;LE;Puglia;ITF45
075026;Cutrofiano;D237;Lecce;LE;Puglia;ITF45
075027;Diso;D305;Lecce;LE;Puglia;ITF45
075028;Gagliano del Capo;D851;Lecce;LE;Puglia;ITF45
075029;Galatina;D862;Lecce;LE;Puglia;ITF45
075030;Galatone;D863;Lecce;LE;Puglia;ITF45
075031;Gallipoli;D883;Lecce;LE;Puglia;ITF45
075032;Giuggianello;E053;Lecce;LE;Puglia;ITF45
075033;Giurdignano;E061;Lecce;LE;Puglia;ITF45
075034;Guagnano;E227;Lecce;LE;Puglia;ITF45
075035;Lecce;E506;Lecce;LE;Puglia;ITF45
075036;Lequile;E538;Lecce;LE;Puglia;ITF45
075037;Leverano;E563;Lecce;LE;Puglia;ITF45
075038;Lizzanello;E629;Lecce;LE;Puglia;ITF45
075039;Maglie;E815;Lecce;LE;Puglia;ITF45
075040;Martano;E979;Lecce;LE;Puglia;ITF45
075041;Martignano;E984;Lecce;LE;Puglia;ITF45
075042;Matino;F054;Lecce;LE;Puglia;ITF45
075043;Melendugno;F101;Lecce;LE;Puglia;ITF45
075044;Melissano;F109;Lecce;LE;Puglia;ITF45
075045;Melpignano;F117;Lecce;LE;Puglia;ITF45
075046;Miggiano;F194;Lecce;LE;Puglia;ITF45
075047;Minervino di Lecce;F221;Lecce;LE;Puglia;ITF45
075048;Monteroni di Lecce;F604;Lecce;LE;Puglia;ITF45
075049;Montesano Salentino;F623;Lecce;LE;Puglia;ITF45
075050;Morciano di Leuca;F716;Lecce;LE;Puglia;ITF45
075051;Muro Leccese;F816;Lecce;LE;Puglia;ITF45
075052;Nardò;F842;Lecce;LE;Puglia;ITF45
075053;Neviano;F881;Lecce;LE;Puglia;ITF45
075054;Nociglia;F916;Lecce;LE;Puglia;ITF45
075055;Novoli;F970;Lecce;LE;Puglia;ITF45
075056;Ortelle;G136;Lecce;LE;Puglia;ITF45
075057;Otranto;G188;Lecce;LE;Puglia;ITF45
075058;Palmariggi;G285;Lecce;LE;Puglia;ITF45
075059;Parabita;G325;Lecce;LE;Puglia;ITF45
075060;Patù;G378;Lecce;LE;Puglia;ITF45
075061;Poggiardo;G751;Lecce;LE;Puglia;ITF45
075063;Racale;H147;Lecce;LE;Puglia;ITF45
075064;Ruffano;H632;Lecce;LE;Puglia;ITF45
075065;Salice Salentino;H708;Lecce;LE;Puglia;ITF45
075066;Salve;H729;Lecce;LE;Puglia;ITF45
075067;Sanarica;H757;Lecce;LE;Puglia;ITF45
075068;San Cesario di Lecce;H793;Lecce;LE;Puglia;ITF45
075069;San Donato di Lecce;H826;Lecce;LE;Puglia;ITF45
075070;Sannicola;I059;Lecce;LE;Puglia;ITF45
075071;San Pietro in Lama;I115;Lecce;LE;Puglia;ITF45
075072;Santa Cesarea Terme;I172;Lecce;LE;Puglia;ITF45
075073;Scorrano;I549;Lecce;LE;Puglia;ITF45
075074;Seclì;I559;Lecce;LE;Puglia;ITF45
075075;Sogliano Cavour;I780;Lecce;LE;Puglia;ITF45
075076;Soleto;I800;Lecce;LE;Puglia;ITF45
075077;Specchia;I887;Lecce;LE;Puglia;ITF45
075078;Spongano;I923;Lecce;LE;Puglia;ITF45
075079;Squinzano;I930;Lecce;LE;Puglia;ITF45
075080;Sternatia;I950;Lecce;LE;Puglia;ITF45
075081;Supersano;L008;Lecce;LE;Puglia;ITF45
075082;Surano;L010;Lecce;LE;Puglia;ITF45
075083;Surbo;L011;Lecce;LE;Puglia;ITF45
075084;Taurisano;L064;Lecce;LE;Puglia;ITF45
075085;Taviano;L074;Lecce;LE;Puglia;ITF45
075086;Tiggiano;L166;Lecce;LE;Puglia;ITF45
075087;Trepuzzi;L383;Lecce;LE;Puglia;ITF45
075088;Tricase;L419;Lecce;LE;Puglia;ITF45
075089;Tuglie;L462;Lecce;LE;Puglia;ITF45
075090;Ugento;L484;Lecce;LE;Puglia;ITF45
075091;Uggiano la Chiesa;L485;Lecce;LE;Puglia;ITF45
075092;Veglie;L711;Lecce;LE;Puglia;ITF45
075093;Vernole;L776;Lecce;LE;Puglia;ITF45
075094;Zollino;M187;Lecce;LE;Puglia;ITF45
075095;San Cassiano;M264;Lecce;LE;Puglia;ITF45
075096;Castro;M261;Lecce;LE;Puglia;ITF45
075097;Porto Cesareo;M263;Lecce;LE;Puglia;ITF45
075098;Presicce-Acquarica;M428;Lecce;LE;Puglia;ITF45
076001;Abriola;A013;Potenza;PZ;Basilicata;ITF51
076002;Acerenza;A020;Potenza;PZ;Basilicata;ITF51
076003;Albano di Lucania;A131;Potenza;PZ;Basilicata;ITF51
076004;Anzi;A321;Potenza;PZ;Basilicata;ITF51
076005;Armento;A415;Potenza;PZ;Basilicata;ITF51
076006;Atella;A482;Potenza;PZ;Basilicata;ITF51
076007;Avigliano;A519;Potenza;PZ;Basilicata;ITF51
076008;Balvano;A604;Potenza;PZ;Basilicata;ITF51
076009;Banzi;A612;Potenza;PZ;Basilicata;ITF51
076010;Baragiano;A615;Potenza;PZ;Basilicata;ITF51
076011;Barile;A666;Potenza;PZ;Basilicata;ITF51
076012;Bella;A743;Potenza;PZ;Basilicata;ITF51
076013;Brienza;B173;Potenza;PZ;Basilicata;ITF51
076014;Brindisi Montagna;B181;Potenza;PZ;Basilicata;ITF51
076015;Calvello;B440;Potenza;PZ;Basilicata;ITF51
076016;Calvera;B443;Potenza;PZ;Basilicata;ITF51
076017;Campomaggiore;B549;Potenza;PZ;Basilicata;ITF51
076018;Cancellara;B580;Potenza;PZ;Basilicata;ITF51
076019;Carbone;B743;Potenza;PZ;Basilicata;ITF51
076020;San Paolo Albanese;B906;Potenza;PZ;Basilicata;ITF51
076021;Castelgrande;C120;Potenza;PZ;Basilicata;ITF51
076022;Castelluccio Inferiore;C199;Potenza;PZ;Basilicata;ITF51
076023;Castelluccio Superiore;C201;Potenza;PZ;Basilicata;ITF51
076024;Castelmezzano;C209;Potenza;PZ;Basilicata;ITF51
076025;Castelsaraceno;C271;Potenza;PZ;Basilicata;ITF51
076026;Castronuovo di Sant'Andrea;C345;Potenza;PZ;Basilicata;ITF51
076027;Cersosimo;C539;Potenza;PZ;Basilicata;ITF51
076028;Chiaromonte;C619;Potenza;PZ;Basilicata;ITF51
076029;Corleto Perticara;D010;Potenza;PZ;Basilicata;ITF51
076030;Episcopia;D414;Potenza;PZ;Basilicata;ITF51
076031;Fardella;D497;Potenza;PZ;Basilicata;ITF51
076032;Filiano;D593;Potenza;PZ;Basilicata;ITF51
076033;Forenza;D696;Potenza;PZ;Basilicata;ITF51
076034;Francavilla in Sinni;D766;Potenza;PZ;Basilicata;ITF51
076035;Gallicchio;D876;Potenza;PZ;Basilicata;ITF51
076036;Genzano di Lucania;D971;Potenza;PZ;Basilicata;ITF51
076037;Grumento Nova;E221;Potenza;PZ;Basilicata;ITF51
076038;Guardia Perticara;E246;Potenza;PZ;Basilicata;ITF51
076039;Lagonegro;E409;Potenza;PZ;Basilicata;ITF51
076040;Latronico;E474;Potenza;PZ;Basilicata;ITF51
076041;Laurenzana;E482;Potenza;PZ;Basilicata;ITF51
076042;Lauria;E483;Potenza;PZ;Basilicata;ITF51
076043;Lavello;E493;Potenza;PZ;Basilicata;ITF51
076044;Maratea;E919;Potenza;PZ;Basilicata;ITF51
076045;Marsico Nuovo;E976;Potenza;PZ;Basilicata;ITF51
076046;Marsicovetere;E977;Potenza;PZ;Basilicata;ITF51
076047;Maschito;F006;Potenza;PZ;Basilicata;ITF51
076048;Melfi;F104;Potenza;PZ;Basilicata;ITF51
076049;Missanello;F249;Potenza;PZ;Basilicata;ITF51
076050;Moliterno;F295;Potenza;PZ;Basilicata;ITF51
076051;Montemilone;F568;Potenza;PZ;Basilicata;ITF51
076052;Montemurro;F573;Potenza;PZ;Basilicata;ITF51
076053;Muro Lucano;F817;Potenza;PZ;Basilicata;ITF51
076054;Nemoli;F866;Potenza;PZ;Basilicata;ITF51
076055;Noepoli;F917;Potenza;PZ;Basilicata;ITF51
076056;Oppido Lucano;G081;Potenza;PZ;Basilicata;ITF51
076057;Palazzo San Gervasio;G261;Potenza;PZ;Basilicata;ITF51
076058;Pescopagano;G496;Potenza;PZ;Basilicata;ITF51
076059;Picerno;G590;Potenza;PZ;Basilicata;ITF51
076060;Pietragalla;G616;Potenza;PZ;Basilicata;ITF51
076061;Pietrapertosa;G623;Potenza;PZ;Basilicata;ITF51
076062;Pignola;G663;Potenza;PZ;Basilicata;ITF51
076063;Potenza;G942;Potenza;PZ;Basilicata;ITF51
076064;Rapolla;H186;Potenza;PZ;Basilicata;ITF51
076065;Rapone;H187;Potenza;PZ;Basilicata;ITF51
076066;Rionero in Vulture;H307;Potenza;PZ;Basilicata;ITF51
076067;Ripacandida;H312;Potenza;PZ;Basilicata;ITF51
076068;Rivello;H348;Potenza;PZ;Basilicata;ITF51
076069;Roccanova;H426;Potenza;PZ;Basilicata;ITF51
076070;Rotonda;H590;Potenza;PZ;Basilicata;ITF51
076071;Ruoti;H641;Potenza;PZ;Basilicata;ITF51
076072;Ruvo del Monte;H646;Potenza;PZ;Basilicata;ITF51
076073;San Chirico Nuovo;H795;Potenza;PZ;Basilicata;ITF51
076074;San Chirico Raparo;H796;Potenza;PZ;Basilicata;ITF51
076075;San Costantino Albanese;H808;Potenza;PZ;Basilicata;ITF51
076076;San Fele;H831;Potenza;PZ;Basilicata;ITF51
076077;San Martino d'Agri;H994;Potenza;PZ;Basilicata;ITF51
076078;San Severino Lucano;I157;Potenza;PZ;Basilicata;ITF51
076079;Sant'Angelo Le Fratte;I288;Potenza;PZ;Basilicata;ITF51
076080;Sant'Arcangelo;I305;Potenza;PZ;Basilicata;ITF51
076081;Sarconi;I426;Potenza;PZ;Basilicata;ITF51
076082;Sasso di Castalda;I457;Potenza;PZ;Basilicata;ITF51
076083;Satriano di Lucania;G614;Potenza;PZ;Basilicata;ITF51
076084;Savoia di Lucania;H730;Potenza;PZ;Basilicata;ITF51
076085;Senise;I610;Potenza;PZ;Basilicata;ITF51
076086;Spinoso;I917;Potenza;PZ;Basilicata;ITF51
076087;Teana;L082;Potenza;PZ;Basilicata;ITF51
076088;Terranova di Pollino;L126;Potenza;PZ;Basilicata;ITF51
076089;Tito;L181;Potenza;PZ;Basilicata;ITF51
076090;Tolve;L197;Potenza;PZ;Basilicata;ITF51
076091;Tramutola;L326;Potenza;PZ;Basilicata;ITF51
076092;Trecchina;L357;Potenza;PZ;Basilicata;ITF51
076093;Trivigno;L439;Potenza;PZ;Basilicata;ITF51
076094;Vaglio Basilicata;L532;Potenza;PZ;Basilicata;ITF51
076095;Venosa;L738;Potenza;PZ;Basilicata;ITF51
076096;Vietri di Potenza;L859;Potenza;PZ;Basilicata;ITF51
076097;Viggianello;L873;Potenza;PZ;Basilicata;ITF51
076098;Viggiano;L874;Potenza;PZ;Basilicata;ITF51
076099;Ginestra;E033;Potenza;PZ;Basilicata;ITF51
076100;Paterno;M269;Potenza;PZ;Basilicata;ITF51
077001;Accettura;A017;Matera;MT;Basilicata;ITF52
077002;Aliano;A196;Matera;MT;Basilicata;ITF52
077003;Bernalda;A801;Matera;MT;Basilicata;ITF52
077004;Calciano;B391;Matera;MT;Basilicata;ITF52
077005;Cirigliano;C723;Matera;MT;Basilicata;ITF52
077006;Colobraro;C888;Matera;MT;Basilicata;ITF52
077007;Craco;D128;Matera;MT;Basilicata;ITF52
077008;Ferrandina;D547;Matera;MT;Basilicata;ITF52
077009;Garaguso;D909;Matera;MT;Basilicata;ITF52
077010;Gorgoglione;E093;Matera;MT;Basilicata;ITF52
077011;Grassano;E147;Matera;MT;Basilicata;ITF52
077012;Grottole;E213;Matera;MT;Basilicata;ITF52
077013;Irsina;E326;Matera;MT;Basilicata;ITF52
077014;Matera;F052;Matera;MT;Basilicata;ITF52
077015;Miglionico;F201;Matera;MT;Basilicata;ITF52
077016;Montalbano Jonico;F399;Matera;MT;Basilicata;ITF52
077017;Montescaglioso;F637;Matera;MT;Basilicata;ITF52
077018;Nova Siri;A942;Matera;MT;Basilicata;ITF52
077019;Oliveto Lucano;G037;Matera;MT;Basilicata;ITF52
077020;Pisticci;G712;Matera;MT;Basilicata;ITF52
077021;Policoro;G786;Matera;MT;Basilicata;ITF52
077022;Pomarico;G806;Matera;MT;Basilicata;ITF52
077023;Rotondella;H591;Matera;MT;Basilicata;ITF52
077024;Salandra;H687;Matera;MT;Basilicata;ITF52
077025;San Giorgio Lucano;H888;Matera;MT;Basilicata;ITF52
077026;San Mauro Forte;I029;Matera;MT;Basilicata;ITF52
077027;Stigliano;I954;Matera;MT;Basilicata;ITF52
077028;Tricarico;L418;Matera;MT;Basilicata;ITF52
077029;Tursi;L477;Matera;MT;Basilicata;ITF52
077030;Valsinni;D513;Matera;MT;Basilicata;ITF52
077031;Scanzano Jonico;M256;Matera;MT;Basilicata;ITF52
078001;Acquaformosa;A033;Cosenza;CS;Calabria;ITF61
078002;Acquappesa;A041;Cosenza;CS;Calabria;ITF61
078003;Acri;A053;Cosenza;CS;Calabria;ITF61
078004;Aiello Calabro;A102;Cosenza;CS;Calabria;ITF61
078005;Aieta;A105;Cosenza;CS;Calabria;ITF61
078006;Albidona;A160;Cosenza;CS;Calabria;ITF61
078007;Alessandria del Carretto;A183;Cosenza;CS;Calabria;ITF61
078008;Altilia;A234;Cosenza;CS;Calabria;ITF61
078009;Altomonte;A240;Cosenza;CS;Calabria;ITF61
078010;Amantea;A253;Cosenza;CS;Calabria;ITF61
078011;Amendolara;A263;Cosenza;CS;Calabria;ITF61
078012;Aprigliano;A340;Cosenza;CS;Calabria;ITF61
078013;Belmonte Calabro;A762;Cosenza;CS;Calabria;ITF61
078014;Belsito;A768;Cosenza;CS;Calabria;ITF61
078015;Belvedere Marittimo;A773;Cosenza;CS;Calabria;ITF61
078016;Bianchi;A842;Cosenza;CS;Calabria;ITF61
078017;Bisignano;A887;Cosenza;CS;Calabria;ITF61
078018;Bocchigliero;A912;Cosenza;CS;Calabria;ITF61
078019;Bonifati;A973;Cosenza;CS;Calabria;ITF61
078020;Buonvicino;B270;Cosenza;CS;Calabria;ITF61
078021;Calopezzati;B424;Cosenza;CS;Calabria;ITF61
078022;Caloveto;B426;Cosenza;CS;Calabria;ITF61
078023;Campana;B500;Cosenza;CS;Calabria;ITF61
078024;Canna;B607;Cosenza;CS;Calabria;ITF61
078025;Cariati;B774;Cosenza;CS;Calabria;ITF61
078026;Carolei;B802;Cosenza;CS;Calabria;ITF61
078027;Carpanzano;B813;Cosenza;CS;Calabria;ITF61
078029;Cassano all'Ionio;C002;Cosenza;CS;Calabria;ITF61
078030;Castiglione Cosentino;C301;Cosenza;CS;Calabria;ITF61
078031;Castrolibero;C108;Cosenza;CS;Calabria;ITF61
078032;Castroregio;C348;Cosenza;CS;Calabria;ITF61
078033;Castrovillari;C349;Cosenza;CS;Calabria;ITF61
078034;Celico;C430;Cosenza;CS;Calabria;ITF61
078035;Cellara;C437;Cosenza;CS;Calabria;ITF61
078036;Cerchiara di Calabria;C489;Cosenza;CS;Calabria;ITF61
078037;Cerisano;C515;Cosenza;CS;Calabria;ITF61
078038;Cervicati;C554;Cosenza;CS;Calabria;ITF61
078039;Cerzeto;C560;Cosenza;CS;Calabria;ITF61
078040;Cetraro;C588;Cosenza;CS;Calabria;ITF61
078041;Civita;C763;Cosenza;CS;Calabria;ITF61
078042;Cleto;C795;Cosenza;CS;Calabria;ITF61
078043;Colosimi;C905;Cosenza;CS;Calabria;ITF61
078045;Cosenza;D086;Cosenza;CS;Calabria;ITF61
078046;Cropalati;D180;Cosenza;CS;Calabria;ITF61
078047;Crosia;D184;Cosenza;CS;Calabria;ITF61
078048;Diamante;D289;Cosenza;CS;Calabria;ITF61
078049;Dipignano;D304;Cosenza;CS;Calabria;ITF61
078050;Domanico;D328;Cosenza;CS;Calabria;ITF61
078051;Fagnano Castello;D464;Cosenza;CS;Calabria;ITF61
078052;Falconara Albanese;D473;Cosenza;CS;Calabria;ITF61
078053;Figline Vegliaturo;D582;Cosenza;CS;Calabria;ITF61
078054;Firmo;D614;Cosenza;CS;Calabria;ITF61
078055;Fiumefreddo Bruzio;D624;Cosenza;CS;Calabria;ITF61
078056;Francavilla Marittima;D764;Cosenza;CS;Calabria;ITF61
078057;Frascineto;D774;Cosenza;CS;Calabria;ITF61
078058;Fuscaldo;D828;Cosenza;CS;Calabria;ITF61
078059;Grimaldi;E180;Cosenza;CS;Calabria;ITF61
078060;Grisolia;E185;Cosenza;CS;Calabria;ITF61
078061;Guardia Piemontese;E242;Cosenza;CS;Calabria;ITF61
078062;Lago;E407;Cosenza;CS;Calabria;ITF61
078063;Laino Borgo;E417;Cosenza;CS;Calabria;ITF61
078064;Laino Castello;E419;Cosenza;CS;Calabria;ITF61
078065;Lappano;E450;Cosenza;CS;Calabria;ITF61
078066;Lattarico;E475;Cosenza;CS;Calabria;ITF61
078067;Longobardi;E677;Cosenza;CS;Calabria;ITF61
078068;Longobucco;E678;Cosenza;CS;Calabria;ITF61
078069;Lungro;E745;Cosenza;CS;Calabria;ITF61
078070;Luzzi;E773;Cosenza;CS;Calabria;ITF61
078071;Maierà;E835;Cosenza;CS;Calabria;ITF61
078072;Malito;E859;Cosenza;CS;Calabria;ITF61
078073;Malvito;E872;Cosenza;CS;Calabria;ITF61
078074;Mandatoriccio;E878;Cosenza;CS;Calabria;ITF61
078075;Mangone;E888;Cosenza;CS;Calabria;ITF61
078076;Marano Marchesato;E914;Cosenza;CS;Calabria;ITF61
078077;Marano Principato;E915;Cosenza;CS;Calabria;ITF61
078078;Marzi;F001;Cosenza;CS;Calabria;ITF61
078079;Mendicino;F125;Cosenza;CS;Calabria;ITF61
078080;Mongrassano;F370;Cosenza;CS;Calabria;ITF61
078081;Montalto Uffugo;F416;Cosenza;CS;Calabria;ITF61
078082;Montegiordano;F519;Cosenza;CS;Calabria;ITF61
078083;Morano Calabro;F708;Cosenza;CS;Calabria;ITF61
078084;Mormanno;F735;Cosenza;CS;Calabria;ITF61
078085;Mottafollone;F775;Cosenza;CS;Calabria;ITF61
078086;Nocara;F907;Cosenza;CS;Calabria;ITF61
078087;Oriolo;G110;Cosenza;CS;Calabria;ITF61
078088;Orsomarso;G129;Cosenza;CS;Calabria;ITF61
078089;Paludi;G298;Cosenza;CS;Calabria;ITF61
078090;Panettieri;G307;Cosenza;CS;Calabria;ITF61
078091;Paola;G317;Cosenza;CS;Calabria;ITF61
078092;Papasidero;G320;Cosenza;CS;Calabria;ITF61
078093;Parenti;G331;Cosenza;CS;Calabria;ITF61
078094;Paterno Calabro;G372;Cosenza;CS;Calabria;ITF61
078096;Pedivigliano;G411;Cosenza;CS;Calabria;ITF61
078097;Piane Crati;G553;Cosenza;CS;Calabria;ITF61
078098;Pietrafitta;G615;Cosenza;CS;Calabria;ITF61
078099;Pietrapaola;G622;Cosenza;CS;Calabria;ITF61
078100;Plataci;G733;Cosenza;CS;Calabria;ITF61
078101;Praia a Mare;G975;Cosenza;CS;Calabria;ITF61
078102;Rende;H235;Cosenza;CS;Calabria;ITF61
078103;Rocca Imperiale;H416;Cosenza;CS;Calabria;ITF61
078104;Roggiano Gravina;H488;Cosenza;CS;Calabria;ITF61
078105;Rogliano;H490;Cosenza;CS;Calabria;ITF61
078106;Rose;H565;Cosenza;CS;Calabria;ITF61
078107;Roseto Capo Spulico;H572;Cosenza;CS;Calabria;ITF61
078109;Rota Greca;H585;Cosenza;CS;Calabria;ITF61
078110;Rovito;H621;Cosenza;CS;Calabria;ITF61
078111;San Basile;H765;Cosenza;CS;Calabria;ITF61
078112;San Benedetto Ullano;H774;Cosenza;CS;Calabria;ITF61
078113;San Cosmo Albanese;H806;Cosenza;CS;Calabria;ITF61
078114;San Demetrio Corone;H818;Cosenza;CS;Calabria;ITF61
078115;San Donato di Ninea;H825;Cosenza;CS;Calabria;ITF61
078116;San Fili;H841;Cosenza;CS;Calabria;ITF61
078117;Sangineto;H877;Cosenza;CS;Calabria;ITF61
078118;San Giorgio Albanese;H881;Cosenza;CS;Calabria;ITF61
078119;San Giovanni in Fiore;H919;Cosenza;CS;Calabria;ITF61
078120;San Lorenzo Bellizzi;H961;Cosenza;CS;Calabria;ITF61
078121;San Lorenzo del Vallo;H962;Cosenza;CS;Calabria;ITF61
078122;San Lucido;H971;Cosenza;CS;Calabria;ITF61
078123;San Marco Argentano;H981;Cosenza;CS;Calabria;ITF61
078124;San Martino di Finita;H992;Cosenza;CS;Calabria;ITF61
078125;San Nicola Arcella;I060;Cosenza;CS;Calabria;ITF61
078126;San Pietro in Amantea;I108;Cosenza;CS;Calabria;ITF61
078127;San Pietro in Guarano;I114;Cosenza;CS;Calabria;ITF61
078128;San Sosti;I165;Cosenza;CS;Calabria;ITF61
078129;Santa Caterina Albanese;I171;Cosenza;CS;Calabria;ITF61
078130;Santa Domenica Talao;I183;Cosenza;CS;Calabria;ITF61
078131;Sant'Agata di Esaro;I192;Cosenza;CS;Calabria;ITF61
078132;Santa Maria del Cedro;C717;Cosenza;CS;Calabria;ITF61
078133;Santa Sofia d'Epiro;I309;Cosenza;CS;Calabria;ITF61
078134;Santo Stefano di Rogliano;I359;Cosenza;CS;Calabria;ITF61
078135;San Vincenzo La Costa;I388;Cosenza;CS;Calabria;ITF61
078136;Saracena;I423;Cosenza;CS;Calabria;ITF61
078137;Scala Coeli;I485;Cosenza;CS;Calabria;ITF61
078138;Scalea;I489;Cosenza;CS;Calabria;ITF61
078139;Scigliano;D290;Cosenza;CS;Calabria;ITF61
078140;Serra d'Aiello;I642;Cosenza;CS;Calabria;ITF61
078142;Spezzano Albanese;I895;Cosenza;CS;Calabria;ITF61
078143;Spezzano della Sila;I896;Cosenza;CS;Calabria;ITF61
078145;Tarsia;L055;Cosenza;CS;Calabria;ITF61
078146;Terranova da Sibari;L124;Cosenza;CS;Calabria;ITF61
078147;Terravecchia;L134;Cosenza;CS;Calabria;ITF61
078148;Torano Castello;L206;Cosenza;CS;Calabria;ITF61
078149;Tortora;L305;Cosenza;CS;Calabria;ITF61
078150;Trebisacce;L353;Cosenza;CS;Calabria;ITF61
078152;Vaccarizzo Albanese;L524;Cosenza;CS;Calabria;ITF61
078153;Verbicaro;L747;Cosenza;CS;Calabria;ITF61
078154;Villapiana;B903;Cosenza;CS;Calabria;ITF61
078155;Zumpano;M202;Cosenza;CS;Calabria;ITF61
078156;Casali del Manco;M385;Cosenza;CS;Calabria;ITF61
078157;Corigliano-Rossano;M403;Cosenza;CS;Calabria;ITF61
079002;Albi;A155;Catanzaro;CZ;Calabria;ITF63
079003;Amaroni;A255;Catanzaro;CZ;Calabria;ITF63
079004;Amato;A257;Catanzaro;CZ;Calabria;ITF63
079005;Andali;A272;Catanzaro;CZ;Calabria;ITF63
079007;Argusto;A397;Catanzaro;CZ;Calabria;ITF63
079008;Badolato;A542;Catanzaro;CZ;Calabria;ITF63
079009;Belcastro;A736;Catanzaro;CZ;Calabria;ITF63
079011;Borgia;B002;Catanzaro;CZ;Calabria;ITF63
079012;Botricello;B085;Catanzaro;CZ;Calabria;ITF63
079017;Caraffa di Catanzaro;B717;Catanzaro;CZ;Calabria;ITF63
079018;Cardinale;B758;Catanzaro;CZ;Calabria;ITF63
079020;Carlopoli;B790;Catanzaro;CZ;Calabria;ITF63
079023;Catanzaro;C352;Catanzaro;CZ;Calabria;ITF63
079024;Cenadi;C453;Catanzaro;CZ;Calabria;ITF63
079025;Centrache;C472;Catanzaro;CZ;Calabria;ITF63
079027;Cerva;C542;Catanzaro;CZ;Calabria;ITF63
079029;Chiaravalle Centrale;C616;Catanzaro;CZ;Calabria;ITF63
079030;Cicala;C674;Catanzaro;CZ;Calabria;ITF63
079033;Conflenti;C960;Catanzaro;CZ;Calabria;ITF63
079034;Cortale;D049;Catanzaro;CZ;Calabria;ITF63
079036;Cropani;D181;Catanzaro;CZ;Calabria;ITF63
079039;Curinga;D218;Catanzaro;CZ;Calabria;ITF63
079042;Davoli;D257;Catanzaro;CZ;Calabria;ITF63
079043;Decollatura;D261;Catanzaro;CZ;Calabria;ITF63
079047;Falerna;D476;Catanzaro;CZ;Calabria;ITF63
079048;Feroleto Antico;D544;Catanzaro;CZ;Calabria;ITF63
079052;Fossato Serralta;D744;Catanzaro;CZ;Calabria;ITF63
079055;Gagliato;D852;Catanzaro;CZ;Calabria;ITF63
079056;Gasperina;D932;Catanzaro;CZ;Calabria;ITF63
079058;Gimigliano;E031;Catanzaro;CZ;Calabria;ITF63
079059;Girifalco;E050;Catanzaro;CZ;Calabria;ITF63
079060;Gizzeria;E068;Catanzaro;CZ;Calabria;ITF63
079061;Guardavalle;E239;Catanzaro;CZ;Calabria;ITF63
079063;Isca sullo Ionio;E328;Catanzaro;CZ;Calabria;ITF63
079065;Jacurso;E274;Catanzaro;CZ;Calabria;ITF63
079068;Magisano;E806;Catanzaro;CZ;Calabria;ITF63
079069;Maida;E834;Catanzaro;CZ;Calabria;ITF63
079071;Marcedusa;E923;Catanzaro;CZ;Calabria;ITF63
079072;Marcellinara;E925;Catanzaro;CZ;Calabria;ITF63
079073;Martirano;E990;Catanzaro;CZ;Calabria;ITF63
079074;Martirano Lombardo;E991;Catanzaro;CZ;Calabria;ITF63
079077;Miglierina;F200;Catanzaro;CZ;Calabria;ITF63
079080;Montauro;F432;Catanzaro;CZ;Calabria;ITF63
079081;Montepaone;F586;Catanzaro;CZ;Calabria;ITF63
079083;Motta Santa Lucia;F780;Catanzaro;CZ;Calabria;ITF63
079087;Nocera Terinese;F910;Catanzaro;CZ;Calabria;ITF63
079088;Olivadi;G034;Catanzaro;CZ;Calabria;ITF63
079089;Palermiti;G272;Catanzaro;CZ;Calabria;ITF63
079092;Pentone;G439;Catanzaro;CZ;Calabria;ITF63
079094;Petrizzi;G517;Catanzaro;CZ;Calabria;ITF63
079095;Petronà;G518;Catanzaro;CZ;Calabria;ITF63
079096;Pianopoli;D546;Catanzaro;CZ;Calabria;ITF63
079099;Platania;G734;Catanzaro;CZ;Calabria;ITF63
079108;San Floro;H846;Catanzaro;CZ;Calabria;ITF63
079110;San Mango d'Aquino;H976;Catanzaro;CZ;Calabria;ITF63
079114;San Pietro a Maida;I093;Catanzaro;CZ;Calabria;ITF63
079115;San Pietro Apostolo;I095;Catanzaro;CZ;Calabria;ITF63
079116;San Sostene;I164;Catanzaro;CZ;Calabria;ITF63
079117;Santa Caterina dello Ionio;I170;Catanzaro;CZ;Calabria;ITF63
079118;Sant'Andrea Apostolo dello Ionio;I266;Catanzaro;CZ;Calabria;ITF63
079122;San Vito sullo Ionio;I393;Catanzaro;CZ;Calabria;ITF63
079123;Satriano;I463;Catanzaro;CZ;Calabria;ITF63
079126;Sellia;I589;Catanzaro;CZ;Calabria;ITF63
079127;Sellia Marina;I590;Catanzaro;CZ;Calabria;ITF63
079129;Serrastretta;I655;Catanzaro;CZ;Calabria;ITF63
079130;Sersale;I671;Catanzaro;CZ;Calabria;ITF63
079131;Settingiano;I704;Catanzaro;CZ;Calabria;ITF63
079133;Simeri Crichi;I745;Catanzaro;CZ;Calabria;ITF63
079134;Sorbo San Basile;I844;Catanzaro;CZ;Calabria;ITF63
079137;Soverato;I872;Catanzaro;CZ;Calabria;ITF63
079138;Soveria Mannelli;I874;Catanzaro;CZ;Calabria;ITF63
079139;Soveria Simeri;I875;Catanzaro;CZ;Calabria;ITF63
079142;Squillace;I929;Catanzaro;CZ;Calabria;ITF63
079143;Stalettì;I937;Catanzaro;CZ;Calabria;ITF63
079146;Taverna;L070;Catanzaro;CZ;Calabria;ITF63
079147;Tiriolo;L177;Catanzaro;CZ;Calabria;ITF63
079148;Torre di Ruggiero;L240;Catanzaro;CZ;Calabria;ITF63
079151;Vallefiorita;I322;Catanzaro;CZ;Calabria;ITF63
079157;Zagarise;M140;Catanzaro;CZ;Calabria;ITF63
079160;Lamezia Terme;M208;Catanzaro;CZ;Calabria;ITF63
080001;Africo;A065;Reggio Calabria;RC;Calabria;ITF65
080002;Agnana Calabra;A077;Reggio Calabria;RC;Calabria;ITF65
080003;Anoia;A303;Reggio Calabria;RC;Calabria;ITF65
080004;Antonimina;A314;Reggio Calabria;RC;Calabria;ITF65
080005;Ardore;A385;Reggio Calabria;RC;Calabria;ITF65
080006;Bagaladi;A544;Reggio Calabria;RC;Calabria;ITF65
080007;Bagnara Calabra;A552;Reggio Calabria;RC;Calabria;ITF65
080008;Benestare;A780;Reggio Calabria;RC;Calabria;ITF65
080009;Bianco;A843;Reggio Calabria;RC;Calabria;ITF65
080010;Bivongi;A897;Reggio Calabria;RC;Calabria;ITF65
080011;Bova;B097;Reggio Calabria;RC;Calabria;ITF65
080012;Bovalino;B098;Reggio Calabria;RC;Calabria;ITF65
080013;Bova Marina;B099;Reggio Calabria;RC;Calabria;ITF65
080014;Brancaleone;B118;Reggio Calabria;RC;Calabria;ITF65
080015;Bruzzano Zeffirio;B234;Reggio Calabria;RC;Calabria;ITF65
080016;Calanna;B379;Reggio Calabria;RC;Calabria;ITF65
080017;Camini;B481;Reggio Calabria;RC;Calabria;ITF65
080018;Campo Calabro;B516;Reggio Calabria;RC;Calabria;ITF65
080019;Candidoni;B591;Reggio Calabria;RC;Calabria;ITF65
080020;Canolo;B617;Reggio Calabria;RC;Calabria;ITF65
080021;Caraffa del Bianco;B718;Reggio Calabria;RC;Calabria;ITF65
080022;Cardeto;B756;Reggio Calabria;RC;Calabria;ITF65
080023;Careri;B766;Reggio Calabria;RC;Calabria;ITF65
080024;Casignana;B966;Reggio Calabria;RC;Calabria;ITF65
080025;Caulonia;C285;Reggio Calabria;RC;Calabria;ITF65
080026;Ciminà;C695;Reggio Calabria;RC;Calabria;ITF65
080027;Cinquefrondi;C710;Reggio Calabria;RC;Calabria;ITF65
080028;Cittanova;C747;Reggio Calabria;RC;Calabria;ITF65
080029;Condofuri;C954;Reggio Calabria;RC;Calabria;ITF65
080030;Cosoleto;D089;Reggio Calabria;RC;Calabria;ITF65
080031;Delianuova;D268;Reggio Calabria;RC;Calabria;ITF65
080032;Feroleto della Chiesa;D545;Reggio Calabria;RC;Calabria;ITF65
080033;Ferruzzano;D557;Reggio Calabria;RC;Calabria;ITF65
080034;Fiumara;D619;Reggio Calabria;RC;Calabria;ITF65
080035;Galatro;D864;Reggio Calabria;RC;Calabria;ITF65
080036;Gerace;D975;Reggio Calabria;RC;Calabria;ITF65
080037;Giffone;E025;Reggio Calabria;RC;Calabria;ITF65
080038;Gioia Tauro;E041;Reggio Calabria;RC;Calabria;ITF65
080039;Gioiosa Ionica;E044;Reggio Calabria;RC;Calabria;ITF65
080040;Grotteria;E212;Reggio Calabria;RC;Calabria;ITF65
080041;Laganadi;E402;Reggio Calabria;RC;Calabria;ITF65
080042;Laureana di Borrello;E479;Reggio Calabria;RC;Calabria;ITF65
080043;Locri;D976;Reggio Calabria;RC;Calabria;ITF65
080044;Mammola;E873;Reggio Calabria;RC;Calabria;ITF65
080045;Marina di Gioiosa Ionica;E956;Reggio Calabria;RC;Calabria;ITF65
080046;Maropati;E968;Reggio Calabria;RC;Calabria;ITF65
080047;Martone;E993;Reggio Calabria;RC;Calabria;ITF65
080048;Melicuccà;F105;Reggio Calabria;RC;Calabria;ITF65
080049;Melicucco;F106;Reggio Calabria;RC;Calabria;ITF65
080050;Melito di Porto Salvo;F112;Reggio Calabria;RC;Calabria;ITF65
080051;Molochio;F301;Reggio Calabria;RC;Calabria;ITF65
080052;Monasterace;F324;Reggio Calabria;RC;Calabria;ITF65
080053;Montebello Jonico;D746;Reggio Calabria;RC;Calabria;ITF65
080054;Motta San Giovanni;F779;Reggio Calabria;RC;Calabria;ITF65
080055;Oppido Mamertina;G082;Reggio Calabria;RC;Calabria;ITF65
080056;Palizzi;G277;Reggio Calabria;RC;Calabria;ITF65
080057;Palmi;G288;Reggio Calabria;RC;Calabria;ITF65
080058;Pazzano;G394;Reggio Calabria;RC;Calabria;ITF65
080059;Placanica;G729;Reggio Calabria;RC;Calabria;ITF65
080060;Platì;G735;Reggio Calabria;RC;Calabria;ITF65
080061;Polistena;G791;Reggio Calabria;RC;Calabria;ITF65
080062;Portigliola;G905;Reggio Calabria;RC;Calabria;ITF65
080063;Reggio di Calabria;H224;Reggio Calabria;RC;Calabria;ITF65
080064;Riace;H265;Reggio Calabria;RC;Calabria;ITF65
080065;Rizziconi;H359;Reggio Calabria;RC;Calabria;ITF65
080066;Roccaforte del Greco;H408;Reggio Calabria;RC;Calabria;ITF65
080067;Roccella Ionica;H456;Reggio Calabria;RC;Calabria;ITF65
080068;Roghudi;H489;Reggio Calabria;RC;Calabria;ITF65
080069;Rosarno;H558;Reggio Calabria;RC;Calabria;ITF65
080070;Samo;H013;Reggio Calabria;RC;Calabria;ITF65
080071;San Giorgio Morgeto;H889;Reggio Calabria;RC;Calabria;ITF65
080072;San Giovanni di Gerace;H903;Reggio Calabria;RC;Calabria;ITF65
080073;San Lorenzo;H959;Reggio Calabria;RC;Calabria;ITF65
080074;San Luca;H970;Reggio Calabria;RC;Calabria;ITF65
080075;San Pietro di Caridà;I102;Reggio Calabria;RC;Calabria;ITF65
080076;San Procopio;I132;Reggio Calabria;RC;Calabria;ITF65
080077;San Roberto;I139;Reggio Calabria;RC;Calabria;ITF65
080078;Santa Cristina d'Aspromonte;I176;Reggio Calabria;RC;Calabria;ITF65
080079;Sant'Agata del Bianco;I198;Reggio Calabria;RC;Calabria;ITF65
080080;Sant'Alessio in Aspromonte;I214;Reggio Calabria;RC;Calabria;ITF65
080081;Sant'Eufemia d'Aspromonte;I333;Reggio Calabria;RC;Calabria;ITF65
080082;Sant'Ilario dello Ionio;I341;Reggio Calabria;RC;Calabria;ITF65
080083;Santo Stefano in Aspromonte;I371;Reggio Calabria;RC;Calabria;ITF65
080084;Scido;I536;Reggio Calabria;RC;Calabria;ITF65
080085;Scilla;I537;Reggio Calabria;RC;Calabria;ITF65
080086;Seminara;I600;Reggio Calabria;RC;Calabria;ITF65
080087;Serrata;I656;Reggio Calabria;RC;Calabria;ITF65
080088;Siderno;I725;Reggio Calabria;RC;Calabria;ITF65
080089;Sinopoli;I753;Reggio Calabria;RC;Calabria;ITF65
080090;Staiti;I936;Reggio Calabria;RC;Calabria;ITF65
080091;Stignano;I955;Reggio Calabria;RC;Calabria;ITF65
080092;Stilo;I956;Reggio Calabria;RC;Calabria;ITF65
080093;Taurianova;L063;Reggio Calabria;RC;Calabria;ITF65
080094;Terranova Sappo Minulio;L127;Reggio Calabria;RC;Calabria;ITF65
080095;Varapodio;L673;Reggio Calabria;RC;Calabria;ITF65
080096;Villa San Giovanni;M018;Reggio Calabria;RC;Calabria;ITF65
080097;San Ferdinando;M277;Reggio Calabria;RC;Calabria;ITF65
081001;Alcamo;A176;Trapani;TP;Sicilia;ITG11
081002;Buseto Palizzolo;B288;Trapani;TP;Sicilia;ITG11
081003;Calatafimi-Segesta;B385;Trapani;TP;Sicilia;ITG11
081004;Campobello di Mazara;B521;Trapani;TP;Sicilia;ITG11
081005;Castellammare del Golfo;C130;Trapani;TP;Sicilia;ITG11
081006;Castelvetrano;C286;Trapani;TP;Sicilia;ITG11
081007;Custonaci;D234;Trapani;TP;Sicilia;ITG11
081008;Erice;D423;Trapani;TP;Sicilia;ITG11
081009;Favignana;D518;Trapani;TP;Sicilia;ITG11
081010;Gibellina;E023;Trapani;TP;Sicilia;ITG11
081011;Marsala;E974;Trapani;TP;Sicilia;ITG11
081012;Mazara del Vallo;F061;Trapani;TP;Sicilia;ITG11
081013;Paceco;G208;Trapani;TP;Sicilia;ITG11
081014;Pantelleria;G315;Trapani;TP;Sicilia;ITG11
081015;Partanna;G347;Trapani;TP;Sicilia;ITG11
081016;Poggioreale;G767;Trapani;TP;Sicilia;ITG11
081017;Salaparuta;H688;Trapani;TP;Sicilia;ITG11
081018;Salemi;H700;Trapani;TP;Sicilia;ITG11
081019;Santa Ninfa;I291;Trapani;TP;Sicilia;ITG11
081020;San Vito Lo Capo;I407;Trapani;TP;Sicilia;ITG11
081021;Trapani;L331;Trapani;TP;Sicilia;ITG11
081022;Valderice;G319;Trapani;TP;Sicilia;ITG11
081023;Vita;M081;Trapani;TP;Sicilia;ITG11
081024;Petrosino;M281;Trapani;TP;Sicilia;ITG11
081025;Misiliscemi;M432;Trapani;TP;Sicilia;ITG11
082001;Alia;A195;Palermo;PA;Sicilia;ITG12
082002;Alimena;A202;Palermo;PA;Sicilia;ITG12
082003;Aliminusa;A203;Palermo;PA;Sicilia;ITG12
082004;Altavilla Milicia;A229;Palermo;PA;Sicilia;ITG12
082005;Altofonte;A239;Palermo;PA;Sicilia;ITG12
082006;Bagheria;A546;Palermo;PA;Sicilia;ITG12
082007;Balestrate;A592;Palermo;PA;Sicilia;ITG12
082008;Baucina;A719;Palermo;PA;Sicilia;ITG12
082009;Belmonte Mezzagno;A764;Palermo;PA;Sicilia;ITG12
082010;Bisacquino;A882;Palermo;PA;Sicilia;ITG12
082011;Bolognetta;A946;Palermo;PA;Sicilia;ITG12
082012;Bompietro;A958;Palermo;PA;Sicilia;ITG12
082013;Borgetto;A991;Palermo;PA;Sicilia;ITG12
082014;Caccamo;B315;Palermo;PA;Sicilia;ITG12
082015;Caltavuturo;B430;Palermo;PA;Sicilia;ITG12
082016;Campofelice di Fitalia;B533;Palermo;PA;Sicilia;ITG12
082017;Campofelice di Roccella;B532;Palermo;PA;Sicilia;ITG12
082018;Campofiorito;B535;Palermo;PA;Sicilia;ITG12
082019;Camporeale;B556;Palermo;PA;Sicilia;ITG12
082020;Capaci;B645;Palermo;PA;Sicilia;ITG12
082021;Carini;B780;Palermo;PA;Sicilia;ITG12
082022;Castelbuono;C067;Palermo;PA;Sicilia;ITG12
082023;Casteldaccia;C074;Palermo;PA;Sicilia;ITG12
082024;Castellana Sicula;C135;Palermo;PA;Sicilia;ITG12
082025;Castronovo di Sicilia;C344;Palermo;PA;Sicilia;ITG12
082026;Cefalà Diana;C420;Palermo;PA;Sicilia;ITG12
082027;Cefalù;C421;Palermo;PA;Sicilia;ITG12
082028;Cerda;C496;Palermo;PA;Sicilia;ITG12
082029;Chiusa Sclafani;C654;Palermo;PA;Sicilia;ITG12
082030;Ciminna;C696;Palermo;PA;Sicilia;ITG12
082031;Cinisi;C708;Palermo;PA;Sicilia;ITG12
082032;Collesano;C871;Palermo;PA;Sicilia;ITG12
082033;Contessa Entellina;C968;Palermo;PA;Sicilia;ITG12
082034;Corleone;D009;Palermo;PA;Sicilia;ITG12
082035;Ficarazzi;D567;Palermo;PA;Sicilia;ITG12
082036;Gangi;D907;Palermo;PA;Sicilia;ITG12
082037;Geraci Siculo;D977;Palermo;PA;Sicilia;ITG12
082038;Giardinello;E013;Palermo;PA;Sicilia;ITG12
082039;Giuliana;E055;Palermo;PA;Sicilia;ITG12
082040;Godrano;E074;Palermo;PA;Sicilia;ITG12
082041;Gratteri;E149;Palermo;PA;Sicilia;ITG12
082042;Isnello;E337;Palermo;PA;Sicilia;ITG12
082043;Isola delle Femmine;E350;Palermo;PA;Sicilia;ITG12
082044;Lascari;E459;Palermo;PA;Sicilia;ITG12
082045;Lercara Friddi;E541;Palermo;PA;Sicilia;ITG12
082046;Marineo;E957;Palermo;PA;Sicilia;ITG12
082047;Mezzojuso;F184;Palermo;PA;Sicilia;ITG12
082048;Misilmeri;F246;Palermo;PA;Sicilia;ITG12
082049;Monreale;F377;Palermo;PA;Sicilia;ITG12
082050;Montelepre;F544;Palermo;PA;Sicilia;ITG12
082051;Montemaggiore Belsito;F553;Palermo;PA;Sicilia;ITG12
082052;Palazzo Adriano;G263;Palermo;PA;Sicilia;ITG12
082053;Palermo;G273;Palermo;PA;Sicilia;ITG12
082054;Partinico;G348;Palermo;PA;Sicilia;ITG12
082055;Petralia Soprana;G510;Palermo;PA;Sicilia;ITG12
082056;Petralia Sottana;G511;Palermo;PA;Sicilia;ITG12
082057;Piana degli Albanesi;G543;Palermo;PA;Sicilia;ITG12
082058;Polizzi Generosa;G792;Palermo;PA;Sicilia;ITG12
082059;Pollina;G797;Palermo;PA;Sicilia;ITG12
082060;Prizzi;H070;Palermo;PA;Sicilia;ITG12
082061;Roccamena;H422;Palermo;PA;Sicilia;ITG12
082062;Roccapalumba;H428;Palermo;PA;Sicilia;ITG12
082063;San Cipirello;H797;Palermo;PA;Sicilia;ITG12
082064;San Giuseppe Jato;H933;Palermo;PA;Sicilia;ITG12
082065;San Mauro Castelverde;I028;Palermo;PA;Sicilia;ITG12
082066;Santa Cristina Gela;I174;Palermo;PA;Sicilia;ITG12
082067;Santa Flavia;I188;Palermo;PA;Sicilia;ITG12
082068;Sciara;I534;Palermo;PA;Sicilia;ITG12
082069;Sclafani Bagni;I541;Palermo;PA;Sicilia;ITG12
082070;Termini Imerese;L112;Palermo;PA;Sicilia;ITG12
082071;Terrasini;L131;Palermo;PA;Sicilia;ITG12
082072;Torretta;L282;Palermo;PA;Sicilia;ITG12
082073;Trabia;L317;Palermo;PA;Sicilia;ITG12
082074;Trappeto;L332;Palermo;PA;Sicilia;ITG12
082075;Ustica;L519;Palermo;PA;Sicilia;ITG12
082076;Valledolmo;L603;Palermo;PA;Sicilia;ITG12
082077;Ventimiglia di Sicilia;L740;Palermo;PA;Sicilia;ITG12
082078;Vicari;L837;Palermo;PA;Sicilia;ITG12
082079;Villabate;L916;Palermo;PA;Sicilia;ITG12
082080;Villafrati;L951;Palermo;PA;Sicilia;ITG12
082081;Scillato;I538;Palermo;PA;Sicilia;ITG12
082082;Blufi;M268;Palermo;PA;Sicilia;ITG12
083001;Alcara li Fusi;A177;Messina;ME;Sicilia;ITG13
083002;Alì;A194;Messina;ME;Sicilia;ITG13
083003;Alì Terme;A201;Messina;ME;Sicilia;ITG13
083004;Antillo;A313;Messina;ME;Sicilia;ITG13
083005;Barcellona Pozzo di Gotto;A638;Messina;ME;Sicilia;ITG13
083006;Basicò;A698;Messina;ME;Sicilia;ITG13
083007;Brolo;B198;Messina;ME;Sicilia;ITG13
083008;Capizzi;B660;Messina;ME;Sicilia;ITG13
083009;Capo d'Orlando;B666;Messina;ME;Sicilia;ITG13
083010;Capri Leone;B695;Messina;ME;Sicilia;ITG13
083011;Caronia;B804;Messina;ME;Sicilia;ITG13
083012;Casalvecchio Siculo;B918;Messina;ME;Sicilia;ITG13
083013;Castel di Lucio;C094;Messina;ME;Sicilia;ITG13
083014;Castell'Umberto;C051;Messina;ME;Sicilia;ITG13
083015;Castelmola;C210;Messina;ME;Sicilia;ITG13
083016;Castroreale;C347;Messina;ME;Sicilia;ITG13
083017;Cesarò;C568;Messina;ME;Sicilia;ITG13
083018;Condrò;C956;Messina;ME;Sicilia;ITG13
083019;Falcone;D474;Messina;ME;Sicilia;ITG13
083020;Ficarra;D569;Messina;ME;Sicilia;ITG13
083021;Fiumedinisi;D622;Messina;ME;Sicilia;ITG13
083022;Floresta;D635;Messina;ME;Sicilia;ITG13
083023;Fondachelli-Fantina;D661;Messina;ME;Sicilia;ITG13
083024;Forza d'Agrò;D733;Messina;ME;Sicilia;ITG13
083025;Francavilla di Sicilia;D765;Messina;ME;Sicilia;ITG13
083026;Frazzanò;D793;Messina;ME;Sicilia;ITG13
083027;Furci Siculo;D824;Messina;ME;Sicilia;ITG13
083028;Furnari;D825;Messina;ME;Sicilia;ITG13
083029;Gaggi;D844;Messina;ME;Sicilia;ITG13
083030;Galati Mamertino;D861;Messina;ME;Sicilia;ITG13
083031;Gallodoro;D885;Messina;ME;Sicilia;ITG13
083032;Giardini-Naxos;E014;Messina;ME;Sicilia;ITG13
083033;Gioiosa Marea;E043;Messina;ME;Sicilia;ITG13
083034;Graniti;E142;Messina;ME;Sicilia;ITG13
083035;Gualtieri Sicaminò;E233;Messina;ME;Sicilia;ITG13
083036;Itala;E374;Messina;ME;Sicilia;ITG13
083037;Leni;E523;Messina;ME;Sicilia;ITG13
083038;Letojanni;E555;Messina;ME;Sicilia;ITG13
083039;Librizzi;E571;Messina;ME;Sicilia;ITG13
083040;Limina;E594;Messina;ME;Sicilia;ITG13
083041;Lipari;E606;Messina;ME;Sicilia;ITG13
083042;Longi;E674;Messina;ME;Sicilia;ITG13
083043;Malfa;E855;Messina;ME;Sicilia;ITG13
083044;Malvagna;E869;Messina;ME;Sicilia;ITG13
083045;Mandanici;E876;Messina;ME;Sicilia;ITG13
083046;Mazzarrà Sant'Andrea;F066;Messina;ME;Sicilia;ITG13
083047;Merì;F147;Messina;ME;Sicilia;ITG13
083048;Messina;F158;Messina;ME;Sicilia;ITG13
083049;Milazzo;F206;Messina;ME;Sicilia;ITG13
083050;Militello Rosmarino;F210;Messina;ME;Sicilia;ITG13
083051;Mirto;F242;Messina;ME;Sicilia;ITG13
083052;Mistretta;F251;Messina;ME;Sicilia;ITG13
083053;Moio Alcantara;F277;Messina;ME;Sicilia;ITG13
083054;Monforte San Giorgio;F359;Messina;ME;Sicilia;ITG13
083055;Mongiuffi Melia;F368;Messina;ME;Sicilia;ITG13
083056;Montagnareale;F395;Messina;ME;Sicilia;ITG13
083057;Montalbano Elicona;F400;Messina;ME;Sicilia;ITG13
083058;Motta Camastra;F772;Messina;ME;Sicilia;ITG13
083059;Motta d'Affermo;F773;Messina;ME;Sicilia;ITG13
083060;Naso;F848;Messina;ME;Sicilia;ITG13
083061;Nizza di Sicilia;F901;Messina;ME;Sicilia;ITG13
083062;Novara di Sicilia;F951;Messina;ME;Sicilia;ITG13
083063;Oliveri;G036;Messina;ME;Sicilia;ITG13
083064;Pace del Mela;G209;Messina;ME;Sicilia;ITG13
083065;Pagliara;G234;Messina;ME;Sicilia;ITG13
083066;Patti;G377;Messina;ME;Sicilia;ITG13
083067;Pettineo;G522;Messina;ME;Sicilia;ITG13
083068;Piraino;G699;Messina;ME;Sicilia;ITG13
083069;Raccuja;H151;Messina;ME;Sicilia;ITG13
083070;Reitano;H228;Messina;ME;Sicilia;ITG13
083071;Roccafiorita;H405;Messina;ME;Sicilia;ITG13
083072;Roccalumera;H418;Messina;ME;Sicilia;ITG13
083073;Roccavaldina;H380;Messina;ME;Sicilia;ITG13
083074;Roccella Valdemone;H455;Messina;ME;Sicilia;ITG13
083075;Rodì Milici;H479;Messina;ME;Sicilia;ITG13
083076;Rometta;H519;Messina;ME;Sicilia;ITG13
083077;San Filippo del Mela;H842;Messina;ME;Sicilia;ITG13
083078;San Fratello;H850;Messina;ME;Sicilia;ITG13
083079;San Marco d'Alunzio;H982;Messina;ME;Sicilia;ITG13
083080;San Pier Niceto;I084;Messina;ME;Sicilia;ITG13
083081;San Piero Patti;I086;Messina;ME;Sicilia;ITG13
083082;San Salvatore di Fitalia;I147;Messina;ME;Sicilia;ITG13
083083;Santa Domenica Vittoria;I184;Messina;ME;Sicilia;ITG13
083084;Sant'Agata di Militello;I199;Messina;ME;Sicilia;ITG13
083085;Sant'Alessio Siculo;I215;Messina;ME;Sicilia;ITG13
083086;Santa Lucia del Mela;I220;Messina;ME;Sicilia;ITG13
083087;Santa Marina Salina;I254;Messina;ME;Sicilia;ITG13
083088;Sant'Angelo di Brolo;I283;Messina;ME;Sicilia;ITG13
083089;Santa Teresa di Riva;I311;Messina;ME;Sicilia;ITG13
083090;San Teodoro;I328;Messina;ME;Sicilia;ITG13
083091;Santo Stefano di Camastra;I370;Messina;ME;Sicilia;ITG13
083092;Saponara;I420;Messina;ME;Sicilia;ITG13
083093;Savoca;I477;Messina;ME;Sicilia;ITG13
083094;Scaletta Zanclea;I492;Messina;ME;Sicilia;ITG13
083095;Sinagra;I747;Messina;ME;Sicilia;ITG13
083096;Spadafora;I881;Messina;ME;Sicilia;ITG13
083097;Taormina;L042;Messina;ME;Sicilia;ITG13
083098;Torregrotta;L271;Messina;ME;Sicilia;ITG13
083099;Tortorici;L308;Messina;ME;Sicilia;ITG13
083100;Tripi;L431;Messina;ME;Sicilia;ITG13
083101;Tusa;L478;Messina;ME;Sicilia;ITG13
083102;Ucria;L482;Messina;ME;Sicilia;ITG13
083103;Valdina;L561;Messina;ME;Sicilia;ITG13
083104;Venetico;L735;Messina;ME;Sicilia;ITG13
083105;Villafranca Tirrena;L950;Messina;ME;Sicilia;ITG13
083106;Terme Vigliatore;M210;Messina;ME;Sicilia;ITG13
083107;Acquedolci;M211;Messina;ME;Sicilia;ITG13
083108;Torrenova;M286;Messina;ME;Sicilia;ITG13
084001;Agrigento;A089;Agrigento;AG;Sicilia;ITG14
084002;Alessandria della Rocca;A181;Agrigento;AG;Sicilia;ITG14
084003;Aragona;A351;Agrigento;AG;Sicilia;ITG14
084004;Bivona;A896;Agrigento;AG;Sicilia;ITG14
084005;Burgio;B275;Agrigento;AG;Sicilia;ITG14
084006;Calamonaci;B377;Agrigento;AG;Sicilia;ITG14
084007;Caltabellotta;B427;Agrigento;AG;Sicilia;ITG14
084008;Camastra;B460;Agrigento;AG;Sicilia;ITG14
084009;Cammarata;B486;Agrigento;AG;Sicilia;ITG14
084010;Campobello di Licata;B520;Agrigento;AG;Sicilia;ITG14
084011;Canicattì;B602;Agrigento;AG;Sicilia;ITG14
084012;Casteltermini;C275;Agrigento;AG;Sicilia;ITG14
084013;Castrofilippo;C341;Agrigento;AG;Sicilia;ITG14
084014;Cattolica Eraclea;C356;Agrigento;AG;Sicilia;ITG14
084015;Cianciana;C668;Agrigento;AG;Sicilia;ITG14
084016;Comitini;C928;Agrigento;AG;Sicilia;ITG14
084017;Favara;D514;Agrigento;AG;Sicilia;ITG14
084018;Grotte;E209;Agrigento;AG;Sicilia;ITG14
084019;Joppolo Giancaxio;E390;Agrigento;AG;Sicilia;ITG14
084020;Lampedusa e Linosa;E431;Agrigento;AG;Sicilia;ITG14
084021;Licata;E573;Agrigento;AG;Sicilia;ITG14
084022;Lucca Sicula;E714;Agrigento;AG;Sicilia;ITG14
084023;Menfi;F126;Agrigento;AG;Sicilia;ITG14
084024;Montallegro;F414;Agrigento;AG;Sicilia;ITG14
084025;Montevago;F655;Agrigento;AG;Sicilia;ITG14
084026;Naro;F845;Agrigento;AG;Sicilia;ITG14
084027;Palma di Montechiaro;G282;Agrigento;AG;Sicilia;ITG14
084028;Porto Empedocle;F299;Agrigento;AG;Sicilia;ITG14
084029;Racalmuto;H148;Agrigento;AG;Sicilia;ITG14
084030;Raffadali;H159;Agrigento;AG;Sicilia;ITG14
084031;Ravanusa;H194;Agrigento;AG;Sicilia;ITG14
084032;Realmonte;H205;Agrigento;AG;Sicilia;ITG14
084033;Ribera;H269;Agrigento;AG;Sicilia;ITG14
084034;Sambuca di Sicilia;H743;Agrigento;AG;Sicilia;ITG14
084035;San Biagio Platani;H778;Agrigento;AG;Sicilia;ITG14
084036;San Giovanni Gemini;H914;Agrigento;AG;Sicilia;ITG14
084037;Santa Elisabetta;I185;Agrigento;AG;Sicilia;ITG14
084038;Santa Margherita di Belice;I224;Agrigento;AG;Sicilia;ITG14
084039;Sant'Angelo Muxaro;I290;Agrigento;AG;Sicilia;ITG14
084040;Santo Stefano Quisquina;I356;Agrigento;AG;Sicilia;ITG14
084041;Sciacca;I533;Agrigento;AG;Sicilia;ITG14
084042;Siculiana;I723;Agrigento;AG;Sicilia;ITG14
084043;Villafranca Sicula;L944;Agrigento;AG;Sicilia;ITG14
085001;Acquaviva Platani;A049;Caltanissetta;CL;Sicilia;ITG15
085002;Bompensiere;A957;Caltanissetta;CL;Sicilia;ITG15
085003;Butera;B302;Caltanissetta;CL;Sicilia;ITG15
085004;Caltanissetta;B429;Caltanissetta;CL;Sicilia;ITG15
085005;Campofranco;B537;Caltanissetta;CL;Sicilia;ITG15
085006;Delia;D267;Caltanissetta;CL;Sicilia;ITG15
085007;Gela;D960;Caltanissetta;CL;Sicilia;ITG15
085008;Marianopoli;E953;Caltanissetta;CL;Sicilia;ITG15
085009;Mazzarino;F065;Caltanissetta;CL;Sicilia;ITG15
085010;Milena;E618;Caltanissetta;CL;Sicilia;ITG15
085011;Montedoro;F489;Caltanissetta;CL;Sicilia;ITG15
085012;Mussomeli;F830;Caltanissetta;CL;Sicilia;ITG15
085013;Niscemi;F899;Caltanissetta;CL;Sicilia;ITG15
085014;Resuttano;H245;Caltanissetta;CL;Sicilia;ITG15
085015;Riesi;H281;Caltanissetta;CL;Sicilia;ITG15
085016;San Cataldo;H792;Caltanissetta;CL;Sicilia;ITG15
085017;Santa Caterina Villarmosa;I169;Caltanissetta;CL;Sicilia;ITG15
085018;Serradifalco;I644;Caltanissetta;CL;Sicilia;ITG15
085019;Sommatino;I824;Caltanissetta;CL;Sicilia;ITG15
085020;Sutera;L016;Caltanissetta;CL;Sicilia;ITG15
085021;Vallelunga Pratameno;L609;Caltanissetta;CL;Sicilia;ITG15
085022;Villalba;L959;Caltanissetta;CL;Sicilia;ITG15
086001;Agira;A070;Enna;EN;Sicilia;ITG16
086002;Aidone;A098;Enna;EN;Sicilia;ITG16
086003;Assoro;A478;Enna;EN;Sicilia;ITG16
086004;Barrafranca;A676;Enna;EN;Sicilia;ITG16
086005;Calascibetta;B381;Enna;EN;Sicilia;ITG16
086006;Catenanuova;C353;Enna;EN;Sicilia;ITG16
086007;Centuripe;C471;Enna;EN;Sicilia;ITG16
086008;Cerami;C480;Enna;EN;Sicilia;ITG16
086009;Enna;C342;Enna;EN;Sicilia;ITG16
086010;Gagliano Castelferrato;D849;Enna;EN;Sicilia;ITG16
086011;Leonforte;E536;Enna;EN;Sicilia;ITG16
086012;Nicosia;F892;Enna;EN;Sicilia;ITG16
086013;Nissoria;F900;Enna;EN;Sicilia;ITG16
086014;Piazza Armerina;G580;Enna;EN;Sicilia;ITG16
086015;Pietraperzia;G624;Enna;EN;Sicilia;ITG16
086016;Regalbuto;H221;Enna;EN;Sicilia;ITG16
086017;Sperlinga;I891;Enna;EN;Sicilia;ITG16
086018;Troina;L448;Enna;EN;Sicilia;ITG16
086019;Valguarnera Caropepe;L583;Enna;EN;Sicilia;ITG16
086020;Villarosa;M011;Enna;EN;Sicilia;ITG16
087001;Aci Bonaccorsi;A025;Catania;CT;Sicilia;ITG17
087002;Aci Castello;A026;Catania;CT;Sicilia;ITG17
087003;Aci Catena;A027;Catania;CT;Sicilia;ITG17
087004;Acireale;A028;Catania;CT;Sicilia;ITG17
087005;Aci Sant'Antonio;A029;Catania;CT;Sicilia;ITG17
087006;Adrano;A056;Catania;CT;Sicilia;ITG17
087007;Belpasso;A766;Catania;CT;Sicilia;ITG17
087008;Biancavilla;A841;Catania;CT;Sicilia;ITG17
087009;Bronte;B202;Catania;CT;Sicilia;ITG17
087010;Calatabiano;B384;Catania;CT;Sicilia;ITG17
087011;Caltagirone;B428;Catania;CT;Sicilia;ITG17
087012;Camporotondo Etneo;B561;Catania;CT;Sicilia;ITG17
087013;Castel di Iudica;C091;Catania;CT;Sicilia;ITG17
087014;Castiglione di Sicilia;C297;Catania;CT;Sicilia;ITG17
087015;Catania;C351;Catania;CT;Sicilia;ITG17
087016;Fiumefreddo di Sicilia;D623;Catania;CT;Sicilia;ITG17
087017;Giarre;E017;Catania;CT;Sicilia;ITG17
087018;Grammichele;E133;Catania;CT;Sicilia;ITG17
087019;Gravina di Catania;E156;Catania;CT;Sicilia;ITG17
087020;Licodia Eubea;E578;Catania;CT;Sicilia;ITG17
087021;Linguaglossa;E602;Catania;CT;Sicilia;ITG17
087022;Maletto;E854;Catania;CT;Sicilia;ITG17
087023;Mascali;F004;Catania;CT;Sicilia;ITG17
087024;Mascalucia;F005;Catania;CT;Sicilia;ITG17
087025;Militello in Val di Catania;F209;Catania;CT;Sicilia;ITG17
087026;Milo;F214;Catania;CT;Sicilia;ITG17
087027;Mineo;F217;Catania;CT;Sicilia;ITG17
087028;Mirabella Imbaccari;F231;Catania;CT;Sicilia;ITG17
087029;Misterbianco;F250;Catania;CT;Sicilia;ITG17
087030;Motta Sant'Anastasia;F781;Catania;CT;Sicilia;ITG17
087031;Nicolosi;F890;Catania;CT;Sicilia;ITG17
087032;Palagonia;G253;Catania;CT;Sicilia;ITG17
087033;Paternò;G371;Catania;CT;Sicilia;ITG17
087034;Pedara;G402;Catania;CT;Sicilia;ITG17
087035;Piedimonte Etneo;G597;Catania;CT;Sicilia;ITG17
087036;Raddusa;H154;Catania;CT;Sicilia;ITG17
087037;Ramacca;H168;Catania;CT;Sicilia;ITG17
087038;Randazzo;H175;Catania;CT;Sicilia;ITG17
087039;Riposto;H325;Catania;CT;Sicilia;ITG17
087040;San Cono;H805;Catania;CT;Sicilia;ITG17
087041;San Giovanni la Punta;H922;Catania;CT;Sicilia;ITG17
087042;San Gregorio di Catania;H940;Catania;CT;Sicilia;ITG17
087043;San Michele di Ganzaria;I035;Catania;CT;Sicilia;ITG17
087044;San Pietro Clarenza;I098;Catania;CT;Sicilia;ITG17
087045;Sant'Agata li Battiati;I202;Catania;CT;Sicilia;ITG17
087046;Sant'Alfio;I216;Catania;CT;Sicilia;ITG17
087047;Santa Maria di Licodia;I240;Catania;CT;Sicilia;ITG17
087048;Santa Venerina;I314;Catania;CT;Sicilia;ITG17
087049;Scordia;I548;Catania;CT;Sicilia;ITG17
087050;Trecastagni;L355;Catania;CT;Sicilia;ITG17
087051;Tremestieri Etneo;L369;Catania;CT;Sicilia;ITG17
087052;Valverde;L658;Catania;CT;Sicilia;ITG17
087053;Viagrande;L828;Catania;CT;Sicilia;ITG17
087054;Vizzini;M100;Catania;CT;Sicilia;ITG17
087055;Zafferana Etnea;M139;Catania;CT;Sicilia;ITG17
087056;Mazzarrone;M271;Catania;CT;Sicilia;ITG17
087057;Maniace;M283;Catania;CT;Sicilia;ITG17
087058;Ragalna;M287;Catania;CT;Sicilia;ITG17
088001;Acate;A014;Ragusa;RG;Sicilia;ITG18
088002;Chiaramonte Gulfi;C612;Ragusa;RG;Sicilia;ITG18
088003;Comiso;C927;Ragusa;RG;Sicilia;ITG18
088004;Giarratana;E016;Ragusa;RG;Sicilia;ITG18
088005;Ispica;E366;Ragusa;RG;Sicilia;ITG18
088006;Modica;F258;Ragusa;RG;Sicilia;ITG18
088007;Monterosso Almo;F610;Ragusa;RG;Sicilia;ITG18
088008;Pozzallo;G953;Ragusa;RG;Sicilia;ITG18
088009;Ragusa;H163;Ragusa;RG;Sicilia;ITG18
088010;Santa Croce Camerina;I178;Ragusa;RG;Sicilia;ITG18
088011;Scicli;I535;Ragusa;RG;Sicilia;ITG18
088012;Vittoria;M088;Ragusa;RG;Sicilia;ITG18
089001;Augusta;A494;Siracusa;SR;Sicilia;ITG19
089002;Avola;A522;Siracusa;SR;Sicilia;ITG19
089003;Buccheri;B237;Siracusa;SR;Sicilia;ITG19
089004;Buscemi;B287;Siracusa;SR;Sicilia;ITG19
089005;Canicattini Bagni;B603;Siracusa;SR;Sicilia;ITG19
089006;Carlentini;B787;Siracusa;SR;Sicilia;ITG19
089007;Cassaro;C006;Siracusa;SR;Sicilia;ITG19
089008;Ferla;D540;Siracusa;SR;Sicilia;ITG19
089009;Floridia;D636;Siracusa;SR;Sicilia;ITG19
089010;Francofonte;D768;Siracusa;SR;Sicilia;ITG19
089011;Lentini;E532;Siracusa;SR;Sicilia;ITG19
089012;Melilli;F107;Siracusa;SR;Sicilia;ITG19
089013;Noto;F943;Siracusa;SR;Sicilia;ITG19
089014;Pachino;G211;Siracusa;SR;Sicilia;ITG19
089015;Palazzolo Acreide;G267;Siracusa;SR;Sicilia;ITG19
089016;Rosolini;H574;Siracusa;SR;Sicilia;ITG19
089017;Siracusa;I754;Siracusa;SR;Sicilia;ITG19
089018;Solarino;I785;Siracusa;SR;Sicilia;ITG19
089019;Sortino;I864;Siracusa;SR;Sicilia;ITG19
089020;Portopalo di Capo Passero;M257;Siracusa;SR;Sicilia;ITG19
089021;Priolo Gargallo;M279;Siracusa;SR;Sicilia;ITG19
090001;Aggius;A069;Sassari;SS;Sardegna;ITG2D
090002;Alà dei Sardi;A115;Sassari;SS;Sardegna;ITG2D
090003;Alghero;A192;Sassari;SS;Sardegna;ITG2D
090004;Anela;A287;Sassari;SS;Sardegna;ITG2D
090005;Ardara;A379;Sassari;SS;Sardegna;ITG2D
090006;Arzachena;A453;Sassari;SS;Sardegna;ITG2D
090007;Banari;A606;Sassari;SS;Sardegna;ITG2D
090008;Benetutti;A781;Sassari;SS;Sardegna;ITG2D
090009;Berchidda;A789;Sassari;SS;Sardegna;ITG2D
090010;Bessude;A827;Sassari;SS;Sardegna;ITG2D
090011;Bonnanaro;A976;Sassari;SS;Sardegna;ITG2D
090012;Bono;A977;Sassari;SS;Sardegna;ITG2D
090013;Bonorva;A978;Sassari;SS;Sardegna;ITG2D
090014;Bortigiadas;B063;Sassari;SS;Sardegna;ITG2D
090015;Borutta;B064;Sassari;SS;Sardegna;ITG2D
090016;Bottidda;B094;Sassari;SS;Sardegna;ITG2D
090017;Buddusò;B246;Sassari;SS;Sardegna;ITG2D
090018;Bultei;B264;Sassari;SS;Sardegna;ITG2D
090019;Bulzi;B265;Sassari;SS;Sardegna;ITG2D
090020;Burgos;B276;Sassari;SS;Sardegna;ITG2D
090021;Calangianus;B378;Sassari;SS;Sardegna;ITG2D
090022;Cargeghe;B772;Sassari;SS;Sardegna;ITG2D
090023;Castelsardo;C272;Sassari;SS;Sardegna;ITG2D
090024;Cheremule;C600;Sassari;SS;Sardegna;ITG2D
090025;Chiaramonti;C613;Sassari;SS;Sardegna;ITG2D
090026;Codrongianos;C818;Sassari;SS;Sardegna;ITG2D
090027;Cossoine;D100;Sassari;SS;Sardegna;ITG2D
090028;Esporlatu;D441;Sassari;SS;Sardegna;ITG2D
090029;Florinas;D637;Sassari;SS;Sardegna;ITG2D
090030;Giave;E019;Sassari;SS;Sardegna;ITG2D
090031;Illorai;E285;Sassari;SS;Sardegna;ITG2D
090032;Ittireddu;E376;Sassari;SS;Sardegna;ITG2D
090033;Ittiri;E377;Sassari;SS;Sardegna;ITG2D
090034;Laerru;E401;Sassari;SS;Sardegna;ITG2D
090035;La Maddalena;E425;Sassari;SS;Sardegna;ITG2D
090036;Luogosanto;E747;Sassari;SS;Sardegna;ITG2D
090037;Luras;E752;Sassari;SS;Sardegna;ITG2D
090038;Mara;E902;Sassari;SS;Sardegna;ITG2D
090039;Martis;E992;Sassari;SS;Sardegna;ITG2D
090040;Monteleone Rocca Doria;F542;Sassari;SS;Sardegna;ITG2D
090041;Monti;F667;Sassari;SS;Sardegna;ITG2D
090042;Mores;F721;Sassari;SS;Sardegna;ITG2D
090043;Muros;F818;Sassari;SS;Sardegna;ITG2D
090044;Nughedu San Nicolò;F975;Sassari;SS;Sardegna;ITG2D
090045;Nule;F976;Sassari;SS;Sardegna;ITG2D
090046;Nulvi;F977;Sassari;SS;Sardegna;ITG2D
090047;Olbia;G015;Sassari;SS;Sardegna;ITG2D
090048;Olmedo;G046;Sassari;SS;Sardegna;ITG2D
090049;Oschiri;G153;Sassari;SS;Sardegna;ITG2D
090050;Osilo;G156;Sassari;SS;Sardegna;ITG2D
090051;Ossi;G178;Sassari;SS;Sardegna;ITG2D
090052;Ozieri;G203;Sassari;SS;Sardegna;ITG2D
090053;Padria;G225;Sassari;SS;Sardegna;ITG2D
090054;Palau;G258;Sassari;SS;Sardegna;ITG2D
090055;Pattada;G376;Sassari;SS;Sardegna;ITG2D
090056;Perfugas;G450;Sassari;SS;Sardegna;ITG2D
090057;Ploaghe;G740;Sassari;SS;Sardegna;ITG2D
090058;Porto Torres;G924;Sassari;SS;Sardegna;ITG2D
090059;Pozzomaggiore;G962;Sassari;SS;Sardegna;ITG2D
090060;Putifigari;H095;Sassari;SS;Sardegna;ITG2D
090061;Romana;H507;Sassari;SS;Sardegna;ITG2D
090062;Aglientu;H848;Sassari;SS;Sardegna;ITG2D
090063;Santa Teresa Gallura;I312;Sassari;SS;Sardegna;ITG2D
090064;Sassari;I452;Sassari;SS;Sardegna;ITG2D
090065;Sedini;I565;Sassari;SS;Sardegna;ITG2D
090066;Semestene;I598;Sassari;SS;Sardegna;ITG2D
090067;Sennori;I614;Sassari;SS;Sardegna;ITG2D
090068;Siligo;I732;Sassari;SS;Sardegna;ITG2D
090069;Sorso;I863;Sassari;SS;Sardegna;ITG2D
090070;Tempio Pausania;L093;Sassari;SS;Sardegna;ITG2D
090071;Thiesi;L158;Sassari;SS;Sardegna;ITG2D
090072;Tissi;L180;Sassari;SS;Sardegna;ITG2D
090073;Torralba;L235;Sassari;SS;Sardegna;ITG2D
090074;Trinità d'Agultu e Vignola;L428;Sassari;SS;Sardegna;ITG2D
090075;Tula;L464;Sassari;SS;Sardegna;ITG2D
090076;Uri;L503;Sassari;SS;Sardegna;ITG2D
090077;Usini;L509;Sassari;SS;Sardegna;ITG2D
090078;Villanova Monteleone;L989;Sassari;SS;Sardegna;ITG2D
090079;Valledoria;L604;Sassari;SS;Sardegna;ITG2D
090080;Telti;L088;Sassari;SS;Sardegna;ITG2D
090081;Badesi;M214;Sassari;SS;Sardegna;ITG2D
090082;Viddalba;M259;Sassari;SS;Sardegna;ITG2D
090083;Golfo Aranci;M274;Sassari;SS;Sardegna;ITG2D
090084;Loiri Porto San Paolo;M275;Sassari;SS;Sardegna;ITG2D
090085;Sant'Antonio di Gallura;M276;Sassari;SS;Sardegna;ITG2D
090086;Tergu;M282;Sassari;SS;Sardegna;ITG2D
090087;Santa Maria Coghinas;M284;Sassari;SS;Sardegna;ITG2D
090088;Erula;M292;Sassari;SS;Sardegna;ITG2D
090089;Stintino;M290;Sassari;SS;Sardegna;ITG2D
090090;Padru;M301;Sassari;SS;Sardegna;ITG2D
090091;Budoni;B248;Sassari;SS;Sardegna;ITG2D
090092;San Teodoro;I329;Sassari;SS;Sardegna;ITG2D
091001;Aritzo;A407;Nuoro;NU;Sardegna;ITG2E
091002;Arzana;A454;Nuoro;NU;Sardegna;ITG2E
091003;Atzara;A492;Nuoro;NU;Sardegna;ITG2E
091004;Austis;A503;Nuoro;NU;Sardegna;ITG2E
091005;Bari Sardo;A663;Nuoro;NU;Sardegna;ITG2E
091006;Baunei;A722;Nuoro;NU;Sardegna;ITG2E
091007;Belvì;A776;Nuoro;NU;Sardegna;ITG2E
091008;Birori;A880;Nuoro;NU;Sardegna;ITG2E
091009;Bitti;A895;Nuoro;NU;Sardegna;ITG2E
091010;Bolotana;A948;Nuoro;NU;Sardegna;ITG2E
091011;Borore;B056;Nuoro;NU;Sardegna;ITG2E
091012;Bortigali;B062;Nuoro;NU;Sardegna;ITG2E
091016;Desulo;D287;Nuoro;NU;Sardegna;ITG2E
091017;Dorgali;D345;Nuoro;NU;Sardegna;ITG2E
091018;Dualchi;D376;Nuoro;NU;Sardegna;ITG2E
091019;Elini;D395;Nuoro;NU;Sardegna;ITG2E
091024;Fonni;D665;Nuoro;NU;Sardegna;ITG2E
091025;Gadoni;D842;Nuoro;NU;Sardegna;ITG2E
091026;Gairo;D859;Nuoro;NU;Sardegna;ITG2E
091027;Galtellì;D888;Nuoro;NU;Sardegna;ITG2E
091028;Gavoi;D947;Nuoro;NU;Sardegna;ITG2E
091031;Girasole;E049;Nuoro;NU;Sardegna;ITG2E
091032;Ilbono;E283;Nuoro;NU;Sardegna;ITG2E
091033;Irgoli;E323;Nuoro;NU;Sardegna;ITG2E
091035;Jerzu;E387;Nuoro;NU;Sardegna;ITG2E
091037;Lanusei;E441;Nuoro;NU;Sardegna;ITG2E
091038;Lei;E517;Nuoro;NU;Sardegna;ITG2E
091039;Loceri;E644;Nuoro;NU;Sardegna;ITG2E
091040;Loculi;E646;Nuoro;NU;Sardegna;ITG2E
091041;Lodè;E647;Nuoro;NU;Sardegna;ITG2E
091042;Lotzorai;E700;Nuoro;NU;Sardegna;ITG2E
091043;Lula;E736;Nuoro;NU;Sardegna;ITG2E
091044;Macomer;E788;Nuoro;NU;Sardegna;ITG2E
091046;Mamoiada;E874;Nuoro;NU;Sardegna;ITG2E
091047;Meana Sardo;F073;Nuoro;NU;Sardegna;ITG2E
091050;Noragugume;F933;Nuoro;NU;Sardegna;ITG2E
091051;Nuoro;F979;Nuoro;NU;Sardegna;ITG2E
091055;Oliena;G031;Nuoro;NU;Sardegna;ITG2E
091056;Ollolai;G044;Nuoro;NU;Sardegna;ITG2E
091057;Olzai;G058;Nuoro;NU;Sardegna;ITG2E
091058;Onanì;G064;Nuoro;NU;Sardegna;ITG2E
091059;Onifai;G070;Nuoro;NU;Sardegna;ITG2E
091060;Oniferi;G071;Nuoro;NU;Sardegna;ITG2E
091061;Orani;G084;Nuoro;NU;Sardegna;ITG2E
091062;Orgosolo;G097;Nuoro;NU;Sardegna;ITG2E
091063;Orosei;G119;Nuoro;NU;Sardegna;ITG2E
091064;Orotelli;G120;Nuoro;NU;Sardegna;ITG2E
091066;Ortueri;G146;Nuoro;NU;Sardegna;ITG2E
091067;Orune;G147;Nuoro;NU;Sardegna;ITG2E
091068;Osidda;G154;Nuoro;NU;Sardegna;ITG2E
091069;Osini;G158;Nuoro;NU;Sardegna;ITG2E
091070;Ottana;G191;Nuoro;NU;Sardegna;ITG2E
091071;Ovodda;G201;Nuoro;NU;Sardegna;ITG2E
091072;Perdasdefogu;G445;Nuoro;NU;Sardegna;ITG2E
091073;Posada;G929;Nuoro;NU;Sardegna;ITG2E
091077;Sarule;I448;Nuoro;NU;Sardegna;ITG2E
091083;Silanus;I730;Nuoro;NU;Sardegna;ITG2E
091084;Sindia;I748;Nuoro;NU;Sardegna;ITG2E
091085;Siniscola;I751;Nuoro;NU;Sardegna;ITG2E
091086;Sorgono;I851;Nuoro;NU;Sardegna;ITG2E
091088;Talana;L036;Nuoro;NU;Sardegna;ITG2E
091089;Tertenia;L140;Nuoro;NU;Sardegna;ITG2E
091090;Teti;L153;Nuoro;NU;Sardegna;ITG2E
091091;Tiana;L160;Nuoro;NU;Sardegna;ITG2E
091093;Tonara;L202;Nuoro;NU;Sardegna;ITG2E
091094;Torpè;L231;Nuoro;NU;Sardegna;ITG2E
091095;Tortolì;A355;Nuoro;NU;Sardegna;ITG2E
091097;Triei;L423;Nuoro;NU;Sardegna;ITG2E
091098;Ulassai;L489;Nuoro;NU;Sardegna;ITG2E
091099;Urzulei;L506;Nuoro;NU;Sardegna;ITG2E
091100;Ussassai;L514;Nuoro;NU;Sardegna;ITG2E
091101;Villagrande Strisaili;L953;Nuoro;NU;Sardegna;ITG2E
091103;Cardedu;M285;Nuoro;NU;Sardegna;ITG2E
091104;Lodine;E649;Nuoro;NU;Sardegna;ITG2E
092003;Assemini;A474;Cagliari;CA;Sardegna;ITG2F
092009;Cagliari;B354;Cagliari;CA;Sardegna;ITG2F
092011;Capoterra;B675;Cagliari;CA;Sardegna;ITG2F
092015;Decimomannu;D259;Cagliari;CA;Sardegna;ITG2F
092037;Maracalagonis;E903;Cagliari;CA;Sardegna;ITG2F
092050;Pula;H088;Cagliari;CA;Sardegna;ITG2F
092051;Quartu Sant'Elena;H118;Cagliari;CA;Sardegna;ITG2F
092066;Sarroch;I443;Cagliari;CA;Sardegna;ITG2F
092068;Selargius;I580;Cagliari;CA;Sardegna;ITG2F
092074;Sestu;I695;Cagliari;CA;Sardegna;ITG2F
092075;Settimo San Pietro;I699;Cagliari;CA;Sardegna;ITG2F
092080;Sinnai;I752;Cagliari;CA;Sardegna;ITG2F
092090;Uta;L521;Cagliari;CA;Sardegna;ITG2F
092099;Villa San Pietro;I118;Cagliari;CA;Sardegna;ITG2F
092105;Quartucciu;H119;Cagliari;CA;Sardegna;ITG2F
092108;Elmas;D399;Cagliari;CA;Sardegna;ITG2F
092109;Monserrato;F383;Cagliari;CA;Sardegna;ITG2F
093001;Andreis;A283;Pordenone;PN;Friuli-Venezia Giulia;ITH41
093002;Arba;A354;Pordenone;PN;Friuli-Venezia Giulia;ITH41
093004;Aviano;A516;Pordenone;PN;Friuli-Venezia Giulia;ITH41
093005;Azzano Decimo;A530;Pordenone;PN;Friuli-Venezia Giulia;ITH41
093006;Barcis;A640;Pordenone;PN;Friuli-Venezia Giulia;ITH41
093007;Brugnera;B215;Pordenone;PN;Friuli-Venezia Giulia;ITH41
093008;Budoia;B247;Pordenone;PN;Friuli-Venezia Giulia;ITH41
093009;Caneva;B598;Pordenone;PN;Friuli-Venezia Giulia;ITH41
093010;Casarsa della Delizia;B940;Pordenone;PN;Friuli-Venezia Giulia;ITH41
093011;Castelnovo del Friuli;C217;Pordenone;PN;Friuli-Venezia Giulia;ITH41
093012;Cavasso Nuovo;C385;Pordenone;PN;Friuli-Venezia Giulia;ITH41
093013;Chions;C640;Pordenone;PN;Friuli-Venezia Giulia;ITH41
093014;Cimolais;C699;Pordenone;PN;Friuli-Venezia Giulia;ITH41
093015;Claut;C790;Pordenone;PN;Friuli-Venezia Giulia;ITH41
093016;Clauzetto;C791;Pordenone;PN;Friuli-Venezia Giulia;ITH41
093017;Cordenons;C991;Pordenone;PN;Friuli-Venezia Giulia;ITH41
093018;Cordovado;C993;Pordenone;PN;Friuli-Venezia Giulia;ITH41
093019;Erto e Casso;D426;Pordenone;PN;Friuli-Venezia Giulia;ITH41
093020;Fanna;D487;Pordenone;PN;Friuli-Venezia Giulia;ITH41
093021;Fiume Veneto;D621;Pordenone;PN;Friuli-Venezia Giulia;ITH41
093022;Fontanafredda;D670;Pordenone;PN;Friuli-Venezia Giulia;ITH41
093024;Frisanco;D804;Pordenone;PN;Friuli-Venezia Giulia;ITH41
093025;Maniago;E889;Pordenone;PN;Friuli-Venezia Giulia;ITH41
093026;Meduno;F089;Pordenone;PN;Friuli-Venezia Giulia;ITH41
093027;Montereale Valcellina;F596;Pordenone;PN;Friuli-Venezia Giulia;ITH41
093028;Morsano al Tagliamento;F750;Pordenone;PN;Friuli-Venezia Giulia;ITH41
093029;Pasiano di Pordenone;G353;Pordenone;PN;Friuli-Venezia Giulia;ITH41
093030;Pinzano al Tagliamento;G680;Pordenone;PN;Friuli-Venezia Giulia;ITH41
093031;Polcenigo;G780;Pordenone;PN;Friuli-Venezia Giulia;ITH41
093032;Porcia;G886;Pordenone;PN;Friuli-Venezia Giulia;ITH41
093033;Pordenone;G888;Pordenone;PN;Friuli-Venezia Giulia;ITH41
093034;Prata di Pordenone;G994;Pordenone;PN;Friuli-Venezia Giulia;ITH41
093035;Pravisdomini;H010;Pordenone;PN;Friuli-Venezia Giulia;ITH41
093036;Roveredo in Piano;H609;Pordenone;PN;Friuli-Venezia Giulia;ITH41
093037;Sacile;H657;Pordenone;PN;Friuli-Venezia Giulia;ITH41
093038;San Giorgio della Richinvelda;H891;Pordenone;PN;Friuli-Venezia Giulia;ITH41
093039;San Martino al Tagliamento;H999;Pordenone;PN;Friuli-Venezia Giulia;ITH41
093040;San Quirino;I136;Pordenone;PN;Friuli-Venezia Giulia;ITH41
093041;San Vito al Tagliamento;I403;Pordenone;PN;Friuli-Venezia Giulia;ITH41
093042;Sequals;I621;Pordenone;PN;Friuli-Venezia Giulia;ITH41
093043;Sesto al Reghena;I686;Pordenone;PN;Friuli-Venezia Giulia;ITH41
093044;Spilimbergo;I904;Pordenone;PN;Friuli-Venezia Giulia;ITH41
093045;Tramonti di Sopra;L324;Pordenone;PN;Friuli-Venezia Giulia;ITH41
093046;Tramonti di Sotto;L325;Pordenone;PN;Friuli-Venezia Giulia;ITH41
093047;Travesio;L347;Pordenone;PN;Friuli-Venezia Giulia;ITH41
093049;Vito d'Asio;M085;Pordenone;PN;Friuli-Venezia Giulia;ITH41
093050;Vivaro;M096;Pordenone;PN;Friuli-Venezia Giulia;ITH41
093051;Zoppola;M190;Pordenone;PN;Friuli-Venezia Giulia;ITH41
093052;Vajont;M265;Pordenone;PN;Friuli-Venezia Giulia;ITH41
093053;Valvasone Arzene;M346;Pordenone;PN;Friuli-Venezia Giulia;ITH41
094001;Acquaviva d'Isernia;A051;Isernia;IS;Molise;ITF21
094002;Agnone;A080;Isernia;IS;Molise;ITF21
094003;Bagnoli del Trigno;A567;Isernia;IS;Molise;ITF21
094004;Belmonte del Sannio;A761;Isernia;IS;Molise;ITF21
094005;Cantalupo nel Sannio;B630;Isernia;IS;Molise;ITF21
094006;Capracotta;B682;Isernia;IS;Molise;ITF21
094007;Carovilli;B810;Isernia;IS;Molise;ITF21
094008;Carpinone;B830;Isernia;IS;Molise;ITF21
094009;Castel del Giudice;C082;Isernia;IS;Molise;ITF21
094010;Castelpetroso;C246;Isernia;IS;Molise;ITF21
094011;Castelpizzuto;C247;Isernia;IS;Molise;ITF21
094012;Castel San Vincenzo;C270;Isernia;IS;Molise;ITF21
094013;Castelverrino;C200;Isernia;IS;Molise;ITF21
094014;Cerro al Volturno;C534;Isernia;IS;Molise;ITF21
094015;Chiauci;C620;Isernia;IS;Molise;ITF21
094016;Civitanova del Sannio;C769;Isernia;IS;Molise;ITF21
094017;Colli a Volturno;C878;Isernia;IS;Molise;ITF21
094018;Conca Casale;C941;Isernia;IS;Molise;ITF21
094019;Filignano;D595;Isernia;IS;Molise;ITF21
094020;Forlì del Sannio;D703;Isernia;IS;Molise;ITF21
094021;Fornelli;D715;Isernia;IS;Molise;ITF21
094022;Frosolone;D811;Isernia;IS;Molise;ITF21
094023;Isernia;E335;Isernia;IS;Molise;ITF21
094024;Longano;E669;Isernia;IS;Molise;ITF21
094025;Macchia d'Isernia;E778;Isernia;IS;Molise;ITF21
094026;Macchiagodena;E779;Isernia;IS;Molise;ITF21
094027;Miranda;F239;Isernia;IS;Molise;ITF21
094028;Montaquila;F429;Isernia;IS;Molise;ITF21
094029;Montenero Val Cocchiara;F580;Isernia;IS;Molise;ITF21
094030;Monteroduni;F601;Isernia;IS;Molise;ITF21
094031;Pesche;G486;Isernia;IS;Molise;ITF21
094032;Pescolanciano;G495;Isernia;IS;Molise;ITF21
094033;Pescopennataro;G497;Isernia;IS;Molise;ITF21
094034;Pettoranello del Molise;G523;Isernia;IS;Molise;ITF21
094035;Pietrabbondante;G606;Isernia;IS;Molise;ITF21
094036;Pizzone;G727;Isernia;IS;Molise;ITF21
094037;Poggio Sannita;B317;Isernia;IS;Molise;ITF21
094038;Pozzilli;G954;Isernia;IS;Molise;ITF21
094039;Rionero Sannitico;H308;Isernia;IS;Molise;ITF21
094040;Roccamandolfi;H420;Isernia;IS;Molise;ITF21
094041;Roccasicura;H445;Isernia;IS;Molise;ITF21
094042;Rocchetta a Volturno;H458;Isernia;IS;Molise;ITF21
094043;San Pietro Avellana;I096;Isernia;IS;Molise;ITF21
094044;Sant'Agapito;I189;Isernia;IS;Molise;ITF21
094045;Santa Maria del Molise;I238;Isernia;IS;Molise;ITF21
094046;Sant'Angelo del Pesco;I282;Isernia;IS;Molise;ITF21
094047;Sant'Elena Sannita;B466;Isernia;IS;Molise;ITF21
094048;Scapoli;I507;Isernia;IS;Molise;ITF21
094049;Sessano del Molise;I679;Isernia;IS;Molise;ITF21
094050;Sesto Campano;I682;Isernia;IS;Molise;ITF21
094051;Vastogirardi;L696;Isernia;IS;Molise;ITF21
094052;Venafro;L725;Isernia;IS;Molise;ITF21
095001;Abbasanta;A007;Oristano;OR;Sardegna;ITG2G
095002;Aidomaggiore;A097;Oristano;OR;Sardegna;ITG2G
095003;Albagiara;A126;Oristano;OR;Sardegna;ITG2G
095004;Ales;A180;Oristano;OR;Sardegna;ITG2G
095005;Allai;A204;Oristano;OR;Sardegna;ITG2G
095006;Arborea;A357;Oristano;OR;Sardegna;ITG2G
095007;Ardauli;A380;Oristano;OR;Sardegna;ITG2G
095008;Assolo;A477;Oristano;OR;Sardegna;ITG2G
095009;Asuni;A480;Oristano;OR;Sardegna;ITG2G
095010;Baradili;A614;Oristano;OR;Sardegna;ITG2G
095011;Baratili San Pietro;A621;Oristano;OR;Sardegna;ITG2G
095012;Baressa;A655;Oristano;OR;Sardegna;ITG2G
095013;Bauladu;A721;Oristano;OR;Sardegna;ITG2G
095014;Bidonì;A856;Oristano;OR;Sardegna;ITG2G
095015;Bonarcado;A960;Oristano;OR;Sardegna;ITG2G
095016;Boroneddu;B055;Oristano;OR;Sardegna;ITG2G
095017;Busachi;B281;Oristano;OR;Sardegna;ITG2G
095018;Cabras;B314;Oristano;OR;Sardegna;ITG2G
095019;Cuglieri;D200;Oristano;OR;Sardegna;ITG2G
095020;Fordongianus;D695;Oristano;OR;Sardegna;ITG2G
095021;Ghilarza;E004;Oristano;OR;Sardegna;ITG2G
095022;Gonnoscodina;E087;Oristano;OR;Sardegna;ITG2G
095023;Gonnosnò;D585;Oristano;OR;Sardegna;ITG2G
095024;Gonnostramatza;E088;Oristano;OR;Sardegna;ITG2G
095025;Marrubiu;E972;Oristano;OR;Sardegna;ITG2G
095026;Masullas;F050;Oristano;OR;Sardegna;ITG2G
095027;Milis;F208;Oristano;OR;Sardegna;ITG2G
095028;Mogorella;F270;Oristano;OR;Sardegna;ITG2G
095029;Mogoro;F272;Oristano;OR;Sardegna;ITG2G
095030;Morgongiori;F727;Oristano;OR;Sardegna;ITG2G
095031;Narbolia;F840;Oristano;OR;Sardegna;ITG2G
095032;Neoneli;F867;Oristano;OR;Sardegna;ITG2G
095033;Norbello;F934;Oristano;OR;Sardegna;ITG2G
095034;Nughedu Santa Vittoria;F974;Oristano;OR;Sardegna;ITG2G
095035;Nurachi;F980;Oristano;OR;Sardegna;ITG2G
095036;Nureci;F985;Oristano;OR;Sardegna;ITG2G
095037;Ollastra;G043;Oristano;OR;Sardegna;ITG2G
095038;Oristano;G113;Oristano;OR;Sardegna;ITG2G
095039;Palmas Arborea;G286;Oristano;OR;Sardegna;ITG2G
095040;Pau;G379;Oristano;OR;Sardegna;ITG2G
095041;Paulilatino;G384;Oristano;OR;Sardegna;ITG2G
095042;Pompu;G817;Oristano;OR;Sardegna;ITG2G
095043;Riola Sardo;H301;Oristano;OR;Sardegna;ITG2G
095044;Ruinas;F271;Oristano;OR;Sardegna;ITG2G
095045;Samugheo;H756;Oristano;OR;Sardegna;ITG2G
095046;San Nicolò d'Arcidano;A368;Oristano;OR;Sardegna;ITG2G
095047;Santa Giusta;I205;Oristano;OR;Sardegna;ITG2G
095048;Villa Sant'Antonio;I298;Oristano;OR;Sardegna;ITG2G
095049;Santu Lussurgiu;I374;Oristano;OR;Sardegna;ITG2G
095050;San Vero Milis;I384;Oristano;OR;Sardegna;ITG2G
095051;Scano di Montiferro;I503;Oristano;OR;Sardegna;ITG2G
095052;Sedilo;I564;Oristano;OR;Sardegna;ITG2G
095053;Seneghe;I605;Oristano;OR;Sardegna;ITG2G
095054;Senis;I609;Oristano;OR;Sardegna;ITG2G
095055;Sennariolo;I613;Oristano;OR;Sardegna;ITG2G
095056;Siamaggiore;I717;Oristano;OR;Sardegna;ITG2G
095057;Siamanna;I718;Oristano;OR;Sardegna;ITG2G
095058;Simala;I742;Oristano;OR;Sardegna;ITG2G
095059;Simaxis;I743;Oristano;OR;Sardegna;ITG2G
095060;Sini;I749;Oristano;OR;Sardegna;ITG2G
095061;Siris;I757;Oristano;OR;Sardegna;ITG2G
095062;Solarussa;I791;Oristano;OR;Sardegna;ITG2G
095063;Sorradile;I861;Oristano;OR;Sardegna;ITG2G
095064;Tadasuni;L023;Oristano;OR;Sardegna;ITG2G
095065;Terralba;L122;Oristano;OR;Sardegna;ITG2G
095066;Tramatza;L321;Oristano;OR;Sardegna;ITG2G
095067;Tresnuraghes;L393;Oristano;OR;Sardegna;ITG2G
095068;Ulà Tirso;L488;Oristano;OR;Sardegna;ITG2G
095069;Uras;L496;Oristano;OR;Sardegna;ITG2G
095070;Usellus;L508;Oristano;OR;Sardegna;ITG2G
095071;Villanova Truschedu;L991;Oristano;OR;Sardegna;ITG2G
095072;Villaurbana;M030;Oristano;OR;Sardegna;ITG2G
095073;Villa Verde;A609;Oristano;OR;Sardegna;ITG2G
095074;Zeddiani;M153;Oristano;OR;Sardegna;ITG2G
095075;Zerfaliu;M168;Oristano;OR;Sardegna;ITG2G
095076;Siapiccia;I721;Oristano;OR;Sardegna;ITG2G
095077;Curcuris;D214;Oristano;OR;Sardegna;ITG2G
095078;Soddì;I778;Oristano;OR;Sardegna;ITG2G
095079;Bosa;B068;Oristano;OR;Sardegna;ITG2G
095080;Flussio;D640;Oristano;OR;Sardegna;ITG2G
095082;Laconi;E400;Oristano;OR;Sardegna;ITG2G
095083;Magomadas;E825;Oristano;OR;Sardegna;ITG2G
095084;Modolo;F261;Oristano;OR;Sardegna;ITG2G
095085;Montresta;F698;Oristano;OR;Sardegna;ITG2G
095086;Sagama;H661;Oristano;OR;Sardegna;ITG2G
095087;Suni;L006;Oristano;OR;Sardegna;ITG2G
095088;Tinnura;L172;Oristano;OR;Sardegna;ITG2G
096001;Ailoche;A107;Biella;BI;Piemonte;ITC13
096002;Andorno Micca;A280;Biella;BI;Piemonte;ITC13
096003;Benna;A784;Biella;BI;Piemonte;ITC13
096004;Biella;A859;Biella;BI;Piemonte;ITC13
096005;Bioglio;A876;Biella;BI;Piemonte;ITC13
096006;Borriana;B058;Biella;BI;Piemonte;ITC13
096007;Brusnengo;B229;Biella;BI;Piemonte;ITC13
096008;Callabiana;B417;Biella;BI;Piemonte;ITC13
096009;Camandona;B457;Biella;BI;Piemonte;ITC13
096010;Camburzano;B465;Biella;BI;Piemonte;ITC13
096012;Candelo;B586;Biella;BI;Piemonte;ITC13
096013;Caprile;B708;Biella;BI;Piemonte;ITC13
096014;Casapinta;B933;Biella;BI;Piemonte;ITC13
096015;Castelletto Cervo;C155;Biella;BI;Piemonte;ITC13
096016;Cavaglià;C363;Biella;BI;Piemonte;ITC13
096018;Cerrione;C532;Biella;BI;Piemonte;ITC13
096019;Coggiola;C819;Biella;BI;Piemonte;ITC13
096020;Cossato;D094;Biella;BI;Piemonte;ITC13
096021;Crevacuore;D165;Biella;BI;Piemonte;ITC13
096023;Curino;D219;Biella;BI;Piemonte;ITC13
096024;Donato;D339;Biella;BI;Piemonte;ITC13
096025;Dorzano;D350;Biella;BI;Piemonte;ITC13
096026;Gaglianico;D848;Biella;BI;Piemonte;ITC13
096027;Gifflenga;E024;Biella;BI;Piemonte;ITC13
096028;Graglia;E130;Biella;BI;Piemonte;ITC13
096030;Magnano;E821;Biella;BI;Piemonte;ITC13
096031;Massazza;F037;Biella;BI;Piemonte;ITC13
096032;Masserano;F042;Biella;BI;Piemonte;ITC13
096033;Mezzana Mortigliengo;F167;Biella;BI;Piemonte;ITC13
096034;Miagliano;F189;Biella;BI;Piemonte;ITC13
096035;Mongrando;F369;Biella;BI;Piemonte;ITC13
096037;Mottalciata;F776;Biella;BI;Piemonte;ITC13
096038;Muzzano;F833;Biella;BI;Piemonte;ITC13
096039;Netro;F878;Biella;BI;Piemonte;ITC13
096040;Occhieppo Inferiore;F992;Biella;BI;Piemonte;ITC13
096041;Occhieppo Superiore;F993;Biella;BI;Piemonte;ITC13
096042;Pettinengo;G521;Biella;BI;Piemonte;ITC13
096043;Piatto;G577;Biella;BI;Piemonte;ITC13
096044;Piedicavallo;G594;Biella;BI;Piemonte;ITC13
096046;Pollone;G798;Biella;BI;Piemonte;ITC13
096047;Ponderano;G820;Biella;BI;Piemonte;ITC13
096048;Portula;G927;Biella;BI;Piemonte;ITC13
096049;Pralungo;G980;Biella;BI;Piemonte;ITC13
096050;Pray;G974;Biella;BI;Piemonte;ITC13
096053;Ronco Biellese;H538;Biella;BI;Piemonte;ITC13
096054;Roppolo;H553;Biella;BI;Piemonte;ITC13
096055;Rosazza;H561;Biella;BI;Piemonte;ITC13
096056;Sagliano Micca;H662;Biella;BI;Piemonte;ITC13
096057;Sala Biellese;H681;Biella;BI;Piemonte;ITC13
096058;Salussola;H726;Biella;BI;Piemonte;ITC13
096059;Sandigliano;H821;Biella;BI;Piemonte;ITC13
096063;Sordevolo;I847;Biella;BI;Piemonte;ITC13
096064;Sostegno;I868;Biella;BI;Piemonte;ITC13
096065;Strona;I980;Biella;BI;Piemonte;ITC13
096066;Tavigliano;L075;Biella;BI;Piemonte;ITC13
096067;Ternengo;L116;Biella;BI;Piemonte;ITC13
096068;Tollegno;L193;Biella;BI;Piemonte;ITC13
096069;Torrazzo;L239;Biella;BI;Piemonte;ITC13
096071;Valdengo;L556;Biella;BI;Piemonte;ITC13
096072;Vallanzengo;L586;Biella;BI;Piemonte;ITC13
096074;Valle San Nicolao;L620;Biella;BI;Piemonte;ITC13
096075;Veglio;L712;Biella;BI;Piemonte;ITC13
096076;Verrone;L785;Biella;BI;Piemonte;ITC13
096077;Vigliano Biellese;L880;Biella;BI;Piemonte;ITC13
096078;Villa del Bosco;L933;Biella;BI;Piemonte;ITC13
096079;Villanova Biellese;L978;Biella;BI;Piemonte;ITC13
096080;Viverone;M098;Biella;BI;Piemonte;ITC13
096081;Zimone;M179;Biella;BI;Piemonte;ITC13
096082;Zubiena;M196;Biella;BI;Piemonte;ITC13
096083;Zumaglia;M201;Biella;BI;Piemonte;ITC13
096085;Lessona;M371;Biella;BI;Piemonte;ITC13
096086;Campiglia Cervo;M373;Biella;BI;Piemonte;ITC13
096087;Quaregna Cerreto;M414;Biella;BI;Piemonte;ITC13
096088;Valdilana;M417;Biella;BI;Piemonte;ITC13
097001;Abbadia Lariana;A005;Lecco;LC;Lombardia;ITC43
097002;Airuno;A112;Lecco;LC;Lombardia;ITC43
097003;Annone di Brianza;A301;Lecco;LC;Lombardia;ITC43
097004;Ballabio;A594;Lecco;LC;Lombardia;ITC43
097005;Barzago;A683;Lecco;LC;Lombardia;ITC43
097006;Barzanò;A686;Lecco;LC;Lombardia;ITC43
097007;Barzio;A687;Lecco;LC;Lombardia;ITC43
097008;Bellano;A745;Lecco;LC;Lombardia;ITC43
097009;Bosisio Parini;B081;Lecco;LC;Lombardia;ITC43
097010;Brivio;B194;Lecco;LC;Lombardia;ITC43
097011;Bulciago;B261;Lecco;LC;Lombardia;ITC43
097012;Calco;B396;Lecco;LC;Lombardia;ITC43
097013;Calolziocorte;B423;Lecco;LC;Lombardia;ITC43
097014;Carenno;B763;Lecco;LC;Lombardia;ITC43
097015;Casargo;B937;Lecco;LC;Lombardia;ITC43
097016;Casatenovo;B943;Lecco;LC;Lombardia;ITC43
097017;Cassago Brianza;B996;Lecco;LC;Lombardia;ITC43
097018;Cassina Valsassina;C024;Lecco;LC;Lombardia;ITC43
097019;Castello di Brianza;C187;Lecco;LC;Lombardia;ITC43
097020;Cernusco Lombardone;C521;Lecco;LC;Lombardia;ITC43
097021;Cesana Brianza;C563;Lecco;LC;Lombardia;ITC43
097022;Civate;C752;Lecco;LC;Lombardia;ITC43
097023;Colico;C839;Lecco;LC;Lombardia;ITC43
097024;Colle Brianza;C851;Lecco;LC;Lombardia;ITC43
097025;Cortenova;D065;Lecco;LC;Lombardia;ITC43
097026;Costa Masnaga;D112;Lecco;LC;Lombardia;ITC43
097027;Crandola Valsassina;D131;Lecco;LC;Lombardia;ITC43
097028;Cremella;D143;Lecco;LC;Lombardia;ITC43
097029;Cremeno;D145;Lecco;LC;Lombardia;ITC43
097030;Dervio;D280;Lecco;LC;Lombardia;ITC43
097031;Dolzago;D327;Lecco;LC;Lombardia;ITC43
097032;Dorio;D346;Lecco;LC;Lombardia;ITC43
097033;Ello;D398;Lecco;LC;Lombardia;ITC43
097034;Erve;D428;Lecco;LC;Lombardia;ITC43
097035;Esino Lario;D436;Lecco;LC;Lombardia;ITC43
097036;Galbiate;D865;Lecco;LC;Lombardia;ITC43
097037;Garbagnate Monastero;D913;Lecco;LC;Lombardia;ITC43
097038;Garlate;D926;Lecco;LC;Lombardia;ITC43
097039;Imbersago;E287;Lecco;LC;Lombardia;ITC43
097040;Introbio;E305;Lecco;LC;Lombardia;ITC43
097042;Lecco;E507;Lecco;LC;Lombardia;ITC43
097043;Lierna;E581;Lecco;LC;Lombardia;ITC43
097044;Lomagna;E656;Lecco;LC;Lombardia;ITC43
097045;Malgrate;E858;Lecco;LC;Lombardia;ITC43
097046;Mandello del Lario;E879;Lecco;LC;Lombardia;ITC43
097047;Margno;E947;Lecco;LC;Lombardia;ITC43
097048;Merate;F133;Lecco;LC;Lombardia;ITC43
097049;Missaglia;F248;Lecco;LC;Lombardia;ITC43
097050;Moggio;F265;Lecco;LC;Lombardia;ITC43
097051;Molteno;F304;Lecco;LC;Lombardia;ITC43
097052;Monte Marenzo;F561;Lecco;LC;Lombardia;ITC43
097053;Montevecchia;F657;Lecco;LC;Lombardia;ITC43
097054;Monticello Brianza;F674;Lecco;LC;Lombardia;ITC43
097055;Morterone;F758;Lecco;LC;Lombardia;ITC43
097056;Nibionno;F887;Lecco;LC;Lombardia;ITC43
097057;Oggiono;G009;Lecco;LC;Lombardia;ITC43
097058;Olgiate Molgora;G026;Lecco;LC;Lombardia;ITC43
097059;Olginate;G030;Lecco;LC;Lombardia;ITC43
097060;Oliveto Lario;G040;Lecco;LC;Lombardia;ITC43
097061;Osnago;G161;Lecco;LC;Lombardia;ITC43
097062;Paderno d'Adda;G218;Lecco;LC;Lombardia;ITC43
097063;Pagnona;G241;Lecco;LC;Lombardia;ITC43
097064;Parlasco;G336;Lecco;LC;Lombardia;ITC43
097065;Pasturo;G368;Lecco;LC;Lombardia;ITC43
097067;Perledo;G456;Lecco;LC;Lombardia;ITC43
097068;Pescate;G485;Lecco;LC;Lombardia;ITC43
097069;Premana;H028;Lecco;LC;Lombardia;ITC43
097070;Primaluna;H063;Lecco;LC;Lombardia;ITC43
097071;Robbiate;G223;Lecco;LC;Lombardia;ITC43
097072;Rogeno;H486;Lecco;LC;Lombardia;ITC43
097074;Santa Maria Hoè;I243;Lecco;LC;Lombardia;ITC43
097075;Sirone;I759;Lecco;LC;Lombardia;ITC43
097076;Sirtori;I761;Lecco;LC;Lombardia;ITC43
097077;Sueglio;I994;Lecco;LC;Lombardia;ITC43
097078;Suello;I996;Lecco;LC;Lombardia;ITC43
097079;Taceno;L022;Lecco;LC;Lombardia;ITC43
097082;Valgreghentino;L581;Lecco;LC;Lombardia;ITC43
097083;Valmadrera;L634;Lecco;LC;Lombardia;ITC43
097084;Varenna;L680;Lecco;LC;Lombardia;ITC43
097086;Vercurago;L751;Lecco;LC;Lombardia;ITC43
097090;Viganò;L866;Lecco;LC;Lombardia;ITC43
097091;Verderio;M337;Lecco;LC;Lombardia;ITC43
097092;La Valletta Brianza;M348;Lecco;LC;Lombardia;ITC43
097093;Valvarrone;M395;Lecco;LC;Lombardia;ITC43
098001;Abbadia Cerreto;A004;Lodi;LO;Lombardia;ITC49
098002;Bertonico;A811;Lodi;LO;Lombardia;ITC49
098003;Boffalora d'Adda;A919;Lodi;LO;Lombardia;ITC49
098004;Borghetto Lodigiano;A995;Lodi;LO;Lombardia;ITC49
098005;Borgo San Giovanni;B017;Lodi;LO;Lombardia;ITC49
098006;Brembio;B141;Lodi;LO;Lombardia;ITC49
098008;Casaletto Lodigiano;B887;Lodi;LO;Lombardia;ITC49
098009;Casalmaiocco;B899;Lodi;LO;Lombardia;ITC49
098010;Casalpusterlengo;B910;Lodi;LO;Lombardia;ITC49
098011;Caselle Landi;B961;Lodi;LO;Lombardia;ITC49
098012;Caselle Lurani;B958;Lodi;LO;Lombardia;ITC49
098013;Castelnuovo Bocca d'Adda;C228;Lodi;LO;Lombardia;ITC49
098014;Castiglione d'Adda;C304;Lodi;LO;Lombardia;ITC49
098015;Castiraga Vidardo;C329;Lodi;LO;Lombardia;ITC49
098017;Cavenago d'Adda;C394;Lodi;LO;Lombardia;ITC49
098018;Cervignano d'Adda;C555;Lodi;LO;Lombardia;ITC49
098019;Codogno;C816;Lodi;LO;Lombardia;ITC49
098020;Comazzo;C917;Lodi;LO;Lombardia;ITC49
098021;Cornegliano Laudense;D021;Lodi;LO;Lombardia;ITC49
098022;Corno Giovine;D028;Lodi;LO;Lombardia;ITC49
098023;Cornovecchio;D029;Lodi;LO;Lombardia;ITC49
098024;Corte Palasio;D068;Lodi;LO;Lombardia;ITC49
098025;Crespiatica;D159;Lodi;LO;Lombardia;ITC49
098026;Fombio;D660;Lodi;LO;Lombardia;ITC49
098027;Galgagnano;D868;Lodi;LO;Lombardia;ITC49
098028;Graffignana;E127;Lodi;LO;Lombardia;ITC49
098029;Guardamiglio;E238;Lodi;LO;Lombardia;ITC49
098030;Livraga;E627;Lodi;LO;Lombardia;ITC49
098031;Lodi;E648;Lodi;LO;Lombardia;ITC49
098032;Lodi Vecchio;E651;Lodi;LO;Lombardia;ITC49
098033;Maccastorna;E777;Lodi;LO;Lombardia;ITC49
098034;Mairago;E840;Lodi;LO;Lombardia;ITC49
098035;Maleo;E852;Lodi;LO;Lombardia;ITC49
098036;Marudo;E994;Lodi;LO;Lombardia;ITC49
098037;Massalengo;F028;Lodi;LO;Lombardia;ITC49
098038;Meleti;F102;Lodi;LO;Lombardia;ITC49
098039;Merlino;F149;Lodi;LO;Lombardia;ITC49
098040;Montanaso Lombardo;F423;Lodi;LO;Lombardia;ITC49
098041;Mulazzano;F801;Lodi;LO;Lombardia;ITC49
098042;Orio Litta;G107;Lodi;LO;Lombardia;ITC49
098043;Ospedaletto Lodigiano;G166;Lodi;LO;Lombardia;ITC49
098044;Ossago Lodigiano;G171;Lodi;LO;Lombardia;ITC49
098045;Pieve Fissiraga;G096;Lodi;LO;Lombardia;ITC49
098046;Salerano sul Lambro;H701;Lodi;LO;Lombardia;ITC49
098047;San Fiorano;H844;Lodi;LO;Lombardia;ITC49
098048;San Martino in Strada;I012;Lodi;LO;Lombardia;ITC49
098049;San Rocco al Porto;I140;Lodi;LO;Lombardia;ITC49
098050;Sant'Angelo Lodigiano;I274;Lodi;LO;Lombardia;ITC49
098051;Santo Stefano Lodigiano;I362;Lodi;LO;Lombardia;ITC49
098052;Secugnago;I561;Lodi;LO;Lombardia;ITC49
098053;Senna Lodigiana;I612;Lodi;LO;Lombardia;ITC49
098054;Somaglia;I815;Lodi;LO;Lombardia;ITC49
098055;Sordio;I848;Lodi;LO;Lombardia;ITC49
098056;Tavazzano con Villavesco;F260;Lodi;LO;Lombardia;ITC49
098057;Terranova dei Passerini;L125;Lodi;LO;Lombardia;ITC49
098058;Turano Lodigiano;L469;Lodi;LO;Lombardia;ITC49
098059;Valera Fratta;L572;Lodi;LO;Lombardia;ITC49
098060;Villanova del Sillaro;L977;Lodi;LO;Lombardia;ITC49
098061;Zelo Buon Persico;M158;Lodi;LO;Lombardia;ITC49
098062;Castelgerundo;M393;Lodi;LO;Lombardia;ITC49
099001;Bellaria-Igea Marina;A747;Rimini;RN;Emilia-Romagna;ITH59
099002;Cattolica;C357;Rimini;RN;Emilia-Romagna;ITH59
099003;Coriano;D004;Rimini;RN;Emilia-Romagna;ITH59
099004;Gemmano;D961;Rimini;RN;Emilia-Romagna;ITH59
099005;Misano Adriatico;F244;Rimini;RN;Emilia-Romagna;ITH59
099006;Mondaino;F346;Rimini;RN;Emilia-Romagna;ITH59
099008;Montefiore Conca;F502;Rimini;RN;Emilia-Romagna;ITH59
099009;Montegridolfo;F523;Rimini;RN;Emilia-Romagna;ITH59
099011;Morciano di Romagna;F715;Rimini;RN;Emilia-Romagna;ITH59
099013;Riccione;H274;Rimini;RN;Emilia-Romagna;ITH59
099014;Rimini;H294;Rimini;RN;Emilia-Romagna;ITH59
099015;Saludecio;H724;Rimini;RN;Emilia-Romagna;ITH59
099016;San Clemente;H801;Rimini;RN;Emilia-Romagna;ITH59
099017;San Giovanni in Marignano;H921;Rimini;RN;Emilia-Romagna;ITH59
099018;Santarcangelo di Romagna;I304;Rimini;RN;Emilia-Romagna;ITH59
099020;Verucchio;L797;Rimini;RN;Emilia-Romagna;ITH59
099021;Casteldelci;C080;Rimini;RN;Emilia-Romagna;ITH59
099022;Maiolo;E838;Rimini;RN;Emilia-Romagna;ITH59
099023;Novafeltria;F137;Rimini;RN;Emilia-Romagna;ITH59
099024;Pennabilli;G433;Rimini;RN;Emilia-Romagna;ITH59
099025;San Leo;H949;Rimini;RN;Emilia-Romagna;ITH59
099026;Sant'Agata Feltria;I201;Rimini;RN;Emilia-Romagna;ITH59
099027;Talamello;L034;Rimini;RN;Emilia-Romagna;ITH59
099028;Poggio Torriana;M324;Rimini;RN;Emilia-Romagna;ITH59
099029;Montescudo-Monte Colombo;M368;Rimini;RN;Emilia-Romagna;ITH59
099030;Montecopiolo;F478;Rimini;RN;Emilia-Romagna;ITH59
099031;Sassofeltrio;I460;Rimini;RN;Emilia-Romagna;ITH59
100001;Cantagallo;B626;Prato;PO;Toscana;ITI15
100002;Carmignano;B794;Prato;PO;Toscana;ITI15
100003;Montemurlo;F572;Prato;PO;Toscana;ITI15
100004;Poggio a Caiano;G754;Prato;PO;Toscana;ITI15
100005;Prato;G999;Prato;PO;Toscana;ITI15
100006;Vaiano;L537;Prato;PO;Toscana;ITI15
100007;Vernio;L775;Prato;PO;Toscana;ITI15
101001;Belvedere di Spinello;A772;Crotone;KR;Calabria;ITF62
101002;Caccuri;B319;Crotone;KR;Calabria;ITF62
101003;Carfizzi;B771;Crotone;KR;Calabria;ITF62
101004;Casabona;B857;Crotone;KR;Calabria;ITF62
101005;Castelsilano;B968;Crotone;KR;Calabria;ITF62
101006;Cerenzia;C501;Crotone;KR;Calabria;ITF62
101007;Cirò;C725;Crotone;KR;Calabria;ITF62
101008;Cirò Marina;C726;Crotone;KR;Calabria;ITF62
101009;Cotronei;D123;Crotone;KR;Calabria;ITF62
101010;Crotone;D122;Crotone;KR;Calabria;ITF62
101011;Crucoli;D189;Crotone;KR;Calabria;ITF62
101012;Cutro;D236;Crotone;KR;Calabria;ITF62
101013;Isola di Capo Rizzuto;E339;Crotone;KR;Calabria;ITF62
101014;Melissa;F108;Crotone;KR;Calabria;ITF62
101015;Mesoraca;F157;Crotone;KR;Calabria;ITF62
101016;Pallagorio;G278;Crotone;KR;Calabria;ITF62
101017;Petilia Policastro;G508;Crotone;KR;Calabria;ITF62
101018;Roccabernarda;H383;Crotone;KR;Calabria;ITF62
101019;Rocca di Neto;H403;Crotone;KR;Calabria;ITF62
101020;San Mauro Marchesato;I026;Crotone;KR;Calabria;ITF62
101021;San Nicola dell'Alto;I057;Crotone;KR;Calabria;ITF62
101022;Santa Severina;I308;Crotone;KR;Calabria;ITF62
101023;Savelli;I468;Crotone;KR;Calabria;ITF62
101024;Scandale;I494;Crotone;KR;Calabria;ITF62
101025;Strongoli;I982;Crotone;KR;Calabria;ITF62
101026;Umbriatico;L492;Crotone;KR;Calabria;ITF62
101027;Verzino;L802;Crotone;KR;Calabria;ITF62
102001;Acquaro;A043;Vibo Valentia;VV;Calabria;ITF64
102002;Arena;A386;Vibo Valentia;VV;Calabria;ITF64
102003;Briatico;B169;Vibo Valentia;VV;Calabria;ITF64
102004;Brognaturo;B197;Vibo Valentia;VV;Calabria;ITF64
102005;Capistrano;B655;Vibo Valentia;VV;Calabria;ITF64
102006;Cessaniti;C581;Vibo Valentia;VV;Calabria;ITF64
102007;Dasà;D253;Vibo Valentia;VV;Calabria;ITF64
102008;Dinami;D303;Vibo Valentia;VV;Calabria;ITF64
102009;Drapia;D364;Vibo Valentia;VV;Calabria;ITF64
102010;Fabrizia;D453;Vibo Valentia;VV;Calabria;ITF64
102011;Filadelfia;D587;Vibo Valentia;VV;Calabria;ITF64
102012;Filandari;D589;Vibo Valentia;VV;Calabria;ITF64
102013;Filogaso;D596;Vibo Valentia;VV;Calabria;ITF64
102014;Francavilla Angitola;D762;Vibo Valentia;VV;Calabria;ITF64
102015;Francica;D767;Vibo Valentia;VV;Calabria;ITF64
102016;Gerocarne;D988;Vibo Valentia;VV;Calabria;ITF64
102017;Ionadi;E321;Vibo Valentia;VV;Calabria;ITF64
102018;Joppolo;E389;Vibo Valentia;VV;Calabria;ITF64
102019;Limbadi;E590;Vibo Valentia;VV;Calabria;ITF64
102020;Maierato;E836;Vibo Valentia;VV;Calabria;ITF64
102021;Mileto;F207;Vibo Valentia;VV;Calabria;ITF64
102022;Mongiana;F364;Vibo Valentia;VV;Calabria;ITF64
102023;Monterosso Calabro;F607;Vibo Valentia;VV;Calabria;ITF64
102024;Nardodipace;F843;Vibo Valentia;VV;Calabria;ITF64
102025;Nicotera;F893;Vibo Valentia;VV;Calabria;ITF64
102026;Parghelia;G335;Vibo Valentia;VV;Calabria;ITF64
102027;Pizzo;G722;Vibo Valentia;VV;Calabria;ITF64
102028;Pizzoni;G728;Vibo Valentia;VV;Calabria;ITF64
102029;Polia;G785;Vibo Valentia;VV;Calabria;ITF64
102030;Ricadi;H271;Vibo Valentia;VV;Calabria;ITF64
102031;Rombiolo;H516;Vibo Valentia;VV;Calabria;ITF64
102032;San Calogero;H785;Vibo Valentia;VV;Calabria;ITF64
102033;San Costantino Calabro;H807;Vibo Valentia;VV;Calabria;ITF64
102034;San Gregorio d'Ippona;H941;Vibo Valentia;VV;Calabria;ITF64
102035;San Nicola da Crissa;I058;Vibo Valentia;VV;Calabria;ITF64
102036;Sant'Onofrio;I350;Vibo Valentia;VV;Calabria;ITF64
102037;Serra San Bruno;I639;Vibo Valentia;VV;Calabria;ITF64
102038;Simbario;I744;Vibo Valentia;VV;Calabria;ITF64
102039;Sorianello;I853;Vibo Valentia;VV;Calabria;ITF64
102040;Soriano Calabro;I854;Vibo Valentia;VV;Calabria;ITF64
102041;Spadola;I884;Vibo Valentia;VV;Calabria;ITF64
102042;Spilinga;I905;Vibo Valentia;VV;Calabria;ITF64
102043;Stefanaconi;I945;Vibo Valentia;VV;Calabria;ITF64
102044;Tropea;L452;Vibo Valentia;VV;Calabria;ITF64
102045;Vallelonga;L607;Vibo Valentia;VV;Calabria;ITF64
102046;Vazzano;L699;Vibo Valentia;VV;Calabria;ITF64
102047;Vibo Valentia;F537;Vibo Valentia;VV;Calabria;ITF64
102048;Zaccanopoli;M138;Vibo Valentia;VV;Calabria;ITF64
102049;Zambrone;M143;Vibo Valentia;VV;Calabria;ITF64
102050;Zungri;M204;Vibo Valentia;VV;Calabria;ITF64
103001;Antrona Schieranco;A317;Verbano-Cusio-Ossola;VB;Piemonte;ITC14
103002;Anzola d'Ossola;A325;Verbano-Cusio-Ossola;VB;Piemonte;ITC14
103003;Arizzano;A409;Verbano-Cusio-Ossola;VB;Piemonte;ITC14
103004;Arola;A427;Verbano-Cusio-Ossola;VB;Piemonte;ITC14
103005;Aurano;A497;Verbano-Cusio-Ossola;VB;Piemonte;ITC14
103006;Baceno;A534;Verbano-Cusio-Ossola;VB;Piemonte;ITC14
103007;Bannio Anzino;A610;Verbano-Cusio-Ossola;VB;Piemonte;ITC14
103008;Baveno;A725;Verbano-Cusio-Ossola;VB;Piemonte;ITC14
103009;Bee;A733;Verbano-Cusio-Ossola;VB;Piemonte;ITC14
103010;Belgirate;A742;Verbano-Cusio-Ossola;VB;Piemonte;ITC14
103011;Beura-Cardezza;A834;Verbano-Cusio-Ossola;VB;Piemonte;ITC14
103012;Bognanco;A925;Verbano-Cusio-Ossola;VB;Piemonte;ITC14
103013;Brovello-Carpugnino;B207;Verbano-Cusio-Ossola;VB;Piemonte;ITC14
103014;Calasca-Castiglione;B380;Verbano-Cusio-Ossola;VB;Piemonte;ITC14
103015;Cambiasca;B463;Verbano-Cusio-Ossola;VB;Piemonte;ITC14
103016;Cannero Riviera;B610;Verbano-Cusio-Ossola;VB;Piemonte;ITC14
103017;Cannobio;B615;Verbano-Cusio-Ossola;VB;Piemonte;ITC14
103018;Caprezzo;B694;Verbano-Cusio-Ossola;VB;Piemonte;ITC14
103019;Casale Corte Cerro;B876;Verbano-Cusio-Ossola;VB;Piemonte;ITC14
103021;Ceppo Morelli;C478;Verbano-Cusio-Ossola;VB;Piemonte;ITC14
103022;Cesara;C567;Verbano-Cusio-Ossola;VB;Piemonte;ITC14
103023;Cossogno;D099;Verbano-Cusio-Ossola;VB;Piemonte;ITC14
103024;Craveggia;D134;Verbano-Cusio-Ossola;VB;Piemonte;ITC14
103025;Crevoladossola;D168;Verbano-Cusio-Ossola;VB;Piemonte;ITC14
103026;Crodo;D177;Verbano-Cusio-Ossola;VB;Piemonte;ITC14
103028;Domodossola;D332;Verbano-Cusio-Ossola;VB;Piemonte;ITC14
103029;Druogno;D374;Verbano-Cusio-Ossola;VB;Piemonte;ITC14
103031;Formazza;D706;Verbano-Cusio-Ossola;VB;Piemonte;ITC14
103032;Germagno;D984;Verbano-Cusio-Ossola;VB;Piemonte;ITC14
103033;Ghiffa;E003;Verbano-Cusio-Ossola;VB;Piemonte;ITC14
103034;Gignese;E028;Verbano-Cusio-Ossola;VB;Piemonte;ITC14
103035;Gravellona Toce;E153;Verbano-Cusio-Ossola;VB;Piemonte;ITC14
103036;Gurro;E269;Verbano-Cusio-Ossola;VB;Piemonte;ITC14
103037;Intragna;E304;Verbano-Cusio-Ossola;VB;Piemonte;ITC14
103038;Loreglia;E685;Verbano-Cusio-Ossola;VB;Piemonte;ITC14
103039;Macugnaga;E790;Verbano-Cusio-Ossola;VB;Piemonte;ITC14
103040;Madonna del Sasso;E795;Verbano-Cusio-Ossola;VB;Piemonte;ITC14
103041;Malesco;E853;Verbano-Cusio-Ossola;VB;Piemonte;ITC14
103042;Masera;F010;Verbano-Cusio-Ossola;VB;Piemonte;ITC14
103043;Massiola;F048;Verbano-Cusio-Ossola;VB;Piemonte;ITC14
103044;Mergozzo;F146;Verbano-Cusio-Ossola;VB;Piemonte;ITC14
103045;Miazzina;F192;Verbano-Cusio-Ossola;VB;Piemonte;ITC14
103046;Montecrestese;F483;Verbano-Cusio-Ossola;VB;Piemonte;ITC14
103047;Montescheno;F639;Verbano-Cusio-Ossola;VB;Piemonte;ITC14
103048;Nonio;F932;Verbano-Cusio-Ossola;VB;Piemonte;ITC14
103049;Oggebbio;G007;Verbano-Cusio-Ossola;VB;Piemonte;ITC14
103050;Omegna;G062;Verbano-Cusio-Ossola;VB;Piemonte;ITC14
103051;Ornavasso;G117;Verbano-Cusio-Ossola;VB;Piemonte;ITC14
103052;Pallanzeno;G280;Verbano-Cusio-Ossola;VB;Piemonte;ITC14
103053;Piedimulera;G600;Verbano-Cusio-Ossola;VB;Piemonte;ITC14
103054;Pieve Vergonte;G658;Verbano-Cusio-Ossola;VB;Piemonte;ITC14
103055;Premeno;H030;Verbano-Cusio-Ossola;VB;Piemonte;ITC14
103056;Premia;H033;Verbano-Cusio-Ossola;VB;Piemonte;ITC14
103057;Premosello-Chiovenda;H037;Verbano-Cusio-Ossola;VB;Piemonte;ITC14
103058;Quarna Sopra;H106;Verbano-Cusio-Ossola;VB;Piemonte;ITC14
103059;Quarna Sotto;H107;Verbano-Cusio-Ossola;VB;Piemonte;ITC14
103060;Re;H203;Verbano-Cusio-Ossola;VB;Piemonte;ITC14
103061;San Bernardino Verbano;H777;Verbano-Cusio-Ossola;VB;Piemonte;ITC14
103062;Santa Maria Maggiore;I249;Verbano-Cusio-Ossola;VB;Piemonte;ITC14
103064;Stresa;I976;Verbano-Cusio-Ossola;VB;Piemonte;ITC14
103065;Toceno;L187;Verbano-Cusio-Ossola;VB;Piemonte;ITC14
103066;Trarego Viggiona;L333;Verbano-Cusio-Ossola;VB;Piemonte;ITC14
103067;Trasquera;L336;Verbano-Cusio-Ossola;VB;Piemonte;ITC14
103068;Trontano;L450;Verbano-Cusio-Ossola;VB;Piemonte;ITC14
103069;Valstrona;L651;Verbano-Cusio-Ossola;VB;Piemonte;ITC14
103070;Vanzone con San Carlo;L666;Verbano-Cusio-Ossola;VB;Piemonte;ITC14
103071;Varzo;L691;Verbano-Cusio-Ossola;VB;Piemonte;ITC14
103072;Verbania;L746;Verbano-Cusio-Ossola;VB;Piemonte;ITC14
103074;Vignone;L889;Verbano-Cusio-Ossola;VB;Piemonte;ITC14
103075;Villadossola;L906;Verbano-Cusio-Ossola;VB;Piemonte;ITC14
103076;Villette;M042;Verbano-Cusio-Ossola;VB;Piemonte;ITC14
103077;Vogogna;M111;Verbano-Cusio-Ossola;VB;Piemonte;ITC14
103078;Borgomezzavalle;M370;Verbano-Cusio-Ossola;VB;Piemonte;ITC14
103079;Valle Cannobina;M404;Verbano-Cusio-Ossola;VB;Piemonte;ITC14
108001;Agrate Brianza;A087;Monza e della Brianza;MB;Lombardia;ITC4D
108002;Aicurzio;A096;Monza e della Brianza;MB;Lombardia;ITC4D
108003;Albiate;A159;Monza e della Brianza;MB;Lombardia;ITC4D
108004;Arcore;A376;Monza e della Brianza;MB;Lombardia;ITC4D
108005;Barlassina;A668;Monza e della Brianza;MB;Lombardia;ITC4D
108006;Bellusco;A759;Monza e della Brianza;MB;Lombardia;ITC4D
108007;Bernareggio;A802;Monza e della Brianza;MB;Lombardia;ITC4D
108008;Besana in Brianza;A818;Monza e della Brianza;MB;Lombardia;ITC4D
108009;Biassono;A849;Monza e della Brianza;MB;Lombardia;ITC4D
108010;Bovisio-Masciago;B105;Monza e della Brianza;MB;Lombardia;ITC4D
108011;Briosco;B187;Monza e della Brianza;MB;Lombardia;ITC4D
108012;Brugherio;B212;Monza e della Brianza;MB;Lombardia;ITC4D
108013;Burago di Molgora;B272;Monza e della Brianza;MB;Lombardia;ITC4D
108014;Camparada;B501;Monza e della Brianza;MB;Lombardia;ITC4D
108015;Carate Brianza;B729;Monza e della Brianza;MB;Lombardia;ITC4D
108016;Carnate;B798;Monza e della Brianza;MB;Lombardia;ITC4D
108017;Cavenago di Brianza;C395;Monza e della Brianza;MB;Lombardia;ITC4D
108018;Ceriano Laghetto;C512;Monza e della Brianza;MB;Lombardia;ITC4D
108019;Cesano Maderno;C566;Monza e della Brianza;MB;Lombardia;ITC4D
108020;Cogliate;C820;Monza e della Brianza;MB;Lombardia;ITC4D
108021;Concorezzo;C952;Monza e della Brianza;MB;Lombardia;ITC4D
108022;Correzzana;D038;Monza e della Brianza;MB;Lombardia;ITC4D
108023;Desio;D286;Monza e della Brianza;MB;Lombardia;ITC4D
108024;Giussano;E063;Monza e della Brianza;MB;Lombardia;ITC4D
108025;Lazzate;E504;Monza e della Brianza;MB;Lombardia;ITC4D
108026;Lesmo;E550;Monza e della Brianza;MB;Lombardia;ITC4D
108027;Limbiate;E591;Monza e della Brianza;MB;Lombardia;ITC4D
108028;Lissone;E617;Monza e della Brianza;MB;Lombardia;ITC4D
108029;Macherio;E786;Monza e della Brianza;MB;Lombardia;ITC4D
108030;Meda;F078;Monza e della Brianza;MB;Lombardia;ITC4D
108031;Mezzago;F165;Monza e della Brianza;MB;Lombardia;ITC4D
108032;Misinto;F247;Monza e della Brianza;MB;Lombardia;ITC4D
108033;Monza;F704;Monza e della Brianza;MB;Lombardia;ITC4D
108034;Muggiò;F797;Monza e della Brianza;MB;Lombardia;ITC4D
108035;Nova Milanese;F944;Monza e della Brianza;MB;Lombardia;ITC4D
108036;Ornago;G116;Monza e della Brianza;MB;Lombardia;ITC4D
108037;Renate;H233;Monza e della Brianza;MB;Lombardia;ITC4D
108038;Ronco Briantino;H537;Monza e della Brianza;MB;Lombardia;ITC4D
108039;Seregno;I625;Monza e della Brianza;MB;Lombardia;ITC4D
108040;Seveso;I709;Monza e della Brianza;MB;Lombardia;ITC4D
108041;Sovico;I878;Monza e della Brianza;MB;Lombardia;ITC4D
108042;Sulbiate;I998;Monza e della Brianza;MB;Lombardia;ITC4D
108043;Triuggio;L434;Monza e della Brianza;MB;Lombardia;ITC4D
108044;Usmate Velate;L511;Monza e della Brianza;MB;Lombardia;ITC4D
108045;Varedo;L677;Monza e della Brianza;MB;Lombardia;ITC4D
108046;Vedano al Lambro;L704;Monza e della Brianza;MB;Lombardia;ITC4D
108047;Veduggio con Colzano;L709;Monza e della Brianza;MB;Lombardia;ITC4D
108048;Verano Brianza;L744;Monza e della Brianza;MB;Lombardia;ITC4D
108049;Villasanta;M017;Monza e della Brianza;MB;Lombardia;ITC4D
108050;Vimercate;M052;Monza e della Brianza;MB;Lombardia;ITC4D
108051;Busnago;B289;Monza e della Brianza;MB;Lombardia;ITC4D
108052;Caponago;B671;Monza e della Brianza;MB;Lombardia;ITC4D
108053;Cornate d'Adda;D019;Monza e della Brianza;MB;Lombardia;ITC4D
108054;Lentate sul Seveso;E530;Monza e della Brianza;MB;Lombardia;ITC4D
108055;Roncello;H529;Monza e della Brianza;MB;Lombardia;ITC4D
109001;Altidona;A233;Fermo;FM;Marche;ITI35
109002;Amandola;A252;Fermo;FM;Marche;ITI35
109003;Belmonte Piceno;A760;Fermo;FM;Marche;ITI35
109004;Campofilone;B534;Fermo;FM;Marche;ITI35
109005;Falerone;D477;Fermo;FM;Marche;ITI35
109006;Fermo;D542;Fermo;FM;Marche;ITI35
109007;Francavilla d'Ete;D760;Fermo;FM;Marche;ITI35
109008;Grottazzolina;E208;Fermo;FM;Marche;ITI35
109009;Lapedona;E447;Fermo;FM;Marche;ITI35
109010;Magliano di Tenna;E807;Fermo;FM;Marche;ITI35
109011;Massa Fermana;F021;Fermo;FM;Marche;ITI35
109012;Monsampietro Morico;F379;Fermo;FM;Marche;ITI35
109013;Montappone;F428;Fermo;FM;Marche;ITI35
109014;Montefalcone Appennino;F493;Fermo;FM;Marche;ITI35
109015;Montefortino;F509;Fermo;FM;Marche;ITI35
109016;Monte Giberto;F517;Fermo;FM;Marche;ITI35
109017;Montegiorgio;F520;Fermo;FM;Marche;ITI35
109018;Montegranaro;F522;Fermo;FM;Marche;ITI35
109019;Monteleone di Fermo;F536;Fermo;FM;Marche;ITI35
109020;Montelparo;F549;Fermo;FM;Marche;ITI35
109021;Monte Rinaldo;F599;Fermo;FM;Marche;ITI35
109022;Monterubbiano;F614;Fermo;FM;Marche;ITI35
109023;Monte San Pietrangeli;F626;Fermo;FM;Marche;ITI35
109024;Monte Urano;F653;Fermo;FM;Marche;ITI35
109025;Monte Vidon Combatte;F664;Fermo;FM;Marche;ITI35
109026;Monte Vidon Corrado;F665;Fermo;FM;Marche;ITI35
109027;Montottone;F697;Fermo;FM;Marche;ITI35
109028;Moresco;F722;Fermo;FM;Marche;ITI35
109029;Ortezzano;G137;Fermo;FM;Marche;ITI35
109030;Pedaso;G403;Fermo;FM;Marche;ITI35
109031;Petritoli;G516;Fermo;FM;Marche;ITI35
109032;Ponzano di Fermo;G873;Fermo;FM;Marche;ITI35
109033;Porto San Giorgio;G920;Fermo;FM;Marche;ITI35
109034;Porto Sant'Elpidio;G921;Fermo;FM;Marche;ITI35
109035;Rapagnano;H182;Fermo;FM;Marche;ITI35
109036;Santa Vittoria in Matenano;I315;Fermo;FM;Marche;ITI35
109037;Sant'Elpidio a Mare;I324;Fermo;FM;Marche;ITI35
109038;Servigliano;C070;Fermo;FM;Marche;ITI35
109039;Smerillo;I774;Fermo;FM;Marche;ITI35
109040;Torre San Patrizio;L279;Fermo;FM;Marche;ITI35
110001;Andria;A285;Barletta-Andria-Trani;BT;Puglia;ITF48
110002;Barletta;A669;Barletta-Andria-Trani;BT;Puglia;ITF48
110003;Bisceglie;A883;Barletta-Andria-Trani;BT;Puglia;ITF48
110004;Canosa di Puglia;B619;Barletta-Andria-Trani;BT;Puglia;ITF48
110005;Margherita di Savoia;E946;Barletta-Andria-Trani;BT;Puglia;ITF48
110006;Minervino Murge;F220;Barletta-Andria-Trani;BT;Puglia;ITF48
110007;San Ferdinando di Puglia;H839;Barletta-Andria-Trani;BT;Puglia;ITF48
110008;Spinazzola;I907;Barletta-Andria-Trani;BT;Puglia;ITF48
110009;Trani;L328;Barletta-Andria-Trani;BT;Puglia;ITF48
110010;Trinitapoli;B915;Barletta-Andria-Trani;BT;Puglia;ITF48
111001;Arbus;A359;Sud Sardegna;SU;Sardegna;ITG2H
111002;Armungia;A419;Sud Sardegna;SU;Sardegna;ITG2H
111003;Ballao;A597;Sud Sardegna;SU;Sardegna;ITG2H
111004;Barrali;A677;Sud Sardegna;SU;Sardegna;ITG2H
111005;Barumini;A681;Sud Sardegna;SU;Sardegna;ITG2H
111006;Buggerru;B250;Sud Sardegna;SU;Sardegna;ITG2H
111007;Burcei;B274;Sud Sardegna;SU;Sardegna;ITG2H
111008;Calasetta;B383;Sud Sardegna;SU;Sardegna;ITG2H
111009;Carbonia;B745;Sud Sardegna;SU;Sardegna;ITG2H
111010;Carloforte;B789;Sud Sardegna;SU;Sardegna;ITG2H
111011;Castiadas;M288;Sud Sardegna;SU;Sardegna;ITG2H
111012;Collinas;C882;Sud Sardegna;SU;Sardegna;ITG2H
111013;Decimoputzu;D260;Sud Sardegna;SU;Sardegna;ITG2H
111014;Dolianova;D323;Sud Sardegna;SU;Sardegna;ITG2H
111015;Domus de Maria;D333;Sud Sardegna;SU;Sardegna;ITG2H
111016;Domusnovas;D334;Sud Sardegna;SU;Sardegna;ITG2H
111017;Donori;D344;Sud Sardegna;SU;Sardegna;ITG2H
111018;Escalaplano;D430;Sud Sardegna;SU;Sardegna;ITG2H
111019;Escolca;D431;Sud Sardegna;SU;Sardegna;ITG2H
111020;Esterzili;D443;Sud Sardegna;SU;Sardegna;ITG2H
111021;Fluminimaggiore;D639;Sud Sardegna;SU;Sardegna;ITG2H
111022;Furtei;D827;Sud Sardegna;SU;Sardegna;ITG2H
111023;Genoni;D968;Sud Sardegna;SU;Sardegna;ITG2H
111024;Genuri;D970;Sud Sardegna;SU;Sardegna;ITG2H
111025;Gergei;D982;Sud Sardegna;SU;Sardegna;ITG2H
111026;Gesico;D994;Sud Sardegna;SU;Sardegna;ITG2H
111027;Gesturi;D997;Sud Sardegna;SU;Sardegna;ITG2H
111028;Giba;E022;Sud Sardegna;SU;Sardegna;ITG2H
111029;Goni;E084;Sud Sardegna;SU;Sardegna;ITG2H
111030;Gonnesa;E086;Sud Sardegna;SU;Sardegna;ITG2H
111031;Gonnosfanadiga;E085;Sud Sardegna;SU;Sardegna;ITG2H
111032;Guamaggiore;E234;Sud Sardegna;SU;Sardegna;ITG2H
111033;Guasila;E252;Sud Sardegna;SU;Sardegna;ITG2H
111034;Guspini;E270;Sud Sardegna;SU;Sardegna;ITG2H
111035;Iglesias;E281;Sud Sardegna;SU;Sardegna;ITG2H
111036;Isili;E336;Sud Sardegna;SU;Sardegna;ITG2H
111037;Las Plassas;E464;Sud Sardegna;SU;Sardegna;ITG2H
111038;Lunamatrona;E742;Sud Sardegna;SU;Sardegna;ITG2H
111039;Mandas;E877;Sud Sardegna;SU;Sardegna;ITG2H
111040;Masainas;M270;Sud Sardegna;SU;Sardegna;ITG2H
111041;Monastir;F333;Sud Sardegna;SU;Sardegna;ITG2H
111042;Muravera;F808;Sud Sardegna;SU;Sardegna;ITG2H
111043;Musei;F822;Sud Sardegna;SU;Sardegna;ITG2H
111044;Narcao;F841;Sud Sardegna;SU;Sardegna;ITG2H
111045;Nuragus;F981;Sud Sardegna;SU;Sardegna;ITG2H
111046;Nurallao;F982;Sud Sardegna;SU;Sardegna;ITG2H
111047;Nuraminis;F983;Sud Sardegna;SU;Sardegna;ITG2H
111048;Nurri;F986;Sud Sardegna;SU;Sardegna;ITG2H
111049;Nuxis;F991;Sud Sardegna;SU;Sardegna;ITG2H
111050;Orroli;G122;Sud Sardegna;SU;Sardegna;ITG2H
111051;Ortacesus;G133;Sud Sardegna;SU;Sardegna;ITG2H
111052;Pabillonis;G207;Sud Sardegna;SU;Sardegna;ITG2H
111053;Pauli Arbarei;G382;Sud Sardegna;SU;Sardegna;ITG2H
111054;Perdaxius;G446;Sud Sardegna;SU;Sardegna;ITG2H
111055;Pimentel;G669;Sud Sardegna;SU;Sardegna;ITG2H
111056;Piscinas;M291;Sud Sardegna;SU;Sardegna;ITG2H
111057;Portoscuso;G922;Sud Sardegna;SU;Sardegna;ITG2H
111058;Sadali;H659;Sud Sardegna;SU;Sardegna;ITG2H
111059;Samassi;H738;Sud Sardegna;SU;Sardegna;ITG2H
111060;Samatzai;H739;Sud Sardegna;SU;Sardegna;ITG2H
111061;San Basilio;H766;Sud Sardegna;SU;Sardegna;ITG2H
111062;San Gavino Monreale;H856;Sud Sardegna;SU;Sardegna;ITG2H
111063;San Giovanni Suergiu;G287;Sud Sardegna;SU;Sardegna;ITG2H
111064;San Nicolò Gerrei;G383;Sud Sardegna;SU;Sardegna;ITG2H
111065;San Sperate;I166;Sud Sardegna;SU;Sardegna;ITG2H
111066;San Vito;I402;Sud Sardegna;SU;Sardegna;ITG2H
111067;Sanluri;H974;Sud Sardegna;SU;Sardegna;ITG2H
111068;Santadi;I182;Sud Sardegna;SU;Sardegna;ITG2H
111069;Sant'Andrea Frius;I271;Sud Sardegna;SU;Sardegna;ITG2H
111070;Sant'Anna Arresi;M209;Sud Sardegna;SU;Sardegna;ITG2H
111071;Sant'Antioco;I294;Sud Sardegna;SU;Sardegna;ITG2H
111072;Sardara;I428;Sud Sardegna;SU;Sardegna;ITG2H
111073;Segariu;I570;Sud Sardegna;SU;Sardegna;ITG2H
111074;Selegas;I582;Sud Sardegna;SU;Sardegna;ITG2H
111075;Senorbì;I615;Sud Sardegna;SU;Sardegna;ITG2H
111076;Serdiana;I624;Sud Sardegna;SU;Sardegna;ITG2H
111077;Serramanna;I647;Sud Sardegna;SU;Sardegna;ITG2H
111078;Serrenti;I667;Sud Sardegna;SU;Sardegna;ITG2H
111079;Serri;I668;Sud Sardegna;SU;Sardegna;ITG2H
111080;Setzu;I705;Sud Sardegna;SU;Sardegna;ITG2H
111081;Seui;I706;Sud Sardegna;SU;Sardegna;ITG2H
111082;Seulo;I707;Sud Sardegna;SU;Sardegna;ITG2H
111083;Siddi;I724;Sud Sardegna;SU;Sardegna;ITG2H
111084;Siliqua;I734;Sud Sardegna;SU;Sardegna;ITG2H
111085;Silius;I735;Sud Sardegna;SU;Sardegna;ITG2H
111086;Siurgus Donigala;I765;Sud Sardegna;SU;Sardegna;ITG2H
111087;Soleminis;I797;Sud Sardegna;SU;Sardegna;ITG2H
111088;Suelli;I995;Sud Sardegna;SU;Sardegna;ITG2H
111089;Teulada;L154;Sud Sardegna;SU;Sardegna;ITG2H
111090;Tratalias;L337;Sud Sardegna;SU;Sardegna;ITG2H
111091;Tuili;L463;Sud Sardegna;SU;Sardegna;ITG2H
111092;Turri;L473;Sud Sardegna;SU;Sardegna;ITG2H
111093;Ussana;L512;Sud Sardegna;SU;Sardegna;ITG2H
111094;Ussaramanna;L513;Sud Sardegna;SU;Sardegna;ITG2H
111095;Vallermosa;L613;Sud Sardegna;SU;Sardegna;ITG2H
111096;Villacidro;L924;Sud Sardegna;SU;Sardegna;ITG2H
111097;Villamar;L966;Sud Sardegna;SU;Sardegna;ITG2H
111098;Villamassargia;L968;Sud Sardegna;SU;Sardegna;ITG2H
111099;Villanova Tulo;L992;Sud Sardegna;SU;Sardegna;ITG2H
111100;Villanovaforru;L986;Sud Sardegna;SU;Sardegna;ITG2H
111101;Villanovafranca;L987;Sud Sardegna;SU;Sardegna;ITG2H
111102;Villaperuccio;M278;Sud Sardegna;SU;Sardegna;ITG2H
111103;Villaputzu;L998;Sud Sardegna;SU;Sardegna;ITG2H
111104;Villasalto;M016;Sud Sardegna;SU;Sardegna;ITG2H
111105;Villasimius;B738;Sud Sardegna;SU;Sardegna;ITG2H
111106;Villasor;M025;Sud Sardegna;SU;Sardegna;ITG2H
111107;Villaspeciosa;M026;Sud Sardegna;SU;Sardegna;ITG2H
